polyu_id,note_count,beat_count,is_duration_pred,has_rhythm_marked,qupai,source,volume,volume_region,volume_mode,qupai_brackets_removed
287.1,53,6,True,False,《奉時春》,月令承應,1,南詞,仙呂宮引,奉時春
287.2,53,5,True,False,《鵲橋仙（廣寒秋）》,琵琶記,1,南詞,仙呂宮引,鵲橋仙
288.1,53,7,True,False,《金雞叫》,月令承應,1,南詞,仙呂宮引,金雞叫
289.1,41,5,True,False,《探春令（景龍燈）》,月令承應,1,南詞,仙呂宮引,探春令
289.2,63,8,True,False,《望遠行》,勸善金科,1,南詞,仙呂宮引,望遠行
290.1,41,5,True,False,《天下樂（天下歡）》,勸善金科,1,南詞,仙呂宮引,天下樂
290.2,44,5,True,False,《紫蘇丸》,拜月亭,1,南詞,仙呂宮引,紫蘇丸
291.1,50,7,True,False,《似娘兒》,勸善金科,1,南詞,仙呂宮引,似娘兒
291.2,45,5,True,False,《夜行船（夜游湖）》,勸善金科,1,南詞,仙呂宮引,夜行船
292.1,37,5,True,False,《番卜算》,勸善金科,1,南詞,仙呂宮引,番卜算
292.2,47,5,True,False,《劍器令》,勸善金科,1,南詞,仙呂宮引,劍器令
293.1,79,10,True,False,《聲聲慢》,勸善金科,1,南詞,仙呂宮引,聲聲慢
294.1,52,8,True,False,《河傳（慶同天）》,明珠記,1,南詞,仙呂宮引,河傳
294.2,35,5,True,False,《卜算子（百尺樓）》,綵樓記,1,南詞,仙呂宮引,卜算子
295.1,89,12,True,False,《小蓬萊》,荊釵記,1,南詞,仙呂宮引,小蓬萊
295.2,107,10,True,False,《鷓鴣天（驪歌一疊）》,金蓮記,1,南詞,仙呂宮引,鷓鴣天
296.1,89,10,True,False,《杜韋娘》,荊釵記,1,南詞,仙呂宮引,杜韋娘
297.1,51,6,True,False,《糖多令（南樓令）》,紫釵記,1,南詞,仙呂宮引,糖多令
297.2,56,7,True,False,《夜遊宮》,牡丹亭,1,南詞,仙呂宮引,夜遊宮
298.1,75,10,True,False,《洞房春》,三元記,1,南詞,仙呂宮引,洞房春
299.1,100,10,True,False,《踏莎行》,三元記,1,南詞,仙呂宮引,踏莎行
300.1,176,21,True,False,《踈簾淡月（桂枝香）》,張輯詞,1,南詞,仙呂宮引,踈簾淡月
301.1,163,21,True,False,《八聲甘州（瀟湘雨）》,柳永詞,1,南詞,仙呂宮引,八聲甘州
302.1,91,12,True,False,《花心動（好心動）》,荊釵記,1,南詞,仙呂宮引,花心動
303.1,88,11,True,False,《花心動（好心動）》,琵琶記,1,南詞,仙呂宮引,花心動
304.1,93,11,True,False,《珍珠簾》,紫釵記,1,南詞,仙呂宮引,珍珠簾
305.1,90,10,True,False,《珍珠簾》,臥冰記,1,南詞,仙呂宮引,珍珠簾
306.1,58,7,True,False,《風入松慢》,一種情,1,南詞,仙呂宮引,風入松慢
306.2,94,9,True,False,《謁金門（垂楊碧）》,琵琶記,1,南詞,仙呂宮引,謁金門
307.1,67,9,True,False,《五供養》,綵樓記,1,南詞,仙呂宮引,五供養
307.2,71,9,True,False,《五供養》,拜月亭,1,南詞,仙呂宮引,五供養
308.1,90,11,True,False,《月上海棠》,東墻記,1,南詞,仙呂宮引,月上海棠
309.1,40,5,True,False,《海棠春（海棠花）》,水滸記,1,南詞,仙呂宮引,海棠春
310.1,59,8,True,False,《金瓏璁》,玉鏡記,1,南詞,仙呂宮引,金瓏璁
310.2,66,8,True,False,《惜奴嬌》,人獸關,1,南詞,仙呂宮引,惜奴嬌
311.1,54,5,True,False,《胡搗練（搖練子）》,殺狗記,1,南詞,仙呂宮引,胡搗練
311.2,41,5,True,False,《胡搗練（搖練子）》,琵琶記,1,南詞,仙呂宮引,胡搗練
312.1,76,9,True,False,《西河柳》,寶劍記,1,南詞,仙呂宮引,西河柳
312.2,34,5,True,False,《西河柳》,贈書記,1,南詞,仙呂宮引,西河柳
331.1,118,50,True,True,《步步嬌（潘妃曲）》,月令承應,2,南詞,仙呂宮正曲,步步嬌
331.2,73,27,True,True,《步步嬌（潘妃曲）》,琵琶記,2,南詞,仙呂宮正曲,步步嬌
332.1,128,48,True,True,《步步嬌（潘妃曲）》,散曲,2,南詞,仙呂宮正曲,步步嬌
333.1,130,50,True,True,《步步嬌（潘妃曲）》,散曲,2,南詞,仙呂宮正曲,步步嬌
333.2,144,50,True,True,《步步嬌（潘妃曲）》,牡丹亭,2,南詞,仙呂宮正曲,步步嬌
334.1,133,50,True,True,《步步嬌（潘妃曲）》,占花魁,2,南詞,仙呂宮正曲,步步嬌
336.1,178,87,True,True,《江兒水（岷江綠）》,月令承應,2,南詞,仙呂宮正曲,江兒水
337.1,107,47,True,True,《江兒水（岷江綠）》,金雀記,2,南詞,仙呂宮正曲,江兒水
337.2,161,81,True,True,《江兒水（岷江綠）》,荊釵記,2,南詞,仙呂宮正曲,江兒水
338.1,58,33,True,True,《古江兒水》,琵琶記,2,南詞,仙呂宮正曲,古江兒水
339.1,59,34,True,True,《古江兒水》,醉菩提,2,南詞,仙呂宮正曲,古江兒水
340.1,106,49,True,True,《皂羅袍（烏衣令、問花袍子）》,月令承應,2,南詞,仙呂宮正曲,皂羅袍
341.1,110,49,True,True,《皂羅袍（烏衣令、問花袍子）》,綵樓記,2,南詞,仙呂宮正曲,皂羅袍
341.2,146,59,True,True,《古皂羅袍》,臥冰記,2,南詞,仙呂宮正曲,古皂羅袍
343.1,129,51,True,True,《古皂羅袍》,殺狗記,2,南詞,仙呂宮正曲,古皂羅袍
344.1,73,34,True,True,《古皂羅袍》,殺狗記,2,南詞,仙呂宮正曲,古皂羅袍
344.2,79,34,True,True,《好姐姐》,月令承應,2,南詞,仙呂宮正曲,好姐姐
345.1,157,78,True,True,《好姐姐》,荊釵記,2,南詞,仙呂宮正曲,好姐姐
346.1,87,38,True,True,《好姐姐》,琵琶記,2,南詞,仙呂宮正曲,好姐姐
347.1,109,39,True,True,《好姐姐》,散曲,2,南詞,仙呂宮正曲,好姐姐
348.1,128,55,True,True,《美中美》,月令承應,2,南詞,仙呂宮正曲,美中美
349.1,89,29,True,True,《美中美》,梅嶺記,2,南詞,仙呂宮正曲,美中美
349.2,115,54,True,True,《天下樂（天下歡）》,月令承應,2,南詞,仙呂宮正曲,天下樂
350.1,89,53,True,True,《天下樂（天下歡）》,白兔記,2,南詞,仙呂宮正曲,天下樂
351.1,261,137,True,True,《河傳序》,月令承應,2,南詞,仙呂宮正曲,河傳序
352.1,171,67,True,True,《河傳序》,月令承應,2,南詞,仙呂宮正曲,河傳序
354.1,163,79,True,True,《玉連環》,月令承應,2,南詞,仙呂宮正曲,玉連環
355.1,110,42,True,True,《玉連環》,月令承應,2,南詞,仙呂宮正曲,玉連環
356.1,170,80,True,True,《玉連環》,明珠記,2,南詞,仙呂宮正曲,玉連環
356.2,101,40,True,True,《玉連環》,明珠記,2,南詞,仙呂宮正曲,玉連環
357.1,153,73,True,True,《傍粧臺（臨鏡序）》,月令承應,2,南詞,仙呂宮正曲,傍粧臺
358.1,153,84,True,True,《傍粧臺（臨鏡序）》,節孝記,2,南詞,仙呂宮正曲,傍粧臺
359.1,106,36,True,True,《傍粧臺（臨鏡序）》,綱常記,2,南詞,仙呂宮正曲,傍粧臺
360.1,222,95,True,True,《春從天上來》,月令承應,2,南詞,仙呂宮正曲,春從天上來
361.1,114,51,True,True,《春從天上來》,散曲,2,南詞,仙呂宮正曲,春從天上來
362.1,138,64,True,True,《安樂神》,月令承應,2,南詞,仙呂宮正曲,安樂神
362.2,58,34,True,True,《安樂神》,散曲,2,南詞,仙呂宮正曲,安樂神
363.1,177,88,True,True,《桂枝香（踈簾淡月）》,琵琶記,2,南詞,仙呂宮正曲,桂枝香
364.1,193,90,True,True,《桂枝香（踈簾淡月）》,紅梨記,2,南詞,仙呂宮正曲,桂枝香
365.1,191,86,True,True,《桂枝香（踈簾淡月）》,玉簪記,2,南詞,仙呂宮正曲,桂枝香
366.1,117,56,True,True,《掉角兒序》,月令承應,2,南詞,仙呂宮正曲,掉角兒序
367.1,92,56,True,True,《掉角兒序》,玉簪記,2,南詞,仙呂宮正曲,掉角兒序
368.1,84,54,True,True,《掉角兒序》,散曲,2,南詞,仙呂宮正曲,掉角兒序
369.1,121,58,True,True,《望吾鄉》,月令承應,2,南詞,仙呂宮正曲,望吾鄉
370.1,110,46,True,True,《望吾鄉》,八義記,2,南詞,仙呂宮正曲,望吾鄉
370.2,86,41,True,True,《一盆花》,梅嶺記,2,南詞,仙呂宮正曲,一盆花
371.1,75,42,True,True,《一盆花》,牧羊記,2,南詞,仙呂宮正曲,一盆花
372.1,169,53,True,True,《鵝鴨滿渡船》,長生殿,2,南詞,仙呂宮正曲,鵝鴨滿渡船
373.1,158,59,True,True,《鵝鴨滿渡船》,慶有餘,2,南詞,仙呂宮正曲,鵝鴨滿渡船
374.1,171,55,True,True,《鵝鴨滿渡船》,散曲,2,南詞,仙呂宮正曲,鵝鴨滿渡船
375.1,93,38,True,True,《鵝鴨滿渡船》,孤兒記,2,南詞,仙呂宮正曲,鵝鴨滿渡船
376.1,82,34,True,True,《赤馬兒》,永團圓,2,南詞,仙呂宮正曲,赤馬兒
377.1,76,32,True,True,《赤馬兒》,長生殿,2,南詞,仙呂宮正曲,赤馬兒
378.1,62,34,True,True,《抝芝蔴》,永團圓,2,南詞,仙呂宮正曲,抝芝蔴
379.1,77,39,True,True,《青歌兒》,法宮雅奏,2,南詞,仙呂宮正曲,青歌兒
380.1,36,15,True,True,《青歌兒》,殺狗記,2,南詞,仙呂宮正曲,青歌兒
380.2,31,16,True,True,《青歌兒》,牧羊記,2,南詞,仙呂宮正曲,青歌兒
381.1,34,17,True,True,《青歌兒》,荊釵記,2,南詞,仙呂宮正曲,青歌兒
382.1,112,44,True,True,《錦上花》,月令承應,2,南詞,仙呂宮正曲,錦上花
382.2,92,44,True,True,《錦上花》,殺狗記,2,南詞,仙呂宮正曲,錦上花
384.1,94,53,True,True,《青天歌》,月令承應,2,南詞,仙呂宮正曲,青天歌
384.2,104,56,True,True,《青天歌》,月令承應,2,南詞,仙呂宮正曲,青天歌
385.1,38,19,True,True,《青天歌》,千金記,2,南詞,仙呂宮正曲,青天歌
385.2,40,19,True,True,《青天歌》,紅拂記,2,南詞,仙呂宮正曲,青天歌
386.1,122,48,True,True,《醉扶歸》,月令承應,2,南詞,仙呂宮正曲,醉扶歸
387.1,136,48,True,True,《醉扶歸》,牡丹亭,2,南詞,仙呂宮正曲,醉扶歸
388.1,126,46,True,True,《醉扶歸》,琵琶記,2,南詞,仙呂宮正曲,醉扶歸
389.1,91,25,True,True,《醉扶歸》,江流記,2,南詞,仙呂宮正曲,醉扶歸
390.1,113,52,True,True,《園林好》,月令承應,2,南詞,仙呂宮正曲,園林好
390.2,118,54,True,True,《園林好》,琵琶記,2,南詞,仙呂宮正曲,園林好
390.3,119,62,True,True,《園林好》,琵琶記,2,南詞,仙呂宮正曲,園林好
391.1,87,47,True,True,《月上海棠》,憐香伴,2,南詞,仙呂宮正曲,月上海棠
392.1,156,86,True,True,《月上海棠》,拜月亭,2,南詞,仙呂宮正曲,月上海棠
393.1,126,47,True,True,《三月海棠》,牡丹亭,2,南詞,仙呂宮正曲,三月海棠
393.2,81,49,True,True,《三月海棠》,拜月亭,2,南詞,仙呂宮正曲,三月海棠
394.1,141,55,True,True,《月兒高（攤破月兒高）》,月令承應,2,南詞,仙呂宮正曲,月兒高
395.1,93,30,True,True,《月兒高（攤破月兒高）》,月令承應,2,南詞,仙呂宮正曲,月兒高
395.2,132,56,True,True,《月兒高（攤破月兒高）》,錦香亭,2,南詞,仙呂宮正曲,月兒高
396.1,141,54,True,True,《月兒高（攤破月兒高）》,牡丹亭,2,南詞,仙呂宮正曲,月兒高
397.1,185,75,True,True,《長拍》,勸善金科,2,南詞,仙呂宮正曲,長拍
398.1,183,78,True,True,《長拍》,西樓記,2,南詞,仙呂宮正曲,長拍
399.1,199,76,True,True,《長拍》,永團圓,2,南詞,仙呂宮正曲,長拍
400.1,108,45,True,True,《短拍》,勸善金科,2,南詞,仙呂宮正曲,短拍
401.1,111,46,True,True,《短拍》,金雀記,2,南詞,仙呂宮正曲,短拍
402.1,122,45,True,True,《短拍》,紫釵記,2,南詞,仙呂宮正曲,短拍
403.1,174,97,True,True,《八聲甘州（瀟瀟雨）》,月令承應,2,南詞,仙呂宮正曲,八聲甘州
403.2,176,97,True,True,《八聲甘州（瀟瀟雨）》,荊釵記,2,南詞,仙呂宮正曲,八聲甘州
404.1,94,54,True,True,《八聲甘州（瀟瀟雨）》,牡丹亭,2,南詞,仙呂宮正曲,八聲甘州
405.1,191,110,True,True,《八聲甘州（瀟瀟雨）》,荊釵記,2,南詞,仙呂宮正曲,八聲甘州
405.2,137,58,True,True,《八聲甘州（瀟瀟雨）》,散曲,2,南詞,仙呂宮正曲,八聲甘州
406.1,94,42,True,True,《川撥棹》,月令承應,2,南詞,仙呂宮正曲,川撥棹
407.1,77,41,True,True,《川撥棹》,連環記,2,南詞,仙呂宮正曲,川撥棹
408.1,111,46,True,True,《川撥棹》,西廂記,2,南詞,仙呂宮正曲,川撥棹
409.1,75,41,True,True,《川撥棹》,浣紗記,2,南詞,仙呂宮正曲,川撥棹
410.1,228,117,True,True,《小揩大》,月令承應,2,南詞,仙呂宮正曲,小揩大
411.1,156,57,True,True,《小揩大》,牡丹亭,2,南詞,仙呂宮正曲,小揩大
411.2,230,114,True,True,《小揩大》,太平錢,2,南詞,仙呂宮正曲,小揩大
441.1,118,62,True,True,《風入松慢》,月令承應,3,南詞,仙呂宮正曲,風入松慢
442.1,84,39,True,True,《風入松慢》,紅梨記,3,南詞,仙呂宮正曲,風入松慢
442.2,78,38,True,True,《風入松慢》,浣紗記,3,南詞,仙呂宮正曲,風入松慢
443.1,126,61,True,True,《風入松（遠山橫）》,月令承應,3,南詞,仙呂宮正曲,風入松
444.1,79,39,True,True,《風入松（遠山橫）》,月令承應,3,南詞,仙呂宮正曲,風入松
444.2,62,32,True,True,《風入松（遠山橫）》,雙紅記,3,南詞,仙呂宮正曲,風入松
445.1,49,24,True,True,《急三鎗》,義俠記,3,南詞,仙呂宮正曲,急三鎗
446.1,45,24,True,True,《急三鎗》,琵琶記,3,南詞,仙呂宮正曲,急三鎗
447.1,85,41,True,True,《五韻美》,月令承應,3,南詞,仙呂宮正曲,五韻美
448.1,64,30,True,True,《解連環（杏梁燕）》,月令承應,3,南詞,仙呂宮正曲,解連環
449.1,65,32,True,True,《解連環（杏梁燕）》,殺狗記,3,南詞,仙呂宮正曲,解連環
449.2,42,25,True,True,《大齋郎》,月令承應,3,南詞,仙呂宮正曲,大齋郎
450.1,60,31,True,True,《大齋郎》,江天雪,3,南詞,仙呂宮正曲,大齋郎
450.2,55,28,True,True,《大齋郎》,拜月亭,3,南詞,仙呂宮正曲,大齋郎
451.1,175,82,True,True,《十五郎》,勸善金科,3,南詞,仙呂宮正曲,十五郎
452.1,105,42,True,True,《十五郎》,梅嶺記,3,南詞,仙呂宮正曲,十五郎
453.1,107,44,True,True,《十五郎》,孤兒記,3,南詞,仙呂宮正曲,十五郎
454.1,175,99,True,True,《一封書（秋江送別）》,勸善金科,3,南詞,仙呂宮正曲,一封書
455.1,74,49,True,True,《一封書（秋江送別）》,琵琶記,3,南詞,仙呂宮正曲,一封書
455.2,58,38,True,True,《一封書（秋江送別）》,散曲,3,南詞,仙呂宮正曲,一封書
456.1,254,109,True,True,《疊字錦》,月令承應,3,南詞,仙呂宮正曲,疊字錦
458.1,249,109,True,True,《疊字錦》,臥冰記,3,南詞,仙呂宮正曲,疊字錦
459.1,141,57,True,True,《疊字錦》,醉菩提,3,南詞,仙呂宮正曲,疊字錦
460.1,90,28,True,True,《疊字錦》,殺狗記,3,南詞,仙呂宮正曲,疊字錦
461.1,71,24,True,True,《疊字錦》,江天雪,3,南詞,仙呂宮正曲,疊字錦
462.1,135,63,True,True,《上馬踢》,月令承應,3,南詞,仙呂宮正曲,上馬踢
462.2,99,32,True,True,《上馬踢》,月令承應,3,南詞,仙呂宮正曲,上馬踢
463.1,151,55,True,True,《蠻江令（鑾江令）》,月令承應,3,南詞,仙呂宮正曲,蠻江令
464.1,89,28,True,True,《蠻江令（鑾江令）》,拜月亭,3,南詞,仙呂宮正曲,蠻江令
465.1,130,61,True,True,《凉草蟲（狼草蟲）》,月令承應,3,南詞,仙呂宮正曲,凉草蟲
466.1,67,31,True,True,《凉草蟲（狼草蟲）》,拜月亭,3,南詞,仙呂宮正曲,凉草蟲
466.2,57,21,True,True,《臘梅花》,月令承應,3,南詞,仙呂宮正曲,臘梅花
467.1,41,24,True,True,《臘梅花》,琵琶記,3,南詞,仙呂宮正曲,臘梅花
467.2,35,22,True,True,《臘梅花》,荊釵記,3,南詞,仙呂宮正曲,臘梅花
468.1,198,96,True,True,《木丫牙（木丫义）》,月令承應,3,南詞,仙呂宮正曲,木丫牙
469.1,122,50,True,True,《木丫牙（木丫义）》,梅嶺記,3,南詞,仙呂宮正曲,木丫牙
470.1,57,29,True,True,《油核桃（油葫蘆）》,月令承應,3,南詞,仙呂宮正曲,油核桃
471.1,64,28,True,True,《油核桃（油葫蘆）》,綵樓記,3,南詞,仙呂宮正曲,油核桃
471.2,59,30,True,True,《油核桃（油葫蘆）》,水滸記,3,南詞,仙呂宮正曲,油核桃
472.1,68,33,True,True,《鴈兒》,散曲,3,南詞,仙呂宮正曲,鴈兒
473.1,50,27,True,True,《鴈兒》,散曲,3,南詞,仙呂宮正曲,鴈兒
473.2,96,46,True,True,《鴈兒舞》,法宮雅奏,3,南詞,仙呂宮正曲,鴈兒舞
474.1,39,23,True,True,《鴈兒舞》,綵樓記,3,南詞,仙呂宮正曲,鴈兒舞
475.1,43,22,True,True,《鴈兒舞》,琵琶記,3,南詞,仙呂宮正曲,鴈兒舞
475.2,36,26,True,True,《光光乍》,月令承應,3,南詞,仙呂宮正曲,光光乍
476.1,45,26,True,True,《光光乍》,釵釧記,3,南詞,仙呂宮正曲,光光乍
476.2,35,26,True,True,《光光乍》,綵樓記,3,南詞,仙呂宮正曲,光光乍
477.1,138,56,True,True,《解三醒》,九九大慶,3,南詞,仙呂宮正曲,解三醒
478.1,138,56,True,True,《解三醒》,荊釵記,3,南詞,仙呂宮正曲,解三醒
478.2,131,52,True,True,《解三醒》,九九大慶,3,南詞,仙呂宮正曲,解三醒
480.1,220,109,True,True,《鍼線箱》,月令承應,3,南詞,仙呂宮正曲,鍼線箱
481.1,116,55,True,True,《鍼線箱》,東墻記,3,南詞,仙呂宮正曲,鍼線箱
482.1,101,48,True,True,《古鍼線箱》,殺狗記,3,南詞,仙呂宮正曲,古鍼線箱
483.1,66,32,True,True,《番鼓兒》,月令承應,3,南詞,仙呂宮正曲,番鼓兒
484.1,65,30,True,True,《番鼓兒》,拜月亭,3,南詞,仙呂宮正曲,番鼓兒
485.1,62,32,True,True,《番鼓兒》,綵樓記,3,南詞,仙呂宮正曲,番鼓兒
486.1,74,40,True,True,《三囑咐》,九九大慶,3,南詞,仙呂宮正曲,三囑咐
486.2,69,36,True,True,《三囑咐》,節孝記,3,南詞,仙呂宮正曲,三囑咐
487.1,158,86,True,True,《黑麻序（蛤蟆序）》,九九大慶,3,南詞,仙呂宮正曲,黑麻序
488.1,127,49,True,True,《黑麻序（蛤蟆序）》,九九大慶,3,南詞,仙呂宮正曲,黑麻序
489.1,160,86,True,True,《黑麻序（蛤蟆序）》,散曲,3,南詞,仙呂宮正曲,黑麻序
490.1,90,44,True,True,《黑麻序（蛤蟆序）》,琵琶記,3,南詞,仙呂宮正曲,黑麻序
491.1,174,96,True,True,《惜奴嬌序》,勸善金科,3,南詞,仙呂宮正曲,惜奴嬌序
492.1,117,56,True,True,《惜奴嬌序》,勸善金科,3,南詞,仙呂宮正曲,惜奴嬌序
492.2,172,86,True,True,《曉行序（夜行船序）》,勸善金科,3,南詞,仙呂宮正曲,曉行序
493.1,106,51,True,True,《曉行序（夜行船序）》,翫江樓,3,南詞,仙呂宮正曲,曉行序
494.1,135,55,True,True,《錦衣香（琴家弄）》,勸善金科,3,南詞,仙呂宮正曲,錦衣香
495.1,84,50,True,True,《錦衣香（琴家弄）》,殺狗記,3,南詞,仙呂宮正曲,錦衣香
497.1,104,56,True,True,《漿水令》,勸善金科,3,南詞,仙呂宮正曲,漿水令
498.1,97,62,True,True,《漿水令》,拜月亭,3,南詞,仙呂宮正曲,漿水令
499.1,88,48,True,True,《花心動序》,金印記,3,南詞,仙呂宮正曲,花心動序
500.1,100,54,True,True,《花心動序》,散曲,3,南詞,仙呂宮正曲,花心動序
501.1,66,30,True,True,《喜還京》,法宮雅奏,3,南詞,仙呂宮正曲,喜還京
501.2,55,29,True,True,《喜還京》,東墻記,3,南詞,仙呂宮正曲,喜還京
502.1,49,30,True,True,《喜還京》,散曲,3,南詞,仙呂宮正曲,喜還京
503.1,43,25,True,True,《勝葫蘆（大河蟹）》,勸善金科,3,南詞,仙呂宮正曲,勝葫蘆
503.2,36,24,True,True,《勝葫蘆（大河蟹）》,浣紗記,3,南詞,仙呂宮正曲,勝葫蘆
504.1,242,106,True,True,《雌雄畫眉》,臥冰記,3,南詞,仙呂宮正曲,雌雄畫眉
505.1,122,45,True,True,《山東劉袞》,臥冰記,3,南詞,仙呂宮正曲,山東劉袞
507.1,62,31,True,True,《五方鬼》,梅嶺記,3,南詞,仙呂宮正曲,五方鬼
507.2,69,29,True,True,《胡女怨》,梅嶺記,3,南詞,仙呂宮正曲,胡女怨
508.1,30,14,True,True,《鐵騎兒（簷前馬）》,勸善金科,3,南詞,仙呂宮正曲,鐵騎兒
508.2,34,18,True,True,《鐵騎兒（簷前馬）》,綈袍記,3,南詞,仙呂宮正曲,鐵騎兒
509.1,98,43,True,True,《醉翁子（醉公子）》,九九大慶,3,南詞,仙呂宮正曲,醉翁子
510.1,157,77,True,True,《醉翁子（醉公子）》,錦香囊,3,南詞,仙呂宮正曲,醉翁子
510.2,91,44,True,True,《醉翁子（醉公子）》,琵琶記,3,南詞,仙呂宮正曲,醉翁子
511.1,49,25,True,True,《僥僥令（彩旗兒）》,勸善金科,3,南詞,仙呂宮正曲,僥僥令
512.1,54,29,True,True,《僥僥令（彩旗兒）》,金雀記,3,南詞,仙呂宮正曲,僥僥令
513.1,69,39,True,True,《綵衣舞》,月令承應,3,南詞,仙呂宮正曲,綵衣舞
514.1,95,49,True,True,《豆葉黃》,勸善金科,3,南詞,仙呂宮正曲,豆葉黃
514.2,84,49,True,True,《豆葉黃》,拜月亭,3,南詞,仙呂宮正曲,豆葉黃
515.1,77,37,True,True,《豆葉黃》,殺狗記,3,南詞,仙呂宮正曲,豆葉黃
516.1,88,58,True,True,《玉嬌枝》,勸善金科,3,南詞,仙呂宮正曲,玉嬌枝
517.1,152,59,True,True,《玉嬌枝》,牡丹亭,3,南詞,仙呂宮正曲,玉嬌枝
518.1,106,56,True,True,《玉嬌枝》,琵琶記,3,南詞,仙呂宮正曲,玉嬌枝
519.1,105,40,True,True,《玉胞肚》,勸善金科,3,南詞,仙呂宮正曲,玉胞肚
520.1,96,40,True,True,《玉胞肚》,金雀記,3,南詞,仙呂宮正曲,玉胞肚
520.2,49,36,True,True,《六么令（綠腰）》,勸善金科,3,南詞,仙呂宮正曲,六么令
521.1,55,38,True,True,《六么令（綠腰）》,琵琶記,3,南詞,仙呂宮正曲,六么令
522.1,61,37,True,True,《么令》,拜月亭,3,南詞,仙呂宮正曲,么令
522.2,102,37,True,True,《么令》,牡丹亭,3,南詞,仙呂宮正曲,么令
524.1,95,51,True,True,《五供養》,勸善金科,3,南詞,仙呂宮正曲,五供養
524.2,118,53,True,True,《五供養》,琵琶記,3,南詞,仙呂宮正曲,五供養
525.1,77,50,True,True,《五供養》,殺狗記,3,南詞,仙呂宮正曲,五供養
526.1,58,42,True,True,《五供養》,白兔記,3,南詞,仙呂宮正曲,五供養
526.2,112,47,True,True,《五供養》,琵琶記,3,南詞,仙呂宮正曲,五供養
528.1,172,68,True,True,《金盞兒》,太平圖,3,南詞,仙呂宮正曲,金盞兒
529.1,261,130,True,True,《金盞兒》,散曲,3,南詞,仙呂宮正曲,金盞兒
531.1,181,91,True,True,《悞佳期》,月令承應,3,南詞,仙呂宮正曲,悞佳期
532.1,117,48,True,True,《悞佳期》,月令承應,3,南詞,仙呂宮正曲,悞佳期
532.2,127,43,True,True,《悞佳期》,拜月亭,3,南詞,仙呂宮正曲,悞佳期
534.1,159,74,True,True,《忒忒令》,太平圖,3,南詞,仙呂宮正曲,忒忒令
534.2,129,58,True,True,《忒忒令》,琵琶記,3,南詞,仙呂宮正曲,忒忒令
535.1,147,70,True,True,《忒忒令》,散曲,3,南詞,仙呂宮正曲,忒忒令
536.1,188,90,True,True,《沉醉東風》,太平圖,3,南詞,仙呂宮正曲,沉醉東風
537.1,180,91,True,True,《沉醉東風》,繡襦記,3,南詞,仙呂宮正曲,沉醉東風
537.2,125,46,True,True,《沉醉東風》,拜月亭,3,南詞,仙呂宮正曲,沉醉東風
538.1,111,56,True,True,《嘉慶子》,太平圖,3,南詞,仙呂宮正曲,嘉慶子
539.1,125,57,True,True,《嘉慶子》,牡丹亭,3,南詞,仙呂宮正曲,嘉慶子
539.2,60,32,True,True,《嘉慶子》,散曲,3,南詞,仙呂宮正曲,嘉慶子
540.1,101,51,True,True,《尹令（么遍）》,太平圖,3,南詞,仙呂宮正曲,尹令
541.1,108,56,True,True,《尹令（么遍）》,拜月亭,3,南詞,仙呂宮正曲,尹令
541.2,120,56,True,True,《尹令（么遍）》,牡丹亭,3,南詞,仙呂宮正曲,尹令
542.1,99,39,True,True,《品令》,太平圖,3,南詞,仙呂宮正曲,品令
543.1,82,36,True,True,《品令》,荊釵記,3,南詞,仙呂宮正曲,品令
543.2,147,78,True,True,《桃紅菊（鶯踏花）》,散曲,3,南詞,仙呂宮正曲,桃紅菊
544.1,71,38,True,True,《桃紅菊（鶯踏花）》,散曲,3,南詞,仙呂宮正曲,桃紅菊
545.1,126,68,True,True,《十二嬌》,太平圖,3,南詞,仙呂宮正曲,十二嬌
545.2,53,34,True,True,《十二嬌》,焚香記,3,南詞,仙呂宮正曲,十二嬌
546.1,92,43,True,True,《元卜算》,太平圖,3,南詞,仙呂宮正曲,元卜算
546.2,45,20,True,True,《元卜算》,散曲,3,南詞,仙呂宮正曲,元卜算
547.1,55,25,True,True,《望梅花》,太平圖,3,南詞,仙呂宮正曲,望梅花
547.2,48,24,True,True,《望梅花》,拜月亭,3,南詞,仙呂宮正曲,望梅花
548.1,170,82,True,True,《雙蝴蝶（兩蝴蝶）》,太平圖,3,南詞,仙呂宮正曲,雙蝴蝶
549.1,174,80,True,True,《雙蝴蝶（兩蝴蝶）》,太平圖,3,南詞,仙呂宮正曲,雙蝴蝶
550.1,212,103,True,True,《雙蝴蝶（兩蝴蝶）》,散曲,3,南詞,仙呂宮正曲,雙蝴蝶
550.2,81,43,True,True,《雙蝴蝶（兩蝴蝶）》,水滸記,3,南詞,仙呂宮正曲,雙蝴蝶
552.1,117,55,True,True,《金娥神曲》,太平圖,3,南詞,仙呂宮正曲,金娥神曲
552.2,68,30,True,True,《金娥神曲》,散曲,3,南詞,仙呂宮正曲,金娥神曲
553.1,70,40,True,True,《賽紅娘》,崑崙索,3,南詞,仙呂宮正曲,賽紅娘
553.2,58,32,True,True,《賽紅娘》,綵樓記,3,南詞,仙呂宮正曲,賽紅娘
554.1,83,46,True,True,《川豆葉》,桃花記,3,南詞,仙呂宮正曲,川豆葉
555.1,200,110,True,True,《晝錦堂》,臥冰記,3,南詞,仙呂宮正曲,晝錦堂
556.1,131,62,True,True,《晝錦堂》,臥冰記,3,南詞,仙呂宮正曲,晝錦堂
557.1,116,52,True,True,《紅林檎》,太平圖,3,南詞,仙呂宮正曲,紅林檎
557.2,180,103,True,True,《紅林檎》,臥冰記,3,南詞,仙呂宮正曲,紅林檎
558.1,87,38,True,True,《福青歌》,臥冰記,3,南詞,仙呂宮正曲,福青歌
559.1,79,35,True,True,《福青歌》,臥冰記,3,南詞,仙呂宮正曲,福青歌
560.1,173,81,True,True,《一機錦》,散曲,3,南詞,仙呂宮正曲,一機錦
561.1,111,41,True,True,《一機錦》,散曲,3,南詞,仙呂宮正曲,一機錦
562.1,127,75,True,True,《四換頭》,荊釵記,3,南詞,仙呂宮正曲,四換頭
563.1,122,48,True,True,《惜黃花》,拜月亭,3,南詞,仙呂宮正曲,惜黃花
564.1,40,26,True,True,《碧牡丹》,臥冰記,3,南詞,仙呂宮正曲,碧牡丹
565.1,135,49,True,True,《西河柳》,散曲,3,南詞,仙呂宮正曲,西河柳
566.1,119,49,True,True,《西河柳》,散曲,3,南詞,仙呂宮正曲,西河柳
567.1,60,34,True,True,《感亭秋（撼亭秋）》,拜月亭,3,南詞,仙呂宮正曲,感亭秋
567.2,53,32,True,True,《感亭秋（撼亭秋）》,拜月亭,3,南詞,仙呂宮正曲,感亭秋
568.1,63,34,True,True,《感亭秋（撼亭秋）》,綵樓記,3,南詞,仙呂宮正曲,感亭秋
569.1,92,37,True,True,《對玉環》,東郭記,3,南詞,仙呂宮正曲,對玉環
569.2,61,28,True,True,《清江引（清河水）》,連環記,3,南詞,仙呂宮正曲,清江引
570.1,107,27,True,True,《不是路》,荊釵記,3,南詞,仙呂宮正曲,不是路
571.1,112,20,True,False,《惜花賺》,牡丹亭,3,南詞,仙呂宮正曲,惜花賺
572.1,94,25,True,True,《薄媚賺》,節孝記,3,南詞,仙呂宮正曲,薄媚賺
572.2,148,31,True,True,《本宮賺》,月令承應,3,南詞,仙呂宮正曲,本宮賺
574.1,49,20,True,True,《情未斷煞》,琵琶記,3,南詞,仙呂宮正曲,情未斷煞
574.2,50,30,True,True,《有結果煞》,琵琶記,3,南詞,仙呂宮正曲,有結果煞
574.3,44,22,True,True,《喜無窮煞》,月令承應,3,南詞,仙呂宮正曲,喜無窮煞
601.1,195,106,True,True,《八仙過海》,月令承應,4,南詞,仙呂宮集曲,八仙過海
602.1,180,98,True,True,《八仙會蓬海》,長生殿,4,南詞,仙呂宮集曲,八仙會蓬海
603.1,257,135,True,True,《甘州歌》,九九大慶,4,南詞,仙呂宮集曲,甘州歌
604.1,169,67,True,True,《甘州歌》,九九大慶,4,南詞,仙呂宮集曲,甘州歌
605.1,106,53,True,True,《甘州解酲》,綠牡丹,4,南詞,仙呂宮集曲,甘州解酲
606.1,119,57,True,True,《皂鶯花》,月令承應,4,南詞,仙呂宮集曲,皂鶯花
607.1,122,62,True,True,《皂袍罩金衣（皂袍罩黃鶯）》,九九大慶,4,南詞,仙呂宮集曲,皂袍罩金衣
608.1,71,40,True,True,《皂袍罩金衣（皂袍罩黃鶯）》,綠牡丹,4,南詞,仙呂宮集曲,皂袍罩金衣
608.2,90,47,True,True,《皂花鶯》,海潮音,4,南詞,仙呂宮集曲,皂花鶯
609.1,238,117,True,True,《皂羅香（天香滿羅袖）》,節孝記,4,南詞,仙呂宮集曲,皂羅香
610.1,76,41,True,True,《羅袍帶封書》,散曲,4,南詞,仙呂宮集曲,羅袍帶封書
611.1,132,72,True,True,《羅袍歌》,十孝記,4,南詞,仙呂宮集曲,羅袍歌
612.1,183,84,True,True,《醉女夢巫雲（醉花雲）》,月令承應,4,南詞,仙呂宮集曲,醉女夢巫雲
613.1,92,39,True,True,《醉羅袍（醉翻袍）》,廣寒春,4,南詞,仙呂宮集曲,醉羅袍
614.1,182,86,True,True,《醉羅歌（全醉半羅袍）》,拜月亭,4,南詞,仙呂宮集曲,醉羅歌
615.1,160,68,True,True,《醉羅歌（全醉半羅袍）》,望湖亭,4,南詞,仙呂宮集曲,醉羅歌
616.1,246,106,True,True,《醉歸花月渡（醉歸花月雲）》,一諾媒,4,南詞,仙呂宮集曲,醉歸花月渡
617.1,244,108,True,True,《醉花月雲轉（醉花月紅轉）》,金明池,4,南詞,仙呂宮集曲,醉花月雲轉
618.1,558,250,True,True,《十二紅》,西廂記,4,南詞,仙呂宮集曲,十二紅
621.1,193,80,True,True,《月雲高》,琵琶記,4,南詞,仙呂宮集曲,月雲高
622.1,209,91,True,True,《月照山》,雙忠記,4,南詞,仙呂宮集曲,月照山
623.1,169,79,True,True,《云鎖月》,牡丹亭,4,南詞,仙呂宮集曲,云鎖月
624.1,213,94,True,True,《三集月兒高》,紅蕖記,4,南詞,仙呂宮集曲,三集月兒高
625.1,213,94,True,True,《二集月兒高》,散曲,4,南詞,仙呂宮集曲,二集月兒高
626.1,218,94,True,True,《月轉盻花期》,白兔記,4,南詞,仙呂宮集曲,月轉盻花期
627.1,190,79,True,True,《月兒映江雲（月夜渡江歸）》,牡丹亭,4,南詞,仙呂宮集曲,月兒映江雲
627.2,241,100,True,True,《月上五更》,蕉帕記,4,南詞,仙呂宮集曲,月上五更
628.1,247,121,True,True,《桂花襲袍香》,法宮雅奏,4,南詞,仙呂宮集曲,桂花襲袍香
630.1,145,65,True,True,《桂花偏南枝》,勸善金科,4,南詞,仙呂宮集曲,桂花偏南枝
630.2,133,40,True,True,《桂花偏南枝》,鑿井記,4,南詞,仙呂宮集曲,桂花偏南枝
631.1,117,47,True,True,《桂子佳期（桂月佳期）》,西廂記,4,南詞,仙呂宮集曲,桂子佳期
632.1,230,121,True,True,《香歸雙羅袖（香歸羅袖）》,江流記,4,南詞,仙呂宮集曲,香歸雙羅袖
633.1,178,61,True,True,《桂子著羅袍》,蕉帕記,4,南詞,仙呂宮集曲,桂子著羅袍
634.1,194,97,True,True,《桂發轉佳期（桂香轉紅馬）》,梅花樓,4,南詞,仙呂宮集曲,桂發轉佳期
635.1,241,125,True,True,《桂花羅醉歌（桂花羅袍歌）》,散曲,4,南詞,仙呂宮集曲,桂花羅醉歌
637.1,117,65,True,True,《桂皂傍粧臺》,沒名花,4,南詞,仙呂宮集曲,桂皂傍粧臺
637.2,166,97,True,True,《桂坡羊》,燕子箋,4,南詞,仙呂宮集曲,桂坡羊
638.1,672,297,True,True,《一秤金》,牧羊記,4,南詞,仙呂宮集曲,一秤金
641.1,168,63,True,True,《解酲姐姐》,太平圖,4,南詞,仙呂宮集曲,解酲姐姐
642.1,150,66,True,True,《解酲歌》,勸善金科,4,南詞,仙呂宮集曲,解酲歌
643.1,127,52,True,True,《解羅袍》,占花魁,4,南詞,仙呂宮集曲,解羅袍
644.1,140,56,True,True,《解三寒》,散曲,4,南詞,仙呂宮集曲,解三寒
645.1,206,75,True,True,《解袍歌》,明珠記,4,南詞,仙呂宮集曲,解袍歌
647.1,140,58,True,True,《解封書》,散曲,4,南詞,仙呂宮集曲,解封書
647.2,137,57,True,True,《解酲樂》,散曲,4,南詞,仙呂宮集曲,解酲樂
648.1,123,56,True,True,《解酲甌》,夢花酣,4,南詞,仙呂宮集曲,解酲甌
649.1,118,53,True,True,《解酲望鄉》,雙蝴蝶,4,南詞,仙呂宮集曲,解酲望鄉
650.1,102,51,True,True,《解酲帶甘州》,連城璧,4,南詞,仙呂宮集曲,解酲帶甘州
651.1,123,55,True,True,《解酲帶甘州》,鹔鹴裘,4,南詞,仙呂宮集曲,解酲帶甘州
652.1,151,63,True,True,《解酲畫眉子（解絡索）》,萬事足,4,南詞,仙呂宮集曲,解酲畫眉子
653.1,222,86,True,True,《六時理鍼線（九迴腸）》,牡丹亭,4,南詞,仙呂宮集曲,六時理鍼線
654.1,119,48,True,True,《一封羅》,月令承應,4,南詞,仙呂宮集曲,一封羅
655.1,83,45,True,True,《一封羅》,鑿井記,4,南詞,仙呂宮集曲,一封羅
656.1,134,62,True,True,《一封歌》,節孝記,4,南詞,仙呂宮集曲,一封歌
656.2,121,74,True,True,《一封歌》,十孝記,4,南詞,仙呂宮集曲,一封歌
658.1,90,48,True,True,《一封鶯》,散曲,4,南詞,仙呂宮集曲,一封鶯
658.2,79,46,True,True,《書寄甘州》,灌園記,4,南詞,仙呂宮集曲,書寄甘州
659.1,70,38,True,True,《一封河蟹》,散曲,4,南詞,仙呂宮集曲,一封河蟹
660.1,89,52,True,True,《封書寄姐姐》,散曲,4,南詞,仙呂宮集曲,封書寄姐姐
661.1,170,91,True,True,《二集傍粧臺》,荊釵記,4,南詞,仙呂宮集曲,二集傍粧臺
661.2,138,66,True,True,《粧臺望鄉》,散曲,4,南詞,仙呂宮集曲,粧臺望鄉
662.1,154,87,True,True,《粧臺甘州歌（粧臺帶甘州）》,南柯夢,4,南詞,仙呂宮集曲,粧臺甘州歌
663.1,125,51,True,True,《臨鏡解羅袍（粧臺解羅袍）》,散曲,4,南詞,仙呂宮集曲,臨鏡解羅袍
664.1,168,64,True,True,《長短豆葉棲蝴蝶（丫义豆葉）》,蕉帕記,4,南詞,仙呂宮集曲,長短豆葉棲蝴蝶
665.1,223,96,True,True,《長短嵌丫牙》,夢花酣,4,南詞,仙呂宮集曲,長短嵌丫牙
667.1,93,40,True,True,《短拍帶長音》,夢花酣,4,南詞,仙呂宮集曲,短拍帶長音
667.2,212,95,True,True,《望鄉歌》,邯鄲夢,4,南詞,仙呂宮集曲,望鄉歌
668.1,94,56,True,True,《二集棹角兒》,翫嬋娟,4,南詞,仙呂宮集曲,二集棹角兒
669.1,92,49,True,True,《棹角望鄉》,太平錢,4,南詞,仙呂宮集曲,棹角望鄉
670.1,59,30,True,True,《梅花郎》,散曲,4,南詞,仙呂宮集曲,梅花郎
671.1,246,110,True,True,《安樂高歌（安樂歌）》,奈何天,4,南詞,仙呂宮集曲,安樂高歌
672.1,136,50,True,True,《春絮一江雲（春絮似江雲）》,春燈謎,4,南詞,仙呂宮集曲,春絮一江雲
673.1,87,50,True,True,《葫蘆歌》,散曲,4,南詞,仙呂宮集曲,葫蘆歌
674.1,88,39,True,True,《風送嬌音》,散曲,4,南詞,仙呂宮集曲,風送嬌音
674.2,78,44,True,True,《風入三松》,散曲,4,南詞,仙呂宮集曲,風入三松
675.1,66,37,True,True,《風入園林》,水滸記,4,南詞,仙呂宮集曲,風入園林
676.1,373,182,True,True,《十樣錦（一片錦）》,拜月亭,4,南詞,仙呂宮集曲,十樣錦
678.1,180,99,True,True,《錦堂月》,九九大慶,4,南詞,仙呂宮集曲,錦堂月
679.1,210,115,True,True,《錦堂月》,九九大慶,4,南詞,仙呂宮集曲,錦堂月
680.1,96,54,True,True,《錦堂集賢賓》,散曲,4,南詞,仙呂宮集曲,錦堂集賢賓
680.2,128,54,True,True,《晝錦畫眉》,散曲,4,南詞,仙呂宮集曲,晝錦畫眉
681.1,72,38,True,True,《醉僥僥》,臥冰記,4,南詞,仙呂宮集曲,醉僥僥
682.1,95,44,True,True,《公子醉東風》,散曲,4,南詞,仙呂宮集曲,公子醉東風
683.1,128,64,True,True,《步入園林》,太平圖,4,南詞,仙呂宮集曲,步入園林
684.1,131,62,True,True,《步步入江水》,望湖亭,4,南詞,仙呂宮集曲,步步入江水
684.2,102,50,True,True,《步扶歸》,勘皮靴,4,南詞,仙呂宮集曲,步扶歸
685.1,164,63,True,True,《步月兒》,散曲,4,南詞,仙呂宮集曲,步月兒
686.1,211,105,True,True,《令布東風》,尋親記,4,南詞,仙呂宮集曲,令布東風
687.1,172,95,True,True,《沉醉海棠》,紅梨記,4,南詞,仙呂宮集曲,沉醉海棠
688.1,190,107,True,True,《沉醉海棠》,鑿井記,4,南詞,仙呂宮集曲,沉醉海棠
688.2,199,103,True,True,《沉醉姐姐》,牛頭山,4,南詞,仙呂宮集曲,沉醉姐姐
689.1,99,42,True,True,《東風吹江水》,翻浣紗,4,南詞,仙呂宮集曲,東風吹江水
690.1,222,106,True,True,《東風吹江水》,散曲,4,南詞,仙呂宮集曲,東風吹江水
691.1,503,232,True,True,《九華燈》,太平圖,4,南詞,仙呂宮集曲,九華燈
694.1,57,40,True,True,《園林帶僥僥》,占花魁,4,南詞,仙呂宮集曲,園林帶僥僥
694.2,71,40,True,True,《園林柳》,水滸記,4,南詞,仙呂宮集曲,園林柳
695.1,126,69,True,True,《園林入江水》,雙熊夢,4,南詞,仙呂宮集曲,園林入江水
696.1,161,95,True,True,《園林見姐姐》,一捧雪,4,南詞,仙呂宮集曲,園林見姐姐
696.2,108,59,True,True,《園林醉海棠》,金鈿盞,4,南詞,仙呂宮集曲,園林醉海棠
697.1,217,111,True,True,《園林沈醉》,紅梨記,4,南詞,仙呂宮集曲,園林沈醉
698.1,106,48,True,True,《江水遶園林》,望湖亭,4,南詞,仙呂宮集曲,江水遶園林
699.1,102,46,True,True,《江水撥棹》,紅梨記,4,南詞,仙呂宮集曲,江水撥棹
700.1,107,54,True,True,《供養海棠》,紅梨記,4,南詞,仙呂宮集曲,供養海棠
700.2,137,58,True,True,《五抱玉郎（五雙玉）》,西廂記,4,南詞,仙呂宮集曲,五抱玉郎
701.1,79,47,True,True,《供養入江水》,一捧雪,4,南詞,仙呂宮集曲,供養入江水
702.1,93,53,True,True,《五玉枝》,雙熊夢,4,南詞,仙呂宮集曲,五玉枝
703.1,87,55,True,True,《五枝供》,綵衣歡,4,南詞,仙呂宮集曲,五枝供
704.1,524,252,True,True,《五月紅樓送嬌音（五月紅樓別玉人）》,散曲,4,南詞,仙呂宮集曲,五月紅樓送嬌音
706.1,121,51,True,True,《玉嬌鶯》,太平圖,4,南詞,仙呂宮集曲,玉嬌鶯
707.1,99,52,True,True,《玉枝林》,紅梨記,4,南詞,仙呂宮集曲,玉枝林
708.1,94,56,True,True,《玉枝供》,一捧雪,4,南詞,仙呂宮集曲,玉枝供
709.1,102,62,True,True,《玉鴈子》,琵琶記,4,南詞,仙呂宮集曲,玉鴈子
710.1,93,56,True,True,《玉嬌娘》,水滸記,4,南詞,仙呂宮集曲,玉嬌娘
711.1,92,54,True,True,《嬌海棠》,勘皮靴,4,南詞,仙呂宮集曲,嬌海棠
712.1,103,55,True,True,《嬌枝撥棹》,望湖亭,4,南詞,仙呂宮集曲,嬌枝撥棹
712.2,59,36,True,True,《玉枝帶六么》,雙巹緣,4,南詞,仙呂宮集曲,玉枝帶六么
713.1,87,57,True,True,《玉肚枝》,女媧氏,4,南詞,仙呂宮集曲,玉肚枝
714.1,121,58,True,True,《玉山供》,九九大慶,4,南詞,仙呂宮集曲,玉山供
715.1,207,110,True,True,《玉山頹（玉胞供）》,牡丹亭,4,南詞,仙呂宮集曲,玉山頹
716.1,141,54,True,True,《玉肚鶯（玉鶯兒）》,西廂記,4,南詞,仙呂宮集曲,玉肚鶯
717.1,130,60,True,True,《玉桂枝》,牡丹亭,4,南詞,仙呂宮集曲,玉桂枝
718.1,121,58,True,True,《玉供鶯》,紫釵記,4,南詞,仙呂宮集曲,玉供鶯
718.2,100,54,True,True,《雙玉供》,雙遇蕉,4,南詞,仙呂宮集曲,雙玉供
719.1,101,51,True,True,《玉么令》,花眉旦,4,南詞,仙呂宮集曲,玉么令
720.1,80,41,True,True,《玉胞金娥》,散曲,4,南詞,仙呂宮集曲,玉胞金娥
721.1,102,69,True,True,《九曲河》,太平圖,4,南詞,仙呂宮集曲,九曲河
722.1,66,38,True,True,《六么姐兒》,散曲,4,南詞,仙呂宮集曲,六么姐兒
723.1,56,34,True,True,《六么江水》,飛龍鳳,4,南詞,仙呂宮集曲,六么江水
723.2,74,31,True,True,《海棠令》,散曲,4,南詞,仙呂宮集曲,海棠令
724.1,87,50,True,True,《海棠錦》,散曲,4,南詞,仙呂宮集曲,海棠錦
725.1,89,42,True,True,《海棠沉醉（海棠醉東風）》,紅梨記,4,南詞,仙呂宮集曲,海棠沉醉
726.1,76,35,True,True,《月上園林》,水滸記,4,南詞,仙呂宮集曲,月上園林
726.2,81,41,True,True,《月上古江》,散曲,4,南詞,仙呂宮集曲,月上古江
727.1,79,43,True,True,《海棠醉公子》,散曲,4,南詞,仙呂宮集曲,海棠醉公子
728.1,94,52,True,True,《三枝花》,散曲,4,南詞,仙呂宮集曲,三枝花
729.1,103,56,True,True,《三月姐姐》,夢花酣,4,南詞,仙呂宮集曲,三月姐姐
730.1,87,51,True,True,《三月上海棠》,花筵賺,4,南詞,仙呂宮集曲,三月上海棠
731.1,65,41,True,True,《撥棹入江水》,西樓記,4,南詞,仙呂宮集曲,撥棹入江水
731.2,87,46,True,True,《撥棹帶僥僥》,紅梨記,4,南詞,仙呂宮集曲,撥棹帶僥僥
732.1,80,50,True,True,《川姐姐（撥棹姐姐）》,丹晶墜,4,南詞,仙呂宮集曲,川姐姐
733.1,57,39,True,True,《撥神杖》,芭蕉井,4,南詞,仙呂宮集曲,撥神杖
734.1,101,61,True,True,《撥棹供養》,勘皮靴,4,南詞,仙呂宮集曲,撥棹供養
735.1,49,30,True,True,《光迓鼓》,法宮雅奏,4,南詞,仙呂宮集曲,光迓鼓
735.2,52,31,True,True,《光葫蘆》,灌園記,4,南詞,仙呂宮集曲,光葫蘆
736.1,75,38,True,True,《豆葉如梧葉》,九九大慶,4,南詞,仙呂宮集曲,豆葉如梧葉
737.1,95,58,True,True,《錦水棹》,邯鄲夢,4,南詞,仙呂宮集曲,錦水棹
738.1,44,28,True,True,《僥僥撥棹》,勘皮靴,4,南詞,仙呂宮集曲,僥僥撥棹
738.2,68,50,True,True,《僥僥鮑老》,如是觀,4,南詞,仙呂宮集曲,僥僥鮑老
739.1,118,62,True,True,《二集僥僥令》,太平圖,4,南詞,仙呂宮集曲,二集僥僥令
740.1,71,36,True,True,《姐姐插嬌枝》,望湖亭,4,南詞,仙呂宮集曲,姐姐插嬌枝
741.1,91,50,True,True,《姐姐插海棠》,祥麟現,4,南詞,仙呂宮集曲,姐姐插海棠
742.1,115,61,True,True,《好玉供海棠》,散曲,4,南詞,仙呂宮集曲,好玉供海棠
743.1,70,36,True,True,《姐姐帶僥僥》,散曲,4,南詞,仙呂宮集曲,姐姐帶僥僥
743.2,107,60,True,True,《姐樂棹僥僥（姐姐棹僥僥）》,夢花酣,4,南詞,仙呂宮集曲,姐樂棹僥僥
744.1,73,39,True,True,《姐姐撥棹》,雙熊夢,4,南詞,仙呂宮集曲,姐姐撥棹
745.1,103,45,True,True,《姐姐帶五馬》,鴛鴦棒,4,南詞,仙呂宮集曲,姐姐帶五馬
746.1,86,37,True,True,《姐姐帶六么》,紅梨記,4,南詞,仙呂宮集曲,姐姐帶六么
747.1,55,34,True,True,《姐姐寄封書》,散曲,4,南詞,仙呂宮集曲,姐姐寄封書
747.2,88,47,True,True,《好有餘（好不盡）》,太平圖,4,南詞,仙呂宮集曲,好有餘
775.1,68,9,False,False,《端正好》,月令承應,5,北詞,仙呂調隻曲,端正好
776.1,52,6,False,False,《端正好》,元人百種,5,北詞,仙呂調隻曲,端正好
776.2,106,10,False,False,《端正好》,元人百種,5,北詞,仙呂調隻曲,端正好
778.1,51,6,False,False,《賞花時》,散曲,5,北詞,仙呂調隻曲,賞花時
778.2,45,6,False,False,《賞花時》,散曲,5,北詞,仙呂調隻曲,賞花時
779.1,124,34,False,True,《賞花時》,邯鄲夢,5,北詞,仙呂調隻曲,賞花時
779.2,139,37,False,True,《賞花時》,邯鄲夢,5,北詞,仙呂調隻曲,賞花時
780.1,45,24,False,True,《賞花時》,董西廂,5,北詞,仙呂調隻曲,賞花時
781.1,53,29,False,True,《賞花時》,董西廂,5,北詞,仙呂調隻曲,賞花時
782.1,44,5,False,False,《點绛唇》,月令承應,5,北詞,仙呂調隻曲,點绛唇
782.2,42,6,False,False,《點绛唇》,琵琶記,5,北詞,仙呂調隻曲,點绛唇
782.3,73,11,False,False,《點绛唇》,董西廂,5,北詞,仙呂調隻曲,點绛唇
784.1,80,10,False,False,《混江龍》,雍熙樂府,5,北詞,仙呂調隻曲,混江龍
784.2,107,10,False,False,《混江龍》,雍熙樂府,5,北詞,仙呂調隻曲,混江龍
785.1,88,10,False,False,《混江龍》,雍熙樂府,5,北詞,仙呂調隻曲,混江龍
786.1,75,10,False,False,《混江龍》,散曲,5,北詞,仙呂調隻曲,混江龍
787.1,209,19,False,False,《混江龍》,雍熙樂府,5,北詞,仙呂調隻曲,混江龍
788.1,128,14,False,False,《混江龍》,琵琶記,5,北詞,仙呂調隻曲,混江龍
789.1,129,12,False,False,《混江龍》,金印記,5,北詞,仙呂調隻曲,混江龍
791.1,130,60,False,True,《滿江紅》,董西廂,5,北詞,仙呂調隻曲,滿江紅
792.1,122,46,False,True,《油葫蘆》,月令承應,5,北詞,仙呂調隻曲,油葫蘆
793.1,141,42,False,True,《油葫蘆》,元人百種,5,北詞,仙呂調隻曲,油葫蘆
795.1,93,35,False,True,《天下樂》,雍熙樂府,5,北詞,仙呂調隻曲,天下樂
796.1,77,36,False,True,《天下樂》,雍熙樂府,5,北詞,仙呂調隻曲,天下樂
797.1,114,46,False,True,《天下樂》,董西廂,5,北詞,仙呂調隻曲,天下樂
798.1,57,30,True,True,《天下樂令》,月令承應,5,北詞,仙呂調隻曲,天下樂令
798.2,109,40,False,True,《攤破天下樂》,月令承應,5,北詞,仙呂調隻曲,攤破天下樂
799.1,80,40,False,True,《哪吒令》,貶黃州,5,北詞,仙呂調隻曲,哪吒令
800.1,99,46,False,True,《哪吒令》,雍熙樂府,5,北詞,仙呂調隻曲,哪吒令
801.1,86,42,False,True,《哪吒令》,雍熙樂府,5,北詞,仙呂調隻曲,哪吒令
801.2,67,36,False,True,《哪吒令》,元人百種,5,北詞,仙呂調隻曲,哪吒令
802.1,68,31,False,True,《鵲踏枝》,散曲,5,北詞,仙呂調隻曲,鵲踏枝
803.1,64,32,False,True,《鵲踏枝》,散曲,5,北詞,仙呂調隻曲,鵲踏枝
803.2,74,38,False,True,《鵲踏枝》,雍熙樂府,5,北詞,仙呂調隻曲,鵲踏枝
804.1,67,37,False,True,《鵲踏枝》,雍熙樂府,5,北詞,仙呂調隻曲,鵲踏枝
805.1,80,45,False,True,《寄生草》,散曲,5,北詞,仙呂調隻曲,寄生草
806.1,105,52,False,True,《寄生草》,貶黃州,5,北詞,仙呂調隻曲,寄生草
807.1,80,42,False,True,《寄生草》,雍熙樂府,5,北詞,仙呂調隻曲,寄生草
808.1,78,45,False,True,《金盞兒（碎金盞）》,雍熙樂府,5,北詞,仙呂調隻曲,金盞兒
808.2,69,38,False,True,《金盞兒（碎金盞）》,雍熙樂府,5,北詞,仙呂調隻曲,金盞兒
809.1,69,34,False,True,《高過金盞兒》,散曲,5,北詞,仙呂調隻曲,高過金盞兒
810.1,85,40,False,True,《高過金盞兒》,散曲,5,北詞,仙呂調隻曲,高過金盞兒
810.2,109,44,False,True,《低過金盞兒》,元人百種,5,北詞,仙呂調隻曲,低過金盞兒
812.1,69,25,False,True,《醉扶歸》,月令承應,5,北詞,仙呂調隻曲,醉扶歸
812.2,84,38,False,True,《醉扶歸》,王粲登樓,5,北詞,仙呂調隻曲,醉扶歸
813.1,89,30,False,True,《醉扶歸》,雍熙樂府,5,北詞,仙呂調隻曲,醉扶歸
814.1,92,42,False,True,《醉扶歸》,留鞋記,5,北詞,仙呂調隻曲,醉扶歸
815.1,112,40,False,True,《醉中天》,元人百種,5,北詞,仙呂調隻曲,醉中天
816.1,97,41,True,True,《醉中天》,元人百種,5,北詞,仙呂調隻曲,醉中天
817.1,128,48,False,True,《醉中天》,元人百種,5,北詞,仙呂調隻曲,醉中天
818.1,85,32,False,True,《醉中天》,散曲,5,北詞,仙呂調隻曲,醉中天
819.1,62,28,False,True,《憶王孫（畫蛾眉）》,元人百種,5,北詞,仙呂調隻曲,憶王孫
819.2,82,30,False,True,《憶王孫（畫蛾眉）》,元人百種,5,北詞,仙呂調隻曲,憶王孫
820.1,69,28,False,True,《憶王孫（畫蛾眉）》,秦觀詞,5,北詞,仙呂調隻曲,憶王孫
820.2,56,6,False,False,《柳外樓》,明朝樂章,5,北詞,仙呂調隻曲,柳外樓
821.1,69,28,False,True,《一半兒》,散曲,5,北詞,仙呂調隻曲,一半兒
822.1,82,27,False,True,《一半兒》,元人百種,5,北詞,仙呂調隻曲,一半兒
823.1,105,64,False,True,《六么序》,夢天台,5,北詞,仙呂調隻曲,六么序
824.1,158,94,False,True,《六么序》,夢天台,5,北詞,仙呂調隻曲,六么序
825.1,124,66,False,True,《六么序》,元人百種,5,北詞,仙呂調隻曲,六么序
826.1,144,74,False,True,《六么序》,元人百種,5,北詞,仙呂調隻曲,六么序
827.1,136,79,False,True,《六么序》,雍熙樂府,5,北詞,仙呂調隻曲,六么序
828.1,159,99,False,True,《六么序》,雍熙樂府,5,北詞,仙呂調隻曲,六么序
830.1,150,58,False,True,《村裡迓鼓》,月令承應,5,北詞,仙呂調隻曲,村裡迓鼓
831.1,201,76,False,True,《村裡迓鼓》,太平圖,5,北詞,仙呂調隻曲,村裡迓鼓
832.1,205,64,False,True,《村裡迓鼓》,八義記,5,北詞,仙呂調隻曲,村裡迓鼓
834.1,62,32,False,True,《元和令》,散曲,5,北詞,仙呂調隻曲,元和令
834.2,83,44,False,True,《元和令》,元人百種,5,北詞,仙呂調隻曲,元和令
835.1,49,24,False,True,《上馬嬌》,月令承應,5,北詞,仙呂調隻曲,上馬嬌
836.1,52,28,False,True,《上馬嬌》,元人百種,5,北詞,仙呂調隻曲,上馬嬌
837.1,58,30,False,True,《上馬嬌》,雍熙樂府,5,北詞,仙呂調隻曲,上馬嬌
838.1,73,38,False,True,《遊四門》,雍熙樂府,5,北詞,仙呂調隻曲,遊四門
838.2,55,27,False,True,《遊四門》,雍熙樂府,5,北詞,仙呂調隻曲,遊四門
839.1,65,35,False,True,《遊四門》,赤壁賦,5,北詞,仙呂調隻曲,遊四門
840.1,44,22,False,True,《醉鴈兒（鴈兒）》,雍熙樂府,5,北詞,仙呂調隻曲,醉鴈兒
840.2,45,20,False,True,《醉鴈兒（鴈兒）》,雍熙樂府,5,北詞,仙呂調隻曲,醉鴈兒
841.1,37,18,False,True,《上京馬（尚京馬）》,散曲,5,北詞,仙呂調隻曲,上京馬
841.2,40,18,False,True,《上京馬（尚京馬）》,李逵負荊,5,北詞,仙呂調隻曲,上京馬
842.1,64,36,False,True,《玉花秋》,釘一釘,5,北詞,仙呂調隻曲,玉花秋
843.1,64,32,False,True,《四季花》,散曲,5,北詞,仙呂調隻曲,四季花
843.2,81,37,False,True,《四季花》,元人百種,5,北詞,仙呂調隻曲,四季花
844.1,73,35,False,True,《四季花》,元人百種,5,北詞,仙呂調隻曲,四季花
845.1,64,36,False,True,《勝葫蘆》,散曲,5,北詞,仙呂調隻曲,勝葫蘆
846.1,83,32,False,True,《勝葫蘆》,董西廂,5,北詞,仙呂調隻曲,勝葫蘆
846.2,74,34,False,True,《勝葫蘆》,董西廂,5,北詞,仙呂調隻曲,勝葫蘆
847.1,104,40,False,True,《後庭花（玉樹後庭花）》,散曲,5,北詞,仙呂調隻曲,後庭花
847.2,101,48,False,True,《後庭花（玉樹後庭花）》,散曲,5,北詞,仙呂調隻曲,後庭花
848.1,128,64,False,True,《後庭花（玉樹後庭花）》,雍熙樂府,5,北詞,仙呂調隻曲,後庭花
849.1,189,101,False,True,《後庭花（玉樹後庭花）》,八義記,5,北詞,仙呂調隻曲,後庭花
851.1,70,36,False,True,《柳葉兒》,雍熙樂府,5,北詞,仙呂調隻曲,柳葉兒
851.2,94,41,False,True,《柳葉兒》,元人百種,5,北詞,仙呂調隻曲,柳葉兒
852.1,74,36,False,True,《青歌兒（青哥兒）》,散曲,5,北詞,仙呂調隻曲,青歌兒
853.1,101,54,False,True,《青歌兒（青哥兒）》,雍熙樂府,5,北詞,仙呂調隻曲,青歌兒
854.1,68,28,False,True,《翠裙腰》,散曲,5,北詞,仙呂調隻曲,翠裙腰
855.1,84,40,False,True,《祅神急》,散曲,5,北詞,仙呂調隻曲,祅神急
855.2,89,36,False,True,《祅神急》,散曲,5,北詞,仙呂調隻曲,祅神急
856.1,74,34,False,True,《祅神急》,月令承應,5,北詞,仙呂調隻曲,祅神急
857.1,84,34,False,True,《六么遍》,散曲,5,北詞,仙呂調隻曲,六么遍
858.1,81,38,False,True,《六么遍》,董西廂,5,北詞,仙呂調隻曲,六么遍
858.2,76,32,False,True,《六么遍》,董西廂,5,北詞,仙呂調隻曲,六么遍
859.1,86,36,False,True,《六么遍》,散曲,5,北詞,仙呂調隻曲,六么遍
860.1,64,32,False,True,《雙鴈子（雙燕子）》,月令承應,5,北詞,仙呂調隻曲,雙鴈子
861.1,56,26,False,True,《雙鴈子（雙燕子）》,明朝樂章,5,北詞,仙呂調隻曲,雙鴈子
861.2,145,55,False,True,《憶帝京》,月令承應,5,北詞,仙呂調隻曲,憶帝京
862.1,56,30,False,True,《穿窓月》,散曲,5,北詞,仙呂調隻曲,穿窓月
863.1,61,34,False,True,《穿窓月》,散曲,5,北詞,仙呂調隻曲,穿窓月
864.1,42,20,False,True,《太常引》,明朝樂章,5,北詞,仙呂調隻曲,太常引
864.2,47,21,False,True,《樂神令》,董西廂,5,北詞,仙呂調隻曲,樂神令
864.3,42,24,False,True,《樂神令》,董西廂,5,北詞,仙呂調隻曲,樂神令
865.1,70,26,False,True,《大安樂》,月令承應,5,北詞,仙呂調隻曲,大安樂
866.1,72,28,False,True,《大安樂》,散曲,5,北詞,仙呂調隻曲,大安樂
866.2,164,63,False,True,《繡帶兒》,月令承應,5,北詞,仙呂調隻曲,繡帶兒
867.1,188,71,False,True,《繡帶兒》,月令承應,5,北詞,仙呂調隻曲,繡帶兒
869.1,158,66,False,True,《繡帶兒》,董西廂,5,北詞,仙呂調隻曲,繡帶兒
870.1,84,10,False,False,《八聲甘州》,月令承應,5,北詞,仙呂調隻曲,八聲甘州
871.1,110,55,False,True,《八聲甘州》,散曲,5,北詞,仙呂調隻曲,八聲甘州
871.2,113,55,False,True,《八聲甘州》,散曲,5,北詞,仙呂調隻曲,八聲甘州
872.1,82,11,False,False,《瑞鶴仙（一捻紅）》,月令承應,5,北詞,仙呂調隻曲,瑞鶴仙
873.1,108,42,False,True,《六么令》,雍熙樂府,5,北詞,仙呂調隻曲,六么令
874.1,102,46,False,True,《六么令》,雍熙樂府,5,北詞,仙呂調隻曲,六么令
875.1,99,51,False,True,《三番玉樓人》,散曲,5,北詞,仙呂調隻曲,三番玉樓人
876.1,95,41,False,True,《錦橙梅》,散曲,5,北詞,仙呂調隻曲,錦橙梅
877.1,60,25,False,True,《醉落魄（一斛珠）》,董西廂,5,北詞,仙呂調隻曲,醉落魄
878.1,67,27,False,True,《醉落魄（一斛珠）》,董西廂,5,北詞,仙呂調隻曲,醉落魄
878.2,96,38,False,True,《一斛义》,董西廂,5,北詞,仙呂調隻曲,一斛义
879.1,100,39,False,True,《一斛义》,董西廂,5,北詞,仙呂調隻曲,一斛义
880.1,86,41,False,True,《戀香衾》,董西廂,5,北詞,仙呂調隻曲,戀香衾
880.2,104,38,False,True,《六么實催》,董西廂,5,北詞,仙呂調隻曲,六么實催
881.1,88,22,False,True,《六么實催》,董西廂,5,北詞,仙呂調隻曲,六么實催
882.1,97,42,False,True,《整花冠》,董西廂,5,北詞,仙呂調隻曲,整花冠
883.1,93,37,False,True,《整花冠》,董西廂,5,北詞,仙呂調隻曲,整花冠
883.2,67,24,False,True,《惜黃花》,董西廂,5,北詞,仙呂調隻曲,惜黃花
884.1,75,27,False,True,《惜黃花》,月令承應,5,北詞,仙呂調隻曲,惜黃花
885.1,69,30,False,True,《瑞蓮兒》,董西廂,5,北詞,仙呂調隻曲,瑞蓮兒
886.1,52,28,False,True,《咍咍令》,董西廂,5,北詞,仙呂調隻曲,咍咍令
886.2,42,22,False,True,《杏園芳》,尹鶚詞,5,北詞,仙呂調隻曲,杏園芳
887.1,40,22,False,True,《杏園芳》,尹鶚詞,5,北詞,仙呂調隻曲,杏園芳
887.2,69,33,False,True,《緣窓愁（怨窓愁）》,散曲,5,北詞,仙呂調隻曲,緣窓愁
888.1,342,122,False,True,《大紅袍》,散曲,5,北詞,仙呂調隻曲,大紅袍
890.1,300,122,False,True,《大紅袍》,鬱輪袍,5,北詞,仙呂調隻曲,大紅袍
892.1,368,116,False,True,《大紅袍》,虎口餘生,5,北詞,仙呂調隻曲,大紅袍
894.1,79,30,False,True,《河傳》,董西廂,5,北詞,仙呂調隻曲,河傳
895.1,83,32,False,True,《河傳》,董西廂,5,北詞,仙呂調隻曲,河傳
896.1,226,97,False,True,《聚八仙》,月令承應,5,北詞,仙呂調隻曲,聚八仙
897.1,213,85,False,True,《聚八仙》,月令承應,5,北詞,仙呂調隻曲,聚八仙
898.1,106,49,False,True,《抝芝蔴》,月令承應,5,北詞,仙呂調隻曲,抝芝蔴
899.1,172,90,False,True,《抝芝蔴》,月令承應,5,北詞,仙呂調隻曲,抝芝蔴
901.1,220,77,False,True,《桂枝香》,張炎詞,5,北詞,仙呂調隻曲,桂枝香
902.1,113,51,False,True,《臨江仙》,賀鑄詞,5,北詞,仙呂調隻曲,臨江仙
903.1,72,32,False,True,《相思會（千年調）》,董西廂,5,北詞,仙呂調隻曲,相思會
904.1,73,32,False,True,《相思會（千年調）》,董西廂,5,北詞,仙呂調隻曲,相思會
904.2,54,29,False,True,《香山會》,董西廂,5,北詞,仙呂調隻曲,香山會
905.1,61,30,False,True,《香山會》,董西廂,5,北詞,仙呂調隻曲,香山會
906.1,112,56,False,True,《鞓紅》,無名氏詞,5,北詞,仙呂調隻曲,鞓紅
906.2,60,28,False,True,《風吹荷葉》,董西廂,5,北詞,仙呂調隻曲,風吹荷葉
907.1,68,28,False,True,《風吹荷葉》,董西廂,5,北詞,仙呂調隻曲,風吹荷葉
908.1,66,28,False,True,《朝天急》,董西廂,5,北詞,仙呂調隻曲,朝天急
908.2,68,32,False,True,《朝天急》,董西廂,5,北詞,仙呂調隻曲,朝天急
909.1,70,29,False,True,《喜新春》,董西廂,5,北詞,仙呂調隻曲,喜新春
909.2,42,21,False,True,《得勝樂》,散曲,5,北詞,仙呂調隻曲,得勝樂
910.1,68,28,False,True,《得勝樂》,散曲,5,北詞,仙呂調隻曲,得勝樂
911.1,229,93,False,True,《慶清朝（慶清朝慢）》,月令承應,5,北詞,仙呂調隻曲,慶清朝
912.1,24,12,False,True,《醉奚婆》,董西廂,5,北詞,仙呂調隻曲,醉奚婆
913.1,213,76,False,True,《法曲獻仙音（越女鏡心）》,太平圖,5,北詞,仙呂調隻曲,法曲獻仙音
914.1,168,59,False,True,《西河柳》,雍熙樂府,5,北詞,仙呂調隻曲,西河柳
915.1,178,61,False,True,《鳳凰臺上憶吹簫》,李清照詞,5,北詞,仙呂調隻曲,鳳凰臺上憶吹簫
916.1,98,42,False,True,《獻天壽》,月令承應,5,北詞,仙呂調隻曲,獻天壽
917.1,109,11,False,False,《賺煞》,月令承應,5,北詞,仙呂調隻曲,賺煞
918.1,127,13,False,False,《賺煞》,元人百種,5,北詞,仙呂調隻曲,賺煞
919.1,99,11,False,False,《賺煞》,雍熙樂府,5,北詞,仙呂調隻曲,賺煞
920.1,56,5,False,False,《上馬嬌煞》,散曲,5,北詞,仙呂調隻曲,上馬嬌煞
921.1,33,5,False,False,《煞尾》,月令承應,5,北詞,仙呂調隻曲,煞尾
921.2,41,5,False,False,《煞尾》,散曲,5,北詞,仙呂調隻曲,煞尾
922.1,47,5,False,False,《煞尾》,董西廂,5,北詞,仙呂調隻曲,煞尾
922.2,45,5,False,False,《煞尾》,董西廂,5,北詞,仙呂調隻曲,煞尾
923.1,51,4,False,False,《煞尾》,董西廂,5,北詞,仙呂調隻曲,煞尾
923.2,34,4,False,False,《煞尾》,董西廂,5,北詞,仙呂調隻曲,煞尾
924.1,52,8,True,False,《後庭花煞》,散曲,5,北詞,仙呂調隻曲,後庭花煞
935.1,59,6,True,False,《賞花時》,月令承應,6,北詞,仙呂調套曲,賞花時
935.2,56,6,True,False,《賞花時》,月令承應,6,北詞,仙呂調套曲,賞花時
936.1,87,35,True,True,《端正好》,月令承應,6,北詞,仙呂調套曲,端正好
937.1,97,37,True,True,《錦橙梅》,月令承應,6,北詞,仙呂調套曲,錦橙梅
938.1,67,30,True,True,《天下樂令》,月令承應,6,北詞,仙呂調套曲,天下樂令
938.2,63,34,True,True,《高過金盞兒》,月令承應,6,北詞,仙呂調套曲,高過金盞兒
939.1,91,55,True,True,《低過金盞兒》,月令承應,6,北詞,仙呂調套曲,低過金盞兒
939.2,60,32,True,True,《高過金盞兒》,月令承應,6,北詞,仙呂調套曲,高過金盞兒
940.1,85,49,True,True,《低過金盞兒》,月令承應,6,北詞,仙呂調套曲,低過金盞兒
941.1,40,4,True,False,《尾聲》,月令承應,6,北詞,仙呂調套曲,尾聲
943.1,97,40,True,True,《八聲甘州》,月令承應,6,北詞,仙呂調套曲,八聲甘州
943.2,101,40,True,True,《八聲甘州》,月令承應,6,北詞,仙呂調套曲,八聲甘州
944.1,79,29,True,True,《大安樂》,月令承應,6,北詞,仙呂調套曲,大安樂
945.1,85,29,True,True,《大安樂》,月令承應,6,北詞,仙呂調套曲,大安樂
945.2,64,35,True,True,《元和令》,月令承應,6,北詞,仙呂調套曲,元和令
946.1,51,28,True,True,《元和令》,月令承應,6,北詞,仙呂調套曲,元和令
947.1,45,19,True,True,《煞尾》,月令承應,6,北詞,仙呂調套曲,煞尾
949.1,101,44,True,True,《瑞鶴仙》,法宮雅奏,6,北詞,仙呂調套曲,瑞鶴仙
949.2,164,62,True,True,《憶帝京》,法宮雅奏,6,北詞,仙呂調套曲,憶帝京
950.1,77,47,True,True,《青歌兒》,法宮雅奏,6,北詞,仙呂調套曲,青歌兒
951.1,60,29,True,True,《醉扶歸》,法宮雅奏,6,北詞,仙呂調套曲,醉扶歸
952.1,74,36,True,True,《醉中天》,法宮雅奏,6,北詞,仙呂調套曲,醉中天
952.2,94,11,True,False,《慶餘》,法宮雅奏,6,北詞,仙呂調套曲,慶餘
955.1,50,6,True,False,《點绛唇》,元人百種,6,北詞,仙呂調套曲,點绛唇
955.2,126,9,True,False,《混江龍》,元人百種,6,北詞,仙呂調套曲,混江龍
956.1,161,59,True,True,《油葫蘆》,元人百種,6,北詞,仙呂調套曲,油葫蘆
957.1,88,38,True,True,《天下樂》,元人百種,6,北詞,仙呂調套曲,天下樂
958.1,103,43,True,True,《哪吒令》,元人百種,6,北詞,仙呂調套曲,哪吒令
959.1,68,33,True,True,《鵲踏枝》,元人百種,6,北詞,仙呂調套曲,鵲踏枝
959.2,92,50,True,True,《寄生草》,元人百種,6,北詞,仙呂調套曲,寄生草
960.1,93,51,True,True,《寄生草》,元人百種,6,北詞,仙呂調套曲,寄生草
961.1,77,41,True,True,《金盞兒》,元人百種,6,北詞,仙呂調套曲,金盞兒
962.1,99,45,True,True,《後庭花》,元人百種,6,北詞,仙呂調套曲,後庭花
963.1,76,41,True,True,《醉扶歸》,元人百種,6,北詞,仙呂調套曲,醉扶歸
963.2,122,51,True,True,《金盞兒》,元人百種,6,北詞,仙呂調套曲,金盞兒
965.1,104,51,True,True,《醉中天》,元人百種,6,北詞,仙呂調套曲,醉中天
965.2,123,11,True,False,《賺煞尾》,元人百種,6,北詞,仙呂調套曲,賺煞尾
967.1,54,6,True,False,《點绛唇》,元人百種,6,北詞,仙呂調套曲,點绛唇
967.2,129,13,True,False,《混江龍》,元人百種,6,北詞,仙呂調套曲,混江龍
968.1,147,52,True,True,《油葫蘆》,元人百種,6,北詞,仙呂調套曲,油葫蘆
969.1,80,37,True,True,《天下樂》,元人百種,6,北詞,仙呂調套曲,天下樂
970.1,75,38,True,True,《哪吒令》,元人百種,6,北詞,仙呂調套曲,哪吒令
971.1,60,33,True,True,《鵲踏枝》,元人百種,6,北詞,仙呂調套曲,鵲踏枝
971.2,87,50,True,True,《寄生草》,元人百種,6,北詞,仙呂調套曲,寄生草
972.1,82,49,True,True,《寄生草》,元人百種,6,北詞,仙呂調套曲,寄生草
973.1,88,47,True,True,《後庭花》,元人百種,6,北詞,仙呂調套曲,後庭花
973.2,73,46,True,True,《金盞兒》,元人百種,6,北詞,仙呂調套曲,金盞兒
974.1,91,49,True,True,《醉中天》,元人百種,6,北詞,仙呂調套曲,醉中天
975.1,55,30,True,True,《憶王孫》,元人百種,6,北詞,仙呂調套曲,憶王孫
976.1,92,51,True,True,《金盞兒》,元人百種,6,北詞,仙呂調套曲,金盞兒
977.1,123,11,True,False,《賺煞》,元人百種,6,北詞,仙呂調套曲,賺煞
979.1,51,6,True,False,《點绛唇》,元人百種,6,北詞,仙呂調套曲,點绛唇
979.2,124,13,True,False,《混江龍》,元人百種,6,北詞,仙呂調套曲,混江龍
980.1,174,53,True,True,《油葫蘆》,元人百種,6,北詞,仙呂調套曲,油葫蘆
981.1,94,39,True,True,《天下樂》,元人百種,6,北詞,仙呂調套曲,天下樂
982.1,88,45,True,True,《哪吒令》,元人百種,6,北詞,仙呂調套曲,哪吒令
983.1,63,29,True,True,《鵲踏枝》,元人百種,6,北詞,仙呂調套曲,鵲踏枝
983.2,103,48,True,True,《寄生草》,元人百種,6,北詞,仙呂調套曲,寄生草
984.1,99,48,True,True,《寄生草》,元人百種,6,北詞,仙呂調套曲,寄生草
985.1,49,30,True,True,《得勝樂》,元人百種,6,北詞,仙呂調套曲,得勝樂
986.1,98,54,True,True,《醉中天》,元人百種,6,北詞,仙呂調套曲,醉中天
987.1,128,61,True,True,《後庭花》,元人百種,6,北詞,仙呂調套曲,後庭花
988.1,116,68,True,True,《青歌兒》,元人百種,6,北詞,仙呂調套曲,青歌兒
989.1,121,11,True,False,《賺煞》,元人百種,6,北詞,仙呂調套曲,賺煞
991.1,43,6,True,False,《點绛唇》,元人百種,6,北詞,仙呂調套曲,點绛唇
991.2,102,11,True,False,《混江龍》,元人百種,6,北詞,仙呂調套曲,混江龍
992.1,134,47,True,True,《油葫蘆》,元人百種,6,北詞,仙呂調套曲,油葫蘆
993.1,80,36,True,True,《天下樂》,元人百種,6,北詞,仙呂調套曲,天下樂
994.1,77,41,True,True,《醉中天》,元人百種,6,北詞,仙呂調套曲,醉中天
994.2,76,43,True,True,《金盞兒》,元人百種,6,北詞,仙呂調套曲,金盞兒
995.1,107,10,True,False,《賺煞》,元人百種,6,北詞,仙呂調套曲,賺煞
997.1,51,6,True,False,《點绛唇》,元人百種,6,北詞,仙呂調套曲,點绛唇
997.2,138,14,True,False,《混江龍》,元人百種,6,北詞,仙呂調套曲,混江龍
998.1,153,54,True,True,《村裡迓鼓》,元人百種,6,北詞,仙呂調套曲,村裡迓鼓
999.1,93,49,True,True,《元和令》,元人百種,6,北詞,仙呂調套曲,元和令
1000.1,62,31,True,True,《上馬嬌》,元人百種,6,北詞,仙呂調套曲,上馬嬌
1001.1,69,41,True,True,《勝葫蘆》,元人百種,6,北詞,仙呂調套曲,勝葫蘆
1002.1,71,39,True,True,《勝葫蘆》,元人百種,6,北詞,仙呂調套曲,勝葫蘆
1002.2,185,111,True,True,《後庭花》,元人百種,6,北詞,仙呂調套曲,後庭花
1004.1,96,53,True,True,《柳葉兒》,元人百種,6,北詞,仙呂調套曲,柳葉兒
1004.2,110,9,True,False,《賺煞尾》,元人百種,6,北詞,仙呂調套曲,賺煞尾
1007.1,55,24,True,True,《點绛唇》,元人百種,6,北詞,仙呂調套曲,點绛唇
1007.2,182,78,True,True,《混江龍》,元人百種,6,北詞,仙呂調套曲,混江龍
1008.1,130,60,True,True,《油葫蘆》,元人百種,6,北詞,仙呂調套曲,油葫蘆
1009.1,94,36,True,True,《天下樂》,元人百種,6,北詞,仙呂調套曲,天下樂
1010.1,73,36,True,True,《哪吒令》,元人百種,6,北詞,仙呂調套曲,哪吒令
1011.1,56,33,True,True,《鵲踏枝》,元人百種,6,北詞,仙呂調套曲,鵲踏枝
1011.2,86,46,True,True,《寄生草》,元人百種,6,北詞,仙呂調套曲,寄生草
1012.1,64,32,True,True,《玉花秋》,元人百種,6,北詞,仙呂調套曲,玉花秋
1013.1,115,57,True,True,《後庭花》,元人百種,6,北詞,仙呂調套曲,後庭花
1014.1,95,42,True,True,《金盞兒》,元人百種,6,北詞,仙呂調套曲,金盞兒
1015.1,45,22,True,True,《醉鴈兒》,元人百種,6,北詞,仙呂調套曲,醉鴈兒
1015.2,135,75,True,True,《賺煞》,元人百種,6,北詞,仙呂調套曲,賺煞
1017.1,42,6,True,False,《點绛唇》,元人百種,6,北詞,仙呂調套曲,點绛唇
1017.2,115,12,True,False,《混江龍》,元人百種,6,北詞,仙呂調套曲,混江龍
1018.1,129,46,True,True,《油葫蘆》,元人百種,6,北詞,仙呂調套曲,油葫蘆
1019.1,86,34,True,True,《天下樂》,元人百種,6,北詞,仙呂調套曲,天下樂
1020.1,78,39,True,True,《金盞兒》,元人百種,6,北詞,仙呂調套曲,金盞兒
1020.2,95,45,True,True,《後庭花》,元人百種,6,北詞,仙呂調套曲,後庭花
1021.1,79,43,True,True,《醉中天》,元人百種,6,北詞,仙呂調套曲,醉中天
1022.1,71,45,True,True,《金盞兒》,元人百種,6,北詞,仙呂調套曲,金盞兒
1022.2,44,24,True,True,《醉鴈兒》,元人百種,6,北詞,仙呂調套曲,醉鴈兒
1023.1,94,47,True,True,《後庭花》,元人百種,6,北詞,仙呂調套曲,後庭花
1024.1,80,47,True,True,《醉中天》,元人百種,6,北詞,仙呂調套曲,醉中天
1024.2,47,29,True,True,《一半兒》,元人百種,6,北詞,仙呂調套曲,一半兒
1025.1,81,49,True,True,《金盞兒》,元人百種,6,北詞,仙呂調套曲,金盞兒
1026.1,89,10,True,False,《賺煞》,元人百種,6,北詞,仙呂調套曲,賺煞
1027.1,67,7,True,False,《勝葫蘆》,天寶遺事,6,北詞,仙呂調套曲,勝葫蘆
1027.2,76,32,True,True,《勝葫蘆》,天寶遺事,6,北詞,仙呂調套曲,勝葫蘆
1028.1,58,32,True,True,《遊四門》,天寶遺事,6,北詞,仙呂調套曲,遊四門
1028.2,152,74,True,True,《後庭花煞》,天寶遺事,6,北詞,仙呂調套曲,後庭花煞
1031.1,100,44,True,True,《六么令》,天寶遺事,6,北詞,仙呂調套曲,六么令
1031.2,98,47,True,True,《六么令》,天寶遺事,6,北詞,仙呂調套曲,六么令
1032.1,80,10,True,False,《賺煞》,天寶遺事,6,北詞,仙呂調套曲,賺煞
1035.1,76,11,True,False,《瑞鶴仙》,天寶遺事,6,北詞,仙呂調套曲,瑞鶴仙
1035.2,124,54,True,True,《憶帝京》,天寶遺事,6,北詞,仙呂調套曲,憶帝京
1036.1,66,27,True,True,《醉扶歸》,天寶遺事,6,北詞,仙呂調套曲,醉扶歸
1037.1,71,34,True,True,《醉中天》,天寶遺事,6,北詞,仙呂調套曲,醉中天
1037.2,90,11,True,False,《賺煞》,天寶遺事,6,北詞,仙呂調套曲,賺煞
1039.1,90,36,True,True,《祅神急》,天寶遺事,6,北詞,仙呂調套曲,祅神急
1039.2,130,60,True,True,《憶帝京》,天寶遺事,6,北詞,仙呂調套曲,憶帝京
1040.1,90,11,True,False,《賺煞》,天寶遺事,6,北詞,仙呂調套曲,賺煞
1043.1,212,99,True,True,《油葫蘆》,雍熙樂府,6,北詞,仙呂調套曲,油葫蘆
1043.2,65,32,True,True,《天下樂》,雍熙樂府,6,北詞,仙呂調套曲,天下樂
1044.1,76,43,True,True,《哪吒令》,雍熙樂府,6,北詞,仙呂調套曲,哪吒令
1045.1,57,32,True,True,《鵲踏枝》,雍熙樂府,6,北詞,仙呂調套曲,鵲踏枝
1045.2,128,48,True,True,《寄生草》,雍熙樂府,6,北詞,仙呂調套曲,寄生草
1047.1,179,68,True,True,《村裡迓鼓》,雍熙樂府,6,北詞,仙呂調套曲,村裡迓鼓
1048.1,69,37,True,True,《元和令》,雍熙樂府,6,北詞,仙呂調套曲,元和令
1048.2,54,33,True,True,《上馬嬌》,雍熙樂府,6,北詞,仙呂調套曲,上馬嬌
1049.1,63,37,True,True,《勝葫蘆》,雍熙樂府,6,北詞,仙呂調套曲,勝葫蘆
1050.1,58,33,True,True,《勝葫蘆》,雍熙樂府,6,北詞,仙呂調套曲,勝葫蘆
1050.2,119,59,True,True,《後庭花》,雍熙樂府,6,北詞,仙呂調套曲,後庭花
1051.1,197,120,True,True,《青歌兒》,雍熙樂府,6,北詞,仙呂調套曲,青歌兒
1053.1,82,50,True,True,《寄生草》,雍熙樂府,6,北詞,仙呂調套曲,寄生草
1053.2,82,50,True,True,《寄生草》,雍熙樂府,6,北詞,仙呂調套曲,寄生草
1054.1,113,11,True,False,《賺煞》,雍熙樂府,6,北詞,仙呂調套曲,賺煞
1057.1,56,24,True,True,《翠裙腰》,雍熙樂府,6,北詞,仙呂調套曲,翠裙腰
1057.2,61,36,True,True,《高過金盞兒》,雍熙樂府,6,北詞,仙呂調套曲,高過金盞兒
1058.1,69,38,True,True,《綠窓愁》,雍熙樂府,6,北詞,仙呂調套曲,綠窓愁
1058.2,94,10,True,False,《賺煞》,雍熙樂府,6,北詞,仙呂調套曲,賺煞
1067.1,40,6,True,False,《點绛唇》,雍熙樂府,7,北詞,仙呂調套曲,點绛唇
1067.2,71,9,True,False,《混江龍》,雍熙樂府,7,北詞,仙呂調套曲,混江龍
1068.1,87,36,True,True,《六么遍》,雍熙樂府,7,北詞,仙呂調套曲,六么遍
1069.1,66,27,True,True,《後庭花》,雍熙樂府,7,北詞,仙呂調套曲,後庭花
1069.2,79,11,True,False,《賺煞》,雍熙樂府,7,北詞,仙呂調套曲,賺煞
1071.1,183,108,True,True,《後庭花》,雍熙樂府,7,北詞,仙呂調套曲,後庭花
1072.1,88,48,True,True,《鳳鸞吟》,雍熙樂府,7,北詞,仙呂調套曲,鳳鸞吟
1073.1,72,42,True,True,《柳葉兒》,雍熙樂府,7,北詞,仙呂調套曲,柳葉兒
1075.1,108,41,True,True,《八聲甘州》,雍熙樂府,7,北詞,仙呂調套曲,八聲甘州
1075.2,132,53,True,True,《混江龍》,雍熙樂府,7,北詞,仙呂調套曲,混江龍
1076.1,107,35,True,True,《醉中天》,雍熙樂府,7,北詞,仙呂調套曲,醉中天
1077.1,72,8,True,False,《後庭花煞》,雍熙樂府,7,北詞,仙呂調套曲,後庭花煞
1079.1,42,6,True,False,《醉落魄》,董西廂,7,北詞,仙呂調套曲,醉落魄
1079.2,71,32,True,True,《醉落魄》,董西廂,7,北詞,仙呂調套曲,醉落魄
1080.1,60,24,True,True,《整乾坤》,董西廂,7,北詞,仙呂調套曲,整乾坤
1080.2,63,30,True,True,《風吹荷葉》,董西廂,7,北詞,仙呂調套曲,風吹荷葉
1081.1,36,5,True,False,《煞尾》,董西廂,7,北詞,仙呂調套曲,煞尾
1083.1,39,5,True,False,《點绛唇》,千金記,7,北詞,仙呂調套曲,點绛唇
1083.2,327,30,True,False,《混江龍》,千金記,7,北詞,仙呂調套曲,混江龍
1086.1,154,54,True,True,《油葫蘆》,千金記,7,北詞,仙呂調套曲,油葫蘆
1087.1,84,38,True,True,《哪吒令》,千金記,7,北詞,仙呂調套曲,哪吒令
1088.1,70,40,True,True,《鵲踏枝》,千金記,7,北詞,仙呂調套曲,鵲踏枝
1089.1,103,58,True,True,《寄生草》,千金記,7,北詞,仙呂調套曲,寄生草
1090.1,106,54,True,True,《村裡迓鼓》,千金記,7,北詞,仙呂調套曲,村裡迓鼓
1091.1,81,49,True,True,《元和令》,千金記,7,北詞,仙呂調套曲,元和令
1091.2,58,37,True,True,《上馬嬌》,千金記,7,北詞,仙呂調套曲,上馬嬌
1092.1,53,35,True,True,《遊四門》,千金記,7,北詞,仙呂調套曲,遊四門
1093.1,55,38,True,True,《賞花時》,千金記,7,北詞,仙呂調套曲,賞花時
1093.2,59,37,True,True,《賞花時》,千金記,7,北詞,仙呂調套曲,賞花時
1094.1,74,47,True,True,《勝葫蘆》,千金記,7,北詞,仙呂調套曲,勝葫蘆
1095.1,88,47,True,True,《勝葫蘆》,千金記,7,北詞,仙呂調套曲,勝葫蘆
1095.2,273,149,True,True,《後庭花》,千金記,7,北詞,仙呂調套曲,後庭花
1097.1,98,56,True,True,《青歌兒》,千金記,7,北詞,仙呂調套曲,青歌兒
1098.1,72,43,True,True,《柳葉兒》,千金記,7,北詞,仙呂調套曲,柳葉兒
1099.1,106,11,True,False,《賺煞》,千金記,7,北詞,仙呂調套曲,賺煞
1101.1,47,6,True,False,《點绛唇》,西天取經,7,北詞,仙呂調套曲,點绛唇
1101.2,124,12,True,False,《混江龍》,西天取經,7,北詞,仙呂調套曲,混江龍
1102.1,148,52,True,True,《油葫蘆》,西天取經,7,北詞,仙呂調套曲,油葫蘆
1103.1,100,37,True,True,《天下樂》,西天取經,7,北詞,仙呂調套曲,天下樂
1104.1,79,6,True,False,《醉中天》,西天取經,7,北詞,仙呂調套曲,醉中天
1104.2,77,45,True,True,《金盞兒》,西天取經,7,北詞,仙呂調套曲,金盞兒
1105.1,69,39,True,True,《賞花時》,西天取經,7,北詞,仙呂調套曲,賞花時
1106.1,59,35,True,True,《賞花時》,西天取經,7,北詞,仙呂調套曲,賞花時
1106.2,54,7,True,False,《煞尾》,西天取經,7,北詞,仙呂調套曲,煞尾
1109.1,44,6,True,False,《點绛唇》,浣紗記,7,北詞,仙呂調套曲,點绛唇
1109.2,156,15,True,False,《混江龍》,浣紗記,7,北詞,仙呂調套曲,混江龍
1110.1,168,54,True,True,《油葫蘆》,浣紗記,7,北詞,仙呂調套曲,油葫蘆
1111.1,93,37,True,True,《天下樂》,浣紗記,7,北詞,仙呂調套曲,天下樂
1112.1,98,53,True,True,《哪吒令》,浣紗記,7,北詞,仙呂調套曲,哪吒令
1113.1,73,41,True,True,《鵲踏枝》,浣紗記,7,北詞,仙呂調套曲,鵲踏枝
1113.2,83,53,True,True,《寄生草》,浣紗記,7,北詞,仙呂調套曲,寄生草
1114.1,85,52,True,True,《寄生草》,浣紗記,7,北詞,仙呂調套曲,寄生草
1115.1,102,11,True,False,《賺煞尾》,浣紗記,7,北詞,仙呂調套曲,賺煞尾
1117.1,49,5,True,False,《點绛唇》,漁陽三弄,7,北詞,仙呂調套曲,點绛唇
1117.2,148,15,True,False,《混江龍》,漁陽三弄,7,北詞,仙呂調套曲,混江龍
1118.1,161,49,True,True,《油葫蘆》,漁陽三弄,7,北詞,仙呂調套曲,油葫蘆
1120.1,104,33,True,True,《天下樂》,漁陽三弄,7,北詞,仙呂調套曲,天下樂
1120.2,101,47,True,True,《哪吒令》,漁陽三弄,7,北詞,仙呂調套曲,哪吒令
1121.1,72,43,True,True,《鵲踏枝》,漁陽三弄,7,北詞,仙呂調套曲,鵲踏枝
1122.1,96,59,True,True,《寄生草》,漁陽三弄,7,北詞,仙呂調套曲,寄生草
1123.1,152,92,True,True,《六么序》,漁陽三弄,7,北詞,仙呂調套曲,六么序
1124.1,159,92,True,True,《六么序》,漁陽三弄,7,北詞,仙呂調套曲,六么序
1126.1,103,64,True,True,《青歌兒》,漁陽三弄,7,北詞,仙呂調套曲,青歌兒
1126.2,92,59,True,True,《寄生草》,漁陽三弄,7,北詞,仙呂調套曲,寄生草
1127.1,113,52,True,True,《葫蘆草混》,漁陽三弄,7,北詞,仙呂調套曲,葫蘆草混
1128.1,106,11,True,False,《賺煞》,漁陽三弄,7,北詞,仙呂調套曲,賺煞
1131.1,60,6,True,False,《點绛唇》,牡丹亭,7,北詞,仙呂調套曲,點绛唇
1131.2,987,53,True,False,《混江龍》,牡丹亭,7,北詞,仙呂調套曲,混江龍
1138.1,238,63,True,True,《油葫蘆》,牡丹亭,7,北詞,仙呂調套曲,油葫蘆
1139.1,99,39,True,True,《天下樂》,牡丹亭,7,北詞,仙呂調套曲,天下樂
1140.1,100,51,True,True,《哪吒令》,牡丹亭,7,北詞,仙呂調套曲,哪吒令
1141.1,69,37,True,True,《鵲踏枝》,牡丹亭,7,北詞,仙呂調套曲,鵲踏枝
1141.2,527,246,True,True,《後庭花》,牡丹亭,7,北詞,仙呂調套曲,後庭花
1145.1,97,50,True,True,《寄生草》,牡丹亭,7,北詞,仙呂調套曲,寄生草
1146.1,94,47,True,True,《寄生草》,牡丹亭,7,北詞,仙呂調套曲,寄生草
1146.2,124,12,True,False,《賺煞》,牡丹亭,7,北詞,仙呂調套曲,賺煞
1151.1,52,6,True,False,《北賞花時》,月令承應,8,合套,仙呂調合套,北賞花時
1151.2,107,50,True,True,《南排歌》,月令承應,8,合套,仙呂調合套,南排歌
1152.1,79,42,True,True,《北哪吒令》,月令承應,8,合套,仙呂調合套,北哪吒令
1153.1,159,67,True,True,《南三疊排歌》,月令承應,8,合套,仙呂調合套,南三疊排歌
1154.1,57,30,True,True,《北鵲踏枝》,月令承應,8,合套,仙呂調合套,北鵲踏枝
1155.1,122,45,True,True,《南桂枝香》,月令承應,8,合套,仙呂調合套,南桂枝香
1156.1,91,51,True,True,《北寄生草》,月令承應,8,合套,仙呂調合套,北寄生草
1156.2,79,34,True,True,《南安樂神》,月令承應,8,合套,仙呂調合套,南安樂神
1157.1,114,69,True,True,《北六么序》,月令承應,8,合套,仙呂調合套,北六么序
1158.1,43,20,True,True,《南慶餘》,月令承應,8,合套,仙呂調合套,南慶餘
1159.1,58,6,True,False,《北點绛唇》,西樓記,8,合套,仙呂調合套,北點绛唇
1159.2,48,4,True,False,《南劍器令》,西樓記,8,合套,仙呂調合套,南劍器令
1160.1,166,15,True,False,《北混江龍》,西樓記,8,合套,仙呂調合套,北混江龍
1161.1,184,87,True,True,《南桂枝香》,西樓記,8,合套,仙呂調合套,南桂枝香
1162.1,166,54,True,True,《北油葫蘆》,西樓記,8,合套,仙呂調合套,北油葫蘆
1163.1,108,50,True,True,《南八聲甘州》,西樓記,8,合套,仙呂調合套,南八聲甘州
1164.1,91,41,True,True,《北天下樂》,西樓記,8,合套,仙呂調合套,北天下樂
1164.2,135,55,True,True,《南解三酲》,西樓記,8,合套,仙呂調合套,南解三酲
1165.1,89,48,True,True,《北哪吒令》,西樓記,8,合套,仙呂調合套,北哪吒令
1166.1,85,25,True,True,《南醉扶歸》,西樓記,8,合套,仙呂調合套,南醉扶歸
1167.1,68,41,True,True,《北高過金盞兒》,西樓記,8,合套,仙呂調合套,北高過金盞兒
1167.2,122,58,True,True,《南安樂高歌》,西樓記,8,合套,仙呂調合套,南安樂高歌
1168.1,92,52,True,True,《北寄生草》,西樓記,8,合套,仙呂調合套,北寄生草
1169.1,110,50,True,True,《南皂羅袍》,西樓記,8,合套,仙呂調合套,南皂羅袍
1170.1,144,12,True,False,《北後庭花煞》,西樓記,8,合套,仙呂調合套,北後庭花煞
1179.1,57,8,True,False,《粉蝶兒》,月令承應,9,南詞,中呂宮引,粉蝶兒
1180.1,61,7,True,False,《粉蝶兒》,法宮雅奏,9,南詞,中呂宮引,粉蝶兒
1181.1,82,9,True,False,《好事近（翠圓枝）》,陸游詞,9,南詞,中呂宮引,好事近
1181.2,40,5,True,False,《好事近（翠圓枝）》,紫釵記,9,南詞,中呂宮引,好事近
1182.1,110,11,True,False,《漁家傲》,晏殊詞,9,南詞,中呂宮引,漁家傲
1183.1,102,12,True,False,《漁家傲》,蔡伸詞,9,南詞,中呂宮引,漁家傲
1184.1,160,16,True,False,《尾犯引》,柳永詞,9,南詞,中呂宮引,尾犯引
1185.1,88,9,True,False,《尾犯引》,琵琶記,9,南詞,中呂宮引,尾犯引
1186.1,177,25,True,False,《沁園春（洞庭春色）》,李劉詞,9,南詞,中呂宮引,沁園春
1187.1,88,9,True,False,《金菊對芙蓉》,廣陵仙,9,南詞,中呂宮引,金菊對芙蓉
1188.1,64,9,True,False,《金菊對芙蓉》,四喜記,9,南詞,中呂宮引,金菊對芙蓉
1189.1,45,5,True,False,《菊花新（菊花心）》,勸善金科,9,南詞,中呂宮引,菊花新
1189.2,45,5,True,False,《菊花新（菊花心）》,琵琶記,9,南詞,中呂宮引,菊花新
1190.1,91,11,True,False,《賀聖朝》,九九大慶,9,南詞,中呂宮引,賀聖朝
1190.2,84,10,True,False,《賀聖朝》,葉清臣詞,9,南詞,中呂宮引,賀聖朝
1191.1,85,10,True,False,《賀聖朝》,趙彥端詞,9,南詞,中呂宮引,賀聖朝
1192.1,71,9,True,False,《剔銀燈》,勸善金科,9,南詞,中呂宮引,剔銀燈
1193.1,143,17,True,False,《剔銀燈》,柳永詞,9,南詞,中呂宮引,剔銀燈
1194.1,65,8,True,False,《剔銀燈》,白兔記,9,南詞,中呂宮引,剔銀燈
1194.2,68,7,True,False,《四園春》,種玉記,9,南詞,中呂宮引,四園春
1195.1,79,7,True,False,《思園春》,拜月亭,9,南詞,中呂宮引,思園春
1196.1,56,7,True,False,《青玉案（西湖路）》,九九大慶,9,南詞,中呂宮引,青玉案
1196.2,111,13,True,False,《青玉案（西湖路）》,比目魚,9,南詞,中呂宮引,青玉案
1197.1,106,10,True,False,《定風波（風波令、定風流）》,陳允平詞,9,南詞,中呂宮引,定風波
1198.1,113,11,True,False,《定風波（風波令、定風流）》,蘇軾詞,9,南詞,中呂宮引,定風波
1199.1,127,15,True,False,《醉春風（怨東風）》,趙德仁詞,9,南詞,中呂宮引,醉春風
1200.1,97,10,True,False,《醉中歸》,殺狗記,9,南詞,中呂宮引,醉中歸
1201.1,64,5,True,False,《行香子》,紫釵記,9,南詞,中呂宮引,行香子
1201.2,180,18,True,False,《滿庭芳》,琵琶記,9,南詞,中呂宮引,滿庭芳
1203.1,36,5,True,False,《柳梢青》,勸善金科,9,南詞,中呂宮引,柳梢青
1203.2,86,9,True,False,《駐馬聽》,翫江樓,9,南詞,中呂宮引,駐馬聽
1204.1,60,9,True,False,《江城子（村意遠）》,牛嶠詞,9,南詞,中呂宮引,江城子
1204.2,49,6,True,False,《遶紅樓》,勸善金科,9,南詞,中呂宮引,遶紅樓
1205.1,67,7,True,False,《怨回紇》,無名氏詞,9,南詞,中呂宮引,怨回紇
1205.2,92,9,True,False,《西江月（白蘋香、江月令）》,柳永詞,9,南詞,中呂宮引,西江月
1221.1,177,98,True,True,《山花子》,法宮雅奏,10,南詞,中呂宮正曲,山花子
1222.1,122,50,True,True,《山花子》,琵琶記,10,南詞,中呂宮正曲,山花子
1223.1,93,45,True,True,《山花子》,羅惜惜,10,南詞,中呂宮正曲,山花子
1224.1,121,67,True,True,《大和佛》,月令承應,10,南詞,中呂宮正曲,大和佛
1225.1,114,66,True,True,《大和佛》,琵琶記,10,南詞,中呂宮正曲,大和佛
1226.1,75,47,True,True,《和佛兒》,香囊記,10,南詞,中呂宮正曲,和佛兒
1226.2,79,48,True,True,《和佛兒》,香囊記,10,南詞,中呂宮正曲,和佛兒
1227.1,51,32,True,True,《和佛兒》,鮫綃記,10,南詞,中呂宮正曲,和佛兒
1228.1,87,54,True,True,《舞霓裳》,琵琶記,10,南詞,中呂宮正曲,舞霓裳
1228.2,91,54,True,True,《舞霓裳》,散曲,10,南詞,中呂宮正曲,舞霓裳
1229.1,97,60,True,True,《舞霓裳》,臥冰記,10,南詞,中呂宮正曲,舞霓裳
1230.1,255,134,True,True,《古山花子》,月令承應,10,南詞,中呂宮正曲,古山花子
1232.1,263,136,True,True,《古山花子》,翫江樓,10,南詞,中呂宮正曲,古山花子
1234.1,155,82,True,True,《駐馬聽》,月令承應,10,南詞,中呂宮正曲,駐馬聽
1235.1,101,42,True,True,《駐馬聽》,荊釵記,10,南詞,中呂宮正曲,駐馬聽
1236.1,102,43,True,True,《駐馬聽》,尋親記,10,南詞,中呂宮正曲,駐馬聽
1237.1,79,38,True,True,《駐雲飛》,月令承應,10,南詞,中呂宮正曲,駐雲飛
1238.1,159,74,True,True,《駐雲飛》,繡襦記,10,南詞,中呂宮正曲,駐雲飛
1238.2,94,45,True,True,《駐雲飛》,綵樓記,10,南詞,中呂宮正曲,駐雲飛
1239.1,178,90,True,True,《尾犯序》,勸善金科,10,南詞,中呂宮正曲,尾犯序
1240.1,194,97,True,True,《尾犯序》,琵琶記,10,南詞,中呂宮正曲,尾犯序
1241.1,180,95,True,True,《尾犯序》,琵琶記,10,南詞,中呂宮正曲,尾犯序
1242.1,105,48,True,True,《尾犯序》,慈悲願,10,南詞,中呂宮正曲,尾犯序
1242.2,176,89,True,True,《石榴花》,太平圖,10,南詞,中呂宮正曲,石榴花
1243.1,101,52,True,True,《石榴花》,散曲,10,南詞,中呂宮正曲,石榴花
1244.1,94,52,True,True,《石榴花》,白兔記,10,南詞,中呂宮正曲,石榴花
1245.1,168,98,True,True,《好事近（杏壇三操）》,九九大慶,10,南詞,中呂宮正曲,好事近
1246.1,102,57,True,True,《好事近（杏壇三操）》,九九大慶,10,南詞,中呂宮正曲,好事近
1247.1,97,54,True,True,《好事近（杏壇三操）》,玉簪記,10,南詞,中呂宮正曲,好事近
1247.2,193,113,True,True,《好事近（杏壇三操）》,散曲,10,南詞,中呂宮正曲,好事近
1248.1,141,74,True,True,《粉孩兒》,法宮雅奏,10,南詞,中呂宮正曲,粉孩兒
1249.1,132,73,True,True,《粉孩兒》,占花魁,10,南詞,中呂宮正曲,粉孩兒
1250.1,100,54,True,True,《紅芍藥》,法宮雅奏,10,南詞,中呂宮正曲,紅芍藥
1251.1,102,55,True,True,《紅芍藥》,聚英雄,10,南詞,中呂宮正曲,紅芍藥
1251.2,73,38,True,True,《耍孩兒》,法宮雅奏,10,南詞,中呂宮正曲,耍孩兒
1252.1,70,38,True,True,《耍孩兒》,如是觀,10,南詞,中呂宮正曲,耍孩兒
1253.1,65,42,True,True,《會河陽》,月令承應,10,南詞,中呂宮正曲,會河陽
1254.1,65,42,True,True,《會河陽》,一捧雪,10,南詞,中呂宮正曲,會河陽
1254.2,60,39,True,True,《縷縷金》,月令承應,10,南詞,中呂宮正曲,縷縷金
1255.1,48,32,True,True,《縷縷金》,雙紅記,10,南詞,中呂宮正曲,縷縷金
1256.1,57,33,True,True,《縷縷金》,尋親記,10,南詞,中呂宮正曲,縷縷金
1256.2,73,33,True,True,《越恁好（走山畫眉、滾繡毬）》,月令承應,10,南詞,中呂宮正曲,越恁好
1257.1,73,36,True,True,《越恁好（走山畫眉、滾繡毬）》,拜月亭,10,南詞,中呂宮正曲,越恁好
1258.1,69,33,True,True,《越恁好（走山畫眉、滾繡毬）》,綵樓記,10,南詞,中呂宮正曲,越恁好
1259.1,61,32,True,True,《越恁好（走山畫眉、滾繡毬）》,織錦迴文,10,南詞,中呂宮正曲,越恁好
1259.2,120,59,True,True,《越恁好（走山畫眉、滾繡毬）》,百順記,10,南詞,中呂宮正曲,越恁好
1261.1,61,31,True,True,《添字紅繡鞋》,月令承應,10,南詞,中呂宮正曲,添字紅繡鞋
1261.2,54,32,True,True,《添字紅繡鞋》,西樓記,10,南詞,中呂宮正曲,添字紅繡鞋
1262.1,47,23,True,True,《紅繡鞋（朱履曲）》,勸善金科,10,南詞,中呂宮正曲,紅繡鞋
1263.1,48,27,True,True,《紅繡鞋（朱履曲）》,風箏誤,10,南詞,中呂宮正曲,紅繡鞋
1263.2,50,28,True,True,《紅繡鞋（朱履曲）》,散曲,10,南詞,中呂宮正曲,紅繡鞋
1264.1,44,26,True,True,《紅繡鞋（朱履曲）》,白兔記,10,南詞,中呂宮正曲,紅繡鞋
1265.1,126,59,True,True,《千秋歲（千秋萬歲）》,百順記,10,南詞,中呂宮正曲,千秋歲
1266.1,167,61,True,True,《千秋歲（千秋萬歲）》,牡丹亭,10,南詞,中呂宮正曲,千秋歲
1267.1,127,62,True,True,《千秋歲（千秋萬歲）》,散曲,10,南詞,中呂宮正曲,千秋歲
1268.1,168,85,True,True,《古輪台》,九九大慶,10,南詞,中呂宮正曲,古輪台
1269.1,202,87,True,True,《古輪台》,琵琶記,10,南詞,中呂宮正曲,古輪台
1270.1,193,84,True,True,《古輪台》,琵琶記,10,南詞,中呂宮正曲,古輪台
1271.1,86,36,True,True,《撲燈蛾（打火蟲）》,拜月亭,10,南詞,中呂宮正曲,撲燈蛾
1272.1,64,32,True,True,《撲燈蛾（打火蟲）》,拜月亭,10,南詞,中呂宮正曲,撲燈蛾
1273.1,55,29,True,True,《撲燈蛾（打火蟲）》,金印記,10,南詞,中呂宮正曲,撲燈蛾
1274.1,50,23,True,True,《撲燈蛾（打火蟲）》,綵樓記,10,南詞,中呂宮正曲,撲燈蛾
1274.2,75,28,True,True,《撲燈蛾（打火蟲）》,長生殿,10,南詞,中呂宮正曲,撲燈蛾
1275.1,80,32,True,True,《撲燈蛾（打火蟲）》,長生殿,10,南詞,中呂宮正曲,撲燈蛾
1276.1,295,150,True,True,《得勝序》,鬼做媒,10,南詞,中呂宮正曲,得勝序
1278.1,194,78,True,True,《得勝序》,鬼做媒,10,南詞,中呂宮正曲,得勝序
1279.1,66,37,True,True,《杵歌》,太平錢,10,南詞,中呂宮正曲,杵歌
1280.1,184,104,True,True,《喜漁燈》,散曲,10,南詞,中呂宮正曲,喜漁燈
1281.1,109,52,True,True,《喜漁燈》,綵樓記,10,南詞,中呂宮正曲,喜漁燈
1281.2,83,40,True,True,《喜漁燈》,芭蕉井,10,南詞,中呂宮正曲,喜漁燈
1282.1,187,117,True,True,《?環着》,千金記,10,南詞,中呂宮正曲,?環着
1283.1,135,78,True,True,《?環着》,金印記,10,南詞,中呂宮正曲,?環着
1284.1,111,66,True,True,《?環着》,八義記,10,南詞,中呂宮正曲,?環着
1285.1,87,50,True,True,《?環着》,白兔記,10,南詞,中呂宮正曲,?環着
1286.1,129,68,True,True,《喬合笙》,千金記,10,南詞,中呂宮正曲,喬合笙
1287.1,125,66,True,True,《喬合笙》,荊釵記,10,南詞,中呂宮正曲,喬合笙
1288.1,112,56,True,True,《喬合笙》,東墻記,10,南詞,中呂宮正曲,喬合笙
1289.1,115,58,True,True,《喬合笙》,分鏡記,10,南詞,中呂宮正曲,喬合笙
1291.1,163,77,True,True,《漁家傲》,拜月亭,10,南詞,中呂宮正曲,漁家傲
1292.1,163,95,True,True,《剔銀燈》,綵樓記,10,南詞,中呂宮正曲,剔銀燈
1293.1,88,35,True,True,《攤破地錦花》,拜月亭,10,南詞,中呂宮正曲,攤破地錦花
1294.1,95,35,True,True,《攤破地錦花》,紅梨記,10,南詞,中呂宮正曲,攤破地錦花
1294.2,85,55,True,True,《麻婆子（羅敷令）》,拜月亭,10,南詞,中呂宮正曲,麻婆子
1295.1,80,55,True,True,《麻婆子（羅敷令）》,何推官,10,南詞,中呂宮正曲,麻婆子
1296.1,51,24,True,True,《麻婆子（羅敷令）》,白兔記,10,南詞,中呂宮正曲,麻婆子
1296.2,65,32,True,True,《麻婆子（羅敷令）》,金雀記,10,南詞,中呂宮正曲,麻婆子
1309.1,72,38,True,True,《念佛子》,拜月亭,11,南詞,中呂宮正曲,念佛子
1310.1,63,35,True,True,《念佛子》,拜月亭,11,南詞,中呂宮正曲,念佛子
1310.2,60,32,True,True,《念佛子》,拜月亭,11,南詞,中呂宮正曲,念佛子
1311.1,73,40,True,True,《念佛子》,拜月亭,11,南詞,中呂宮正曲,念佛子
1311.2,70,37,True,True,《念佛子》,尋親記,11,南詞,中呂宮正曲,念佛子
1312.1,76,42,True,True,《念佛子》,殺狗記,11,南詞,中呂宮正曲,念佛子
1313.1,61,33,True,True,《鶻打兔》,西園記,11,南詞,中呂宮正曲,鶻打兔
1314.1,59,33,True,True,《鶻打兔》,臥冰記,11,南詞,中呂宮正曲,鶻打兔
1314.2,37,21,True,True,《駐馬兒》,牧羊記,11,南詞,中呂宮正曲,駐馬兒
1315.1,36,21,True,True,《駐馬兒》,忠孝錄,11,南詞,中呂宮正曲,駐馬兒
1315.2,65,38,True,True,《大影戲》,殺狗記,11,南詞,中呂宮正曲,大影戲
1316.1,70,37,True,True,《大影戲》,西樓記,11,南詞,中呂宮正曲,大影戲
1317.1,97,51,True,True,《兩休休》,臥冰記,11,南詞,中呂宮正曲,兩休休
1318.1,110,52,True,True,《兩休休》,桃花記,11,南詞,中呂宮正曲,兩休休
1318.2,100,48,True,True,《兩休休》,焚香記,11,南詞,中呂宮正曲,兩休休
1319.1,110,52,True,True,《兩休休》,焚香記,11,南詞,中呂宮正曲,兩休休
1320.1,36,16,True,True,《迎仙客》,荊釵記,11,南詞,中呂宮正曲,迎仙客
1321.1,34,16,True,True,《迎仙客》,東墻記,11,南詞,中呂宮正曲,迎仙客
1321.2,154,92,True,True,《太平年》,無名氏詞,11,南詞,中呂宮正曲,太平年
1322.1,138,85,True,True,《平湖樂（採蓮詞）》,王輝詞,11,南詞,中呂宮正曲,平湖樂
1323.1,277,153,True,True,《五福降中天》,江致和詞,11,南詞,中呂宮正曲,五福降中天
1324.1,276,144,True,True,《祭天神》,柳永詞,11,南詞,中呂宮正曲,祭天神
1325.1,94,54,True,True,《漁家燈》,荊釵記,11,南詞,中呂宮正曲,漁家燈
1327.1,20,12,True,True,《恤刑兒》,拜月亭,11,南詞,中呂宮正曲,恤刑兒
1328.1,46,22,True,True,《好花兒》,拜月亭,11,南詞,中呂宮正曲,好花兒
1328.2,74,34,True,True,《福馬郎》,拜月亭,11,南詞,中呂宮正曲,福馬郎
1329.1,78,46,True,True,《好孩兒》,八義記,11,南詞,中呂宮正曲,好孩兒
1330.1,215,109,True,True,《瓦盆兒》,散曲,11,南詞,中呂宮正曲,瓦盆兒
1331.1,149,57,True,True,《瓦盆兒》,牡丹亭,11,南詞,中呂宮正曲,瓦盆兒
1332.1,170,94,True,True,《古瓦盆兒》,分鏡記,11,南詞,中呂宮正曲,古瓦盆兒
1334.1,36,25,True,True,《太平令》,拜月亭,11,南詞,中呂宮正曲,太平令
1334.2,39,23,True,True,《太平令》,荊釵記,11,南詞,中呂宮正曲,太平令
1334.3,64,31,True,True,《小團圓》,散曲,11,南詞,中呂宮正曲,小團圓
1335.1,73,40,True,True,《鳳凰閣序》,臥冰記,11,南詞,中呂宮正曲,鳳凰閣序
1336.1,81,41,True,True,《十破四》,臥冰記,11,南詞,中呂宮正曲,十破四
1337.1,140,70,True,True,《水車歌》,散曲,11,南詞,中呂宮正曲,水車歌
1338.1,30,16,True,True,《丹鳳吟》,殺狗記,11,南詞,中呂宮正曲,丹鳳吟
1338.2,32,18,True,True,《丹鳳吟》,殺狗記,11,南詞,中呂宮正曲,丹鳳吟
1339.1,58,32,True,True,《鳳凰閣（數花風）》,月令承應,11,南詞,中呂宮正曲,鳳凰閣
1340.1,59,30,True,True,《鳳凰閣（數花風）》,尋親記,11,南詞,中呂宮正曲,鳳凰閣
1340.2,192,101,True,True,《宮娥曲》,綵樓記,11,南詞,中呂宮正曲,宮娥曲
1341.1,121,53,True,True,《宮娥曲》,綵樓記,11,南詞,中呂宮正曲,宮娥曲
1342.1,204,101,True,True,《宮娥曲》,燕子樓,11,南詞,中呂宮正曲,宮娥曲
1343.1,135,54,True,True,《宮娥曲》,燕子樓,11,南詞,中呂宮正曲,宮娥曲
1344.1,70,42,True,True,《呼喚子》,散曲,11,南詞,中呂宮正曲,呼喚子
1345.1,75,36,True,True,《不漏水車子》,拜月亭,11,南詞,中呂宮正曲,不漏水車子
1346.1,90,48,True,True,《阿好悶》,散曲,11,南詞,中呂宮正曲,阿好悶
1347.1,39,20,True,True,《風蟬兒》,臥冰記,11,南詞,中呂宮正曲,風蟬兒
1348.1,37,17,True,True,《風蟬兒》,燕子箋,11,南詞,中呂宮正曲,風蟬兒
1348.2,57,39,True,True,《打棗兒》,題紅記,11,南詞,中呂宮正曲,打棗兒
1349.1,349,182,True,True,《倦尋芳》,王雱詞,11,南詞,中呂宮正曲,倦尋芳
1350.1,63,28,True,True,《醉吟商》,姜夔詞,11,南詞,中呂宮正曲,醉吟商
1351.1,115,73,True,True,《永團圓》,九九大慶,11,南詞,中呂宮正曲,永團圓
1352.1,128,80,True,True,《永團圓》,古西廂,11,南詞,中呂宮正曲,永團圓
1353.1,93,20,True,False,《鼓板賺》,散曲,11,南詞,中呂宮正曲,鼓板賺
1354.1,82,19,True,True,《本宮賺》,殺狗記,11,南詞,中呂宮正曲,本宮賺
1354.2,43,24,True,True,《意不盡》,勸善金科,11,南詞,中呂宮正曲,意不盡
1355.1,39,24,True,True,《意不盡》,琵琶記,11,南詞,中呂宮正曲,意不盡
1355.2,39,22,True,True,《尚如縷煞》,散曲,11,南詞,中呂宮正曲,尚如縷煞
1356.1,36,22,True,True,《尚如縷煞》,浣紗記,11,南詞,中呂宮正曲,尚如縷煞
1356.2,41,22,True,True,《慶餘》,月令承應,11,南詞,中呂宮正曲,慶餘
1356.3,58,30,True,True,《慶餘》,綵樓記,11,南詞,中呂宮正曲,慶餘
1369.1,214,106,True,True,《好子樂（好事近）》,月令承應,12,南詞,中呂宮集曲,好子樂
1370.1,205,114,True,True,《好子樂（好事近）》,九九大慶,12,南詞,中呂宮集曲,好子樂
1371.1,228,128,True,True,《好銀燈》,散曲,12,南詞,中呂宮集曲,好銀燈
1371.2,86,45,True,True,《好銀燈》,散曲,12,南詞,中呂宮集曲,好銀燈
1372.1,326,174,True,True,《好事有四美》,太平圖,12,南詞,中呂宮集曲,好事有四美
1373.1,181,102,True,True,《榴花好（榴花泣）》,九九大慶,12,南詞,中呂宮集曲,榴花好
1374.1,221,108,True,True,《榴花好（榴花泣）》,散曲,12,南詞,中呂宮集曲,榴花好
1375.1,113,54,True,True,《榴花好（榴花泣）》,牡丹亭,12,南詞,中呂宮集曲,榴花好
1376.1,106,49,True,True,《榴花好（榴花泣）》,紫釵記,12,南詞,中呂宮集曲,榴花好
1377.1,161,90,True,True,《石榴掛漁燈》,題紅記,12,南詞,中呂宮集曲,石榴掛漁燈
1378.1,112,53,True,True,《石榴掛漁燈》,題紅記,12,南詞,中呂宮集曲,石榴掛漁燈
1379.1,206,93,True,True,《石榴掛漁燈》,狀元旗,12,南詞,中呂宮集曲,石榴掛漁燈
1379.2,206,109,True,True,《石榴燈（石榴掛紅燈）》,海潮音,12,南詞,中呂宮集曲,石榴燈
1380.1,94,43,True,True,《石榴燈（石榴掛紅燈）》,芭蕉井,12,南詞,中呂宮集曲,石榴燈
1381.1,209,97,True,True,《榴子鴈聲》,英雄譜,12,南詞,中呂宮集曲,榴子鴈聲
1382.1,204,109,True,True,《花尾鴈》,百錬金,12,南詞,中呂宮集曲,花尾鴈
1383.1,196,97,True,True,《石榴刷子樂》,夢花酣,12,南詞,中呂宮集曲,石榴刷子樂
1384.1,82,39,True,True,《榴花三和》,散曲,12,南詞,中呂宮集曲,榴花三和
1385.1,71,37,True,True,《榴花馬》,散曲,12,南詞,中呂宮集曲,榴花馬
1385.2,176,93,True,True,《尾芙蓉》,十孝記,12,南詞,中呂宮集曲,尾芙蓉
1386.1,130,74,True,True,《尾銀燈》,芭蕉井,12,南詞,中呂宮集曲,尾銀燈
1387.1,198,105,True,True,《尾漁燈》,獺鏡緣,12,南詞,中呂宮集曲,尾漁燈
1388.1,113,52,True,True,《尾錦纏（尾犯錦）》,井中天,12,南詞,中呂宮集曲,尾錦纏
1389.1,180,86,True,True,《漁燈鴈（兩漁聽鴈）》,散曲,12,南詞,中呂宮集曲,漁燈鴈
1390.1,203,105,True,True,《漁家醉芙蓉》,廣陵仙,12,南詞,中呂宮集曲,漁家醉芙蓉
1391.1,166,86,True,True,《漁燈花》,王煥傳奇,12,南詞,中呂宮集曲,漁燈花
1392.1,118,49,True,True,《漁燈花》,王煥傳奇,12,南詞,中呂宮集曲,漁燈花
1393.1,90,40,True,True,《漁銀燈》,燕子樓,12,南詞,中呂宮集曲,漁銀燈
1393.2,237,123,True,True,《三燈並照》,百錬金,12,南詞,中呂宮集曲,三燈並照
1394.1,86,40,True,True,《喜銀燈》,芭蕉井,12,南詞,中呂宮集曲,喜銀燈
1395.1,225,86,True,True,《喜漁燈集》,散曲,12,南詞,中呂宮集曲,喜漁燈集
1396.1,254,95,True,True,《剔銀燈集》,散曲,12,南詞,中呂宮集曲,剔銀燈集
1398.1,92,48,True,True,《銀燈照芙蓉》,鬧花燈,12,南詞,中呂宮集曲,銀燈照芙蓉
1399.1,73,45,True,True,《銀燈紅》,如是觀,12,南詞,中呂宮集曲,銀燈紅
1400.1,73,39,True,True,《燈影搖紅》,夢花酣,12,南詞,中呂宮集曲,燈影搖紅
1400.2,100,48,True,True,《銀燈花（銀燈照錦花）》,夢花酣,12,南詞,中呂宮集曲,銀燈花
1401.1,102,41,True,True,《花六么》,夢花酣,12,南詞,中呂宮集曲,花六么
1402.1,49,22,True,True,《麻婆穿繡鞋》,勸善記,12,南詞,中呂宮集曲,麻婆穿繡鞋
1403.1,68,29,True,True,《麻婆穿繡鞋》,散曲,12,南詞,中呂宮集曲,麻婆穿繡鞋
1403.2,78,35,True,True,《麻婆好繡鞋》,廣陵仙,12,南詞,中呂宮集曲,麻婆好繡鞋
1404.1,151,85,True,True,《駐馬鎗》,翫江樓,12,南詞,中呂宮集曲,駐馬鎗
1405.1,134,53,True,True,《二馬普金花（金馬樂）》,牡丹亭,12,南詞,中呂宮集曲,二馬普金花
1406.1,161,90,True,True,《駐馬近（駐馬泣）》,十孝記,12,南詞,中呂宮集曲,駐馬近
1407.1,147,72,True,True,《倚馬待風雲》,散曲,12,南詞,中呂宮集曲,倚馬待風雲
1408.1,73,42,True,True,《駐馬輪臺》,夢花酣,12,南詞,中呂宮集曲,駐馬輪臺
1409.1,101,40,True,True,《駐馬翫江風（番馬舞西風）》,散曲,12,南詞,中呂宮集曲,駐馬翫江風
1410.1,95,52,True,True,《駐馬摘金桃》,白兔記,12,南詞,中呂宮集曲,駐馬摘金桃
1411.1,105,54,True,True,《駐馬摘金桃》,鴛鴦棒,12,南詞,中呂宮集曲,駐馬摘金桃
1412.1,97,43,True,True,《駐馬聽鶯兒》,春燈謎,12,南詞,中呂宮集曲,駐馬聽鶯兒
1413.1,82,40,True,True,《駐雲聽》,散曲,12,南詞,中呂宮集曲,駐雲聽
1414.1,133,74,True,True,《舞霓戲千秋（霓裳戲舞千秋）》,廣陵仙,12,南詞,中呂宮集曲,舞霓戲千秋
1415.1,117,63,True,True,《千秋舞霓裳》,長生殿,12,南詞,中呂宮集曲,千秋舞霓裳
1416.1,55,28,True,True,《芍藥掛鴈燈》,太平圖,12,南詞,中呂宮集曲,芍藥掛鴈燈
1416.2,63,26,True,True,《紅鴈過（芍藥掛鴈燈）》,散曲,12,南詞,中呂宮集曲,紅鴈過
1417.1,85,48,True,True,《兩兒帶芍藥（孩兒帶芍藥）》,散曲,12,南詞,中呂宮集曲,兩兒帶芍藥
1418.1,72,42,True,True,《金孩兒》,太平圖,12,南詞,中呂宮集曲,金孩兒
1419.1,80,45,True,True,《金芙蓉》,散曲,12,南詞,中呂宮集曲,金芙蓉
1419.2,62,38,True,True,《雙金圓（縷金嵌孩兒）》,牡丹亭,12,南詞,中呂宮集曲,雙金圓
1420.1,83,48,True,True,《孩兒燈》,散曲,12,南詞,中呂宮集曲,孩兒燈
1421.1,60,34,True,True,《撲紅燈（撲燈紅）》,翠屏山,12,南詞,中呂宮集曲,撲紅燈
1422.1,121,67,True,True,《九品蓮》,散曲,12,南詞,中呂宮集曲,九品蓮
1423.1,95,57,True,True,《兩紅燈（漁家燈）》,夢花酣,12,南詞,中呂宮集曲,兩紅燈
1424.1,95,56,True,True,《念佛水紅花》,散曲,12,南詞,中呂宮集曲,念佛水紅花
1425.1,321,173,True,True,《雙瓦合漁燈》,夢花酣,12,南詞,中呂宮集曲,雙瓦合漁燈
1447.1,69,7,True,False,《粉蝶兒》,雍熙樂府,13,北詞,中呂調隻曲,粉蝶兒
1447.2,110,9,True,False,《粉蝶兒》,雍熙樂府,13,北詞,中呂調隻曲,粉蝶兒
1448.1,90,7,True,False,《粉蝶兒》,牟尼合,13,北詞,中呂調隻曲,粉蝶兒
1449.1,79,32,True,True,《粉蝶兒》,董西廂,13,北詞,中呂調隻曲,粉蝶兒
1450.1,89,34,True,True,《粉蝶兒》,董西廂,13,北詞,中呂調隻曲,粉蝶兒
1450.2,71,8,True,False,《醉春風》,雍熙樂府,13,北詞,中呂調隻曲,醉春風
1451.1,66,10,True,False,《醉春風》,雍熙樂府,13,北詞,中呂調隻曲,醉春風
1452.1,105,36,True,True,《醉春風》,元人百種,13,北詞,中呂調隻曲,醉春風
1452.2,74,7,True,False,《醉春風》,散曲,13,北詞,中呂調隻曲,醉春風
1453.1,28,5,True,False,《呌聲》,散曲,13,北詞,中呂調隻曲,呌聲
1454.1,28,6,True,False,《呌聲》,雍熙樂府,13,北詞,中呂調隻曲,呌聲
1454.2,45,7,True,False,《呌聲》,元人百種,13,北詞,中呂調隻曲,呌聲
1455.1,55,16,True,True,《呌聲》,元人百種,13,北詞,中呂調隻曲,呌聲
1455.2,59,4,True,False,《呌聲》,元人百種,13,北詞,中呂調隻曲,呌聲
1456.1,47,14,True,True,《呌聲》,元人百種,13,北詞,中呂調隻曲,呌聲
1457.1,135,48,True,True,《石榴花》,心猿意馬,13,北詞,中呂調隻曲,石榴花
1457.2,129,56,True,True,《石榴花》,元人百種,13,北詞,中呂調隻曲,石榴花
1458.1,110,52,True,True,《石榴花》,雍熙樂府,13,北詞,中呂調隻曲,石榴花
1459.1,119,47,True,True,《石榴花》,天寶遺事,13,北詞,中呂調隻曲,石榴花
1460.1,159,73,True,True,《石榴花》,雍熙樂府,13,北詞,中呂調隻曲,石榴花
1461.1,112,49,True,True,《古調石榴花》,月令承應,13,北詞,中呂調隻曲,古調石榴花
1463.1,110,47,True,True,《鬭鵪鶉》,心猿意馬,13,北詞,中呂調隻曲,鬭鵪鶉
1463.2,93,43,True,True,《鬭鵪鶉》,元人百種,13,北詞,中呂調隻曲,鬭鵪鶉
1464.1,130,66,True,True,《鬭鵪鶉》,雍熙樂府,13,北詞,中呂調隻曲,鬭鵪鶉
1465.1,85,48,True,True,《鬭鵪鶉》,天寶遺事,13,北詞,中呂調隻曲,鬭鵪鶉
1466.1,102,46,True,True,《鬭鵪鶉》,雍熙樂府,13,北詞,中呂調隻曲,鬭鵪鶉
1467.1,75,30,True,True,《上小樓》,雍熙樂府,13,北詞,中呂調隻曲,上小樓
1467.2,66,28,True,True,《上小樓》,雍熙樂府,13,北詞,中呂調隻曲,上小樓
1468.1,74,28,True,True,《上小樓》,雍熙樂府,13,北詞,中呂調隻曲,上小樓
1469.1,72,30,True,True,《上小樓》,雍熙樂府,13,北詞,中呂調隻曲,上小樓
1469.2,81,32,True,True,《上小樓》,雍熙樂府,13,北詞,中呂調隻曲,上小樓
1470.1,82,30,True,True,《上小樓》,雍熙樂府,13,北詞,中呂調隻曲,上小樓
1471.1,70,30,True,True,《上小樓》,天寶遺事,13,北詞,中呂調隻曲,上小樓
1472.1,61,30,True,True,《上小樓》,天寶遺事,13,北詞,中呂調隻曲,上小樓
1472.2,94,52,True,True,《上小樓》,雍熙樂府,13,北詞,中呂調隻曲,上小樓
1474.1,85,34,True,True,《酥棗兒》,月令承應,13,北詞,中呂調隻曲,酥棗兒
1474.2,82,33,True,True,《酥棗兒》,雍熙樂府,13,北詞,中呂調隻曲,酥棗兒
1475.1,97,46,True,True,《滿庭芳》,太平圖,13,北詞,中呂調隻曲,滿庭芳
1476.1,95,46,True,True,《滿庭芳》,雍熙樂府,13,北詞,中呂調隻曲,滿庭芳
1477.1,102,56,True,True,《滿庭芳》,散曲,13,北詞,中呂調隻曲,滿庭芳
1478.1,112,48,True,True,《滿庭霜》,董西廂,13,北詞,中呂調隻曲,滿庭霜
1479.1,113,46,True,True,《滿庭霜》,董西廂,13,北詞,中呂調隻曲,滿庭霜
1480.1,69,30,True,True,《紅繡鞋（朱履曲）》,散曲,13,北詞,中呂調隻曲,紅繡鞋
1480.2,67,38,True,True,《紅繡鞋（朱履曲）》,雍熙樂府,13,北詞,中呂調隻曲,紅繡鞋
1481.1,91,29,True,True,《紅繡鞋（朱履曲）》,散曲,13,北詞,中呂調隻曲,紅繡鞋
1481.2,90,31,True,True,《紅繡鞋（朱履曲）》,散曲,13,北詞,中呂調隻曲,紅繡鞋
1482.1,56,27,True,True,《紅繡鞋（朱履曲）》,天寶遺事,13,北詞,中呂調隻曲,紅繡鞋
1483.1,41,17,True,True,《快活三》,散曲,13,北詞,中呂調隻曲,快活三
1483.2,43,17,True,True,《快活三》,雍熙樂府,13,北詞,中呂調隻曲,快活三
1484.1,49,22,True,True,《快活三》,天寶遺事,13,北詞,中呂調隻曲,快活三
1485.1,103,40,True,True,《朝天子（謁金門）》,散曲,13,北詞,中呂調隻曲,朝天子
1485.2,101,48,True,True,《朝天子（謁金門）》,散曲,13,北詞,中呂調隻曲,朝天子
1486.1,122,49,True,True,《朝天子（謁金門）》,散曲,13,北詞,中呂調隻曲,朝天子
1487.1,154,55,True,True,《朝天子（謁金門）》,浣紗記,13,北詞,中呂調隻曲,朝天子
1488.1,68,30,True,True,《四邊靜》,雍熙樂府,13,北詞,中呂調隻曲,四邊靜
1489.1,69,32,True,True,《四邊靜》,元人百種,13,北詞,中呂調隻曲,四邊靜
1490.1,53,26,True,True,《四換頭》,散曲,13,北詞,中呂調隻曲,四換頭
1490.2,54,22,True,True,《四換頭》,雍熙樂府,13,北詞,中呂調隻曲,四換頭
1491.1,66,31,True,True,《四換頭》,散曲,13,北詞,中呂調隻曲,四換頭
1492.1,135,55,True,True,《齊天樂（臺城路）》,散曲,13,北詞,中呂調隻曲,齊天樂
1493.1,64,36,True,True,《紅衫兒》,散曲,13,北詞,中呂調隻曲,紅衫兒
1493.2,69,36,True,True,《紅衫兒》,散曲,13,北詞,中呂調隻曲,紅衫兒
1494.1,90,43,True,True,《蘇武持節（山坡裏羊）》,散曲,13,北詞,中呂調隻曲,蘇武持節
1495.1,52,24,True,True,《醉高歌（最高樓）》,散曲,13,北詞,中呂調隻曲,醉高歌
1495.2,55,24,True,True,《醉高歌（最高樓）》,雍熙樂府,13,北詞,中呂調隻曲,醉高歌
1496.1,52,22,True,True,《醉高歌（最高樓）》,雍熙樂府,13,北詞,中呂調隻曲,醉高歌
1496.2,68,26,True,True,《喜春來（陽春曲）》,散曲,13,北詞,中呂調隻曲,喜春來
1497.1,75,29,True,True,《喜春來（陽春曲）》,元人百種,13,北詞,中呂調隻曲,喜春來
1497.2,76,34,True,True,《攤破喜春來》,月令承應,13,北詞,中呂調隻曲,攤破喜春來
1498.1,63,27,True,True,《迎仙客》,月令承應,13,北詞,中呂調隻曲,迎仙客
1499.1,90,40,True,True,《迎仙客》,太平圖,13,北詞,中呂調隻曲,迎仙客
1500.1,104,46,True,True,《普天樂（黃梅雨）》,太平圖,13,北詞,中呂調隻曲,普天樂
1501.1,132,54,True,True,《普天樂（黃梅雨）》,太平圖,13,北詞,中呂調隻曲,普天樂
1501.2,91,39,True,True,《普天樂（黃梅雨）》,天寶遺事,13,北詞,中呂調隻曲,普天樂
1502.1,80,41,True,True,《普天樂（黃梅雨）》,月令承應,13,北詞,中呂調隻曲,普天樂
1503.1,101,44,True,True,《普天樂（黃梅雨）》,散曲,13,北詞,中呂調隻曲,普天樂
1504.1,89,42,True,True,《紅芍藥》,太平圖,13,北詞,中呂調隻曲,紅芍藥
1504.2,104,44,True,True,《紅芍藥》,元人百種,13,北詞,中呂調隻曲,紅芍藥
1505.1,57,30,True,True,《賀聖朝》,太平圖,13,北詞,中呂調隻曲,賀聖朝
1506.1,106,69,True,True,《柳青娘》,散曲,13,北詞,中呂調隻曲,柳青娘
1507.1,93,65,True,True,《柳青娘》,元人百種,13,北詞,中呂調隻曲,柳青娘
1508.1,167,101,True,True,《道和（道合）》,月令承應,13,北詞,中呂調隻曲,道和
1509.1,126,107,True,True,《道和（道合）》,元人百種,13,北詞,中呂調隻曲,道和
1511.1,178,92,True,True,《道和（道合）》,元人百種,13,北詞,中呂調隻曲,道和
1512.1,186,154,True,True,《道和（道合）》,散曲,13,北詞,中呂調隻曲,道和
1514.1,137,63,True,True,《播海令》,罟罟旦,13,北詞,中呂調隻曲,播海令
1515.1,282,102,True,True,《古竹馬》,罟罟旦,13,北詞,中呂調隻曲,古竹馬
1518.1,125,44,True,True,《迓鼓兒》,太平圖,13,北詞,中呂調隻曲,迓鼓兒
1519.1,78,45,True,True,《十二月》,散曲,13,北詞,中呂調隻曲,十二月
1520.1,77,50,True,True,《堯民歌》,雍熙樂府,13,北詞,中呂調隻曲,堯民歌
1521.1,90,53,True,True,《堯民歌》,散曲,13,北詞,中呂調隻曲,堯民歌
1521.2,81,48,True,True,《堯民歌》,雍熙樂府,13,北詞,中呂調隻曲,堯民歌
1522.1,159,55,True,True,《百字遶民歌》,盛世新聲,13,北詞,中呂調隻曲,百字遶民歌
1524.1,71,33,True,True,《剔銀燈》,雍熙樂府,13,北詞,中呂調隻曲,剔銀燈
1524.2,92,34,True,True,《剔銀燈》,元人百種,13,北詞,中呂調隻曲,剔銀燈
1525.1,105,34,True,True,《剔銀燈》,雍熙樂府,13,北詞,中呂調隻曲,剔銀燈
1526.1,75,38,True,True,《剔銀燈》,董西廂,13,北詞,中呂調隻曲,剔銀燈
1527.1,56,26,True,True,《蔓菁業》,雍熙樂府,13,北詞,中呂調隻曲,蔓菁業
1527.2,63,24,True,True,《蔓菁業》,雍熙樂府,13,北詞,中呂調隻曲,蔓菁業
1528.1,61,23,True,True,《蔓菁業》,散曲,13,北詞,中呂調隻曲,蔓菁業
1528.2,92,39,True,True,《鮑老兒》,雍熙樂府,13,北詞,中呂調隻曲,鮑老兒
1529.1,67,37,True,True,《鮑老兒》,太平圖,13,北詞,中呂調隻曲,鮑老兒
1530.1,120,57,True,True,《古鮑老》,散曲,13,北詞,中呂調隻曲,古鮑老
1531.1,118,47,True,True,《古鮑老》,散曲,13,北詞,中呂調隻曲,古鮑老
1532.1,104,48,True,True,《鮑老三台袞》,雍熙樂府,13,北詞,中呂調隻曲,鮑老三台袞
1533.1,69,39,True,True,《鬼三台》,元人百種,13,北詞,中呂調隻曲,鬼三台
1534.1,76,32,True,True,《賣花聲（昇平樂、賣花聲煞）》,散曲,13,北詞,中呂調隻曲,賣花聲
1535.1,83,38,True,True,《喬捉蛇》,散曲,13,北詞,中呂調隻曲,喬捉蛇
1535.2,80,32,True,True,《喬捉蛇》,董西廂,13,北詞,中呂調隻曲,喬捉蛇
1536.1,86,37,True,True,《鶻打兔》,董西廂,13,北詞,中呂調隻曲,鶻打兔
1537.1,95,38,True,True,《鶻打兔》,董西廂,13,北詞,中呂調隻曲,鶻打兔
1538.1,204,80,True,True,《萬年歌》,無名氏詞,13,北詞,中呂調隻曲,萬年歌
1539.1,171,75,True,True,《古輪臺》,董西廂,13,北詞,中呂調隻曲,古輪臺
1540.1,172,73,True,True,《古輪臺》,董西廂,13,北詞,中呂調隻曲,古輪臺
1541.1,233,84,True,True,《擊梧桐》,柳永詞,13,北詞,中呂調隻曲,擊梧桐
1543.1,59,30,True,True,《倬倬戚》,董西廂,13,北詞,中呂調隻曲,倬倬戚
1543.2,64,29,True,True,《倬倬戚》,董西廂,13,北詞,中呂調隻曲,倬倬戚
1544.1,97,36,True,True,《碧牡丹》,董西廂,13,北詞,中呂調隻曲,碧牡丹
1545.1,93,36,True,True,《碧牡丹》,董西廂,13,北詞,中呂調隻曲,碧牡丹
1545.2,150,60,True,True,《摸魚兒（陂塘柳）》,董西廂,13,北詞,中呂調隻曲,摸魚兒
1546.1,140,56,True,True,《千秋節（千秋歲）》,董西廂,13,北詞,中呂調隻曲,千秋節
1547.1,97,41,True,True,《安公子》,董西廂,13,北詞,中呂調隻曲,安公子
1548.1,97,48,True,True,《安公子》,董西廂,13,北詞,中呂調隻曲,安公子
1549.1,101,56,True,True,《棹孤舟纒令》,董西廂,13,北詞,中呂調隻曲,棹孤舟纒令
1550.1,93,46,True,True,《棹孤舟纒令》,董西廂,13,北詞,中呂調隻曲,棹孤舟纒令
1551.1,90,36,True,True,《香風合纒令》,董西廂,13,北詞,中呂調隻曲,香風合纒令
1552.1,77,19,True,True,《賣花聲煞》,雍熙樂府,13,北詞,中呂調隻曲,賣花聲煞
1553.1,47,4,True,False,《煞尾》,散曲,13,北詞,中呂調隻曲,煞尾
1553.2,44,5,True,False,《煞尾》,雍熙樂府,13,北詞,中呂調隻曲,煞尾
1554.1,35,3,True,False,《尾聲》,董西廂,13,北詞,中呂調隻曲,尾聲
1554.2,28,4,True,False,《尾聲》,董西廂,13,北詞,中呂調隻曲,尾聲
1555.1,47,6,True,False,《啄木兒煞》,盛世新聲,13,北詞,中呂調隻曲,啄木兒煞
1567.1,86,6,False,False,《粉蝶兒》,月令承應,14,北詞,中呂調套曲,粉蝶兒
1568.1,54,23,False,True,《醉高歌》,月令承應,14,北詞,中呂調套曲,醉高歌
1568.2,77,27,False,True,《紅繡鞋》,月令承應,14,北詞,中呂調套曲,紅繡鞋
1569.1,123,45,False,True,《古鮑老》,月令承應,14,北詞,中呂調套曲,古鮑老
1569.2,80,34,False,True,《賣花聲》,月令承應,14,北詞,中呂調套曲,賣花聲
1570.1,40,6,False,False,《啄木兒煞》,月令承應,14,北詞,中呂調套曲,啄木兒煞
1571.1,81,7,False,False,《粉蝶兒》,元人百種,14,北詞,中呂調套曲,粉蝶兒
1571.2,43,6,False,False,《呌聲》,元人百種,14,北詞,中呂調套曲,呌聲
1572.1,66,8,False,False,《醉春風》,元人百種,14,北詞,中呂調套曲,醉春風
1572.2,115,35,False,True,《迎仙客》,元人百種,14,北詞,中呂調套曲,迎仙客
1573.1,97,30,False,True,《紅繡鞋》,元人百種,14,北詞,中呂調套曲,紅繡鞋
1574.1,53,23,False,True,《快活三》,元人百種,14,北詞,中呂調套曲,快活三
1574.2,110,41,False,True,《鮑老兒》,元人百種,14,北詞,中呂調套曲,鮑老兒
1575.1,129,50,False,True,《古鮑老》,元人百種,14,北詞,中呂調套曲,古鮑老
1576.1,97,48,False,True,《紅芍藥》,元人百種,14,北詞,中呂調套曲,紅芍藥
1577.1,81,43,False,True,《剔銀燈》,元人百種,14,北詞,中呂調套曲,剔銀燈
1577.2,65,31,False,True,《蔓菁菜》,元人百種,14,北詞,中呂調套曲,蔓菁菜
1578.1,95,50,False,True,《滿庭芳》,元人百種,14,北詞,中呂調套曲,滿庭芳
1579.1,93,49,False,True,《普天慶》,元人百種,14,北詞,中呂調套曲,普天慶
1580.1,55,6,False,False,《啄木兒煞》,元人百種,14,北詞,中呂調套曲,啄木兒煞
1581.1,85,8,False,False,《粉蝶兒》,元人百種,14,北詞,中呂調套曲,粉蝶兒
1581.2,71,8,False,False,《醉春風》,元人百種,14,北詞,中呂調套曲,醉春風
1582.1,97,30,True,True,《十二月》,元人百種,14,北詞,中呂調套曲,十二月
1583.1,126,49,False,True,《堯民歌》,元人百種,14,北詞,中呂調套曲,堯民歌
1584.1,85,33,False,True,《上小樓》,元人百種,14,北詞,中呂調套曲,上小樓
1584.2,128,53,False,True,《滿庭芳》,元人百種,14,北詞,中呂調套曲,滿庭芳
1585.1,60,15,False,True,《快活三》,元人百種,14,北詞,中呂調套曲,快活三
1586.1,112,47,False,True,《迓鼓兒》,元人百種,14,北詞,中呂調套曲,迓鼓兒
1587.1,98,55,False,True,《鮑老兒》,元人百種,14,北詞,中呂調套曲,鮑老兒
1588.1,126,63,False,True,《耍孩兒》,元人百種,14,北詞,中呂調套曲,耍孩兒
1589.1,96,53,False,True,《一煞》,元人百種,14,北詞,中呂調套曲,一煞
1590.1,51,5,False,False,《煞尾》,元人百種,14,北詞,中呂調套曲,煞尾
1591.1,105,6,False,False,《粉蝶兒》,元人百種,14,北詞,中呂調套曲,粉蝶兒
1591.2,77,8,False,False,《醉春風》,元人百種,14,北詞,中呂調套曲,醉春風
1592.1,123,30,False,True,《迎仙客》,元人百種,14,北詞,中呂調套曲,迎仙客
1593.1,91,32,False,True,《紅繡鞋》,元人百種,14,北詞,中呂調套曲,紅繡鞋
1594.1,144,46,False,True,《石榴花》,元人百種,14,北詞,中呂調套曲,石榴花
1594.2,135,51,False,True,《闘鵪鶉》,元人百種,14,北詞,中呂調套曲,闘鵪鶉
1595.1,40,25,False,True,《快活三》,元人百種,14,北詞,中呂調套曲,快活三
1596.1,71,38,False,True,《鮑老兒》,元人百種,14,北詞,中呂調套曲,鮑老兒
1596.2,97,55,False,True,《十二月》,元人百種,14,北詞,中呂調套曲,十二月
1597.1,81,53,False,True,《堯民歌》,元人百種,14,北詞,中呂調套曲,堯民歌
1598.1,64,27,False,True,《亂柳葉》,元人百種,14,北詞,中呂調套曲,亂柳葉
1599.1,69,30,False,True,《上小樓》,元人百種,14,北詞,中呂調套曲,上小樓
1599.2,71,32,False,True,《上小樓》,元人百種,14,北詞,中呂調套曲,上小樓
1600.1,61,5,False,False,《煞尾》,元人百種,14,北詞,中呂調套曲,煞尾
1603.1,81,8,False,False,《粉蝶兒》,元人百種,14,北詞,中呂調套曲,粉蝶兒
1603.2,72,9,False,False,《醉春風》,元人百種,14,北詞,中呂調套曲,醉春風
1604.1,39,6,False,False,《呌聲》,元人百種,14,北詞,中呂調套曲,呌聲
1604.2,84,34,False,True,《剔銀燈》,元人百種,14,北詞,中呂調套曲,剔銀燈
1605.1,59,25,False,True,《蔓菁菜》,元人百種,14,北詞,中呂調套曲,蔓菁菜
1606.1,45,20,False,True,《白鶴子》,元人百種,14,北詞,中呂調套曲,白鶴子
1606.2,57,17,False,True,《白鶴子》,元人百種,14,北詞,中呂調套曲,白鶴子
1607.1,82,32,False,True,《上小樓》,元人百種,14,北詞,中呂調套曲,上小樓
1608.1,69,29,False,True,《上小樓》,元人百種,14,北詞,中呂調套曲,上小樓
1608.2,102,47,False,True,《滿庭芳》,元人百種,14,北詞,中呂調套曲,滿庭芳
1609.1,59,38,False,True,《十二月》,元人百種,14,北詞,中呂調套曲,十二月
1610.1,78,47,False,True,《堯民歌》,元人百種,14,北詞,中呂調套曲,堯民歌
1611.1,42,4,False,False,《煞尾》,元人百種,14,北詞,中呂調套曲,煞尾
1613.1,93,8,False,False,《粉蝶兒》,元人百種,14,北詞,中呂調套曲,粉蝶兒
1613.2,95,9,False,False,《醉春風》,元人百種,14,北詞,中呂調套曲,醉春風
1614.1,122,36,False,True,《滿庭芳》,元人百種,14,北詞,中呂調套曲,滿庭芳
1615.1,144,49,False,True,《普天樂》,元人百種,14,北詞,中呂調套曲,普天樂
1616.1,101,34,False,True,《迎仙客》,元人百種,14,北詞,中呂調套曲,迎仙客
1617.1,108,42,False,True,《石榴花》,元人百種,14,北詞,中呂調套曲,石榴花
1618.1,106,45,False,True,《闘鵪鶉》,元人百種,14,北詞,中呂調套曲,闘鵪鶉
1618.2,82,31,True,True,《上小樓》,元人百種,14,北詞,中呂調套曲,上小樓
1619.1,86,31,False,True,《上小樓》,元人百種,14,北詞,中呂調套曲,上小樓
1620.1,66,40,False,True,《十二月》,元人百種,14,北詞,中呂調套曲,十二月
1620.2,81,54,False,True,《堯民歌》,元人百種,14,北詞,中呂調套曲,堯民歌
1621.1,118,47,False,True,《耍孩兒》,元人百種,14,北詞,中呂調套曲,耍孩兒
1622.1,51,5,False,False,《煞尾》,元人百種,14,北詞,中呂調套曲,煞尾
1623.1,97,8,False,False,《粉蝶兒》,元人百種,14,北詞,中呂調套曲,粉蝶兒
1623.2,111,8,False,False,《醉春風》,元人百種,14,北詞,中呂調套曲,醉春風
1624.1,82,8,False,False,《迎仙客》,元人百種,14,北詞,中呂調套曲,迎仙客
1625.1,108,40,False,True,《紅繡鞋》,元人百種,14,北詞,中呂調套曲,紅繡鞋
1626.1,132,57,False,True,《普天樂》,元人百種,14,北詞,中呂調套曲,普天樂
1627.1,147,55,False,True,《石榴花》,元人百種,14,北詞,中呂調套曲,石榴花
1628.1,121,53,False,True,《闘鵪鶉》,元人百種,14,北詞,中呂調套曲,闘鵪鶉
1628.2,104,30,False,True,《上小樓》,元人百種,14,北詞,中呂調套曲,上小樓
1629.1,75,24,False,True,《上小樓》,元人百種,14,北詞,中呂調套曲,上小樓
1630.1,99,43,False,True,《十二月》,元人百種,14,北詞,中呂調套曲,十二月
1631.1,105,49,False,True,《堯民歌》,元人百種,14,北詞,中呂調套曲,堯民歌
1631.2,162,93,False,True,《哨遍》,元人百種,14,北詞,中呂調套曲,哨遍
1633.1,148,55,False,True,《耍孩兒》,元人百種,14,北詞,中呂調套曲,耍孩兒
1634.1,136,53,False,True,《四煞》,元人百種,14,北詞,中呂調套曲,四煞
1635.1,125,44,False,True,《三煞》,元人百種,14,北詞,中呂調套曲,三煞
1636.1,119,55,False,True,《二煞》,元人百種,14,北詞,中呂調套曲,二煞
1637.1,54,6,False,False,《煞尾》,元人百種,14,北詞,中呂調套曲,煞尾
1639.1,87,7,False,False,《粉蝶兒》,元人百種,14,北詞,中呂調套曲,粉蝶兒
1639.2,96,32,False,True,《迎仙客》,元人百種,14,北詞,中呂調套曲,迎仙客
1640.1,62,18,False,True,《快活三》,元人百種,14,北詞,中呂調套曲,快活三
1641.1,149,49,False,True,《朝天子》,元人百種,14,北詞,中呂調套曲,朝天子
1641.2,85,36,False,True,《紅繡鞋》,元人百種,14,北詞,中呂調套曲,紅繡鞋
1642.1,85,37,False,True,《剔銀燈》,元人百種,14,北詞,中呂調套曲,剔銀燈
1643.1,73,28,False,True,《蔓菁菜》,元人百種,14,北詞,中呂調套曲,蔓菁菜
1643.2,95,33,False,True,《翠盤秋》,元人百種,14,北詞,中呂調套曲,翠盤秋
1644.1,95,34,False,True,《上小樓》,元人百種,14,北詞,中呂調套曲,上小樓
1645.1,137,51,False,True,《滿庭芳》,元人百種,14,北詞,中呂調套曲,滿庭芳
1646.1,71,33,False,True,《倘秀才》,元人百種,14,北詞,中呂調套曲,倘秀才
1647.1,165,55,False,True,《靈壽杖》,元人百種,14,北詞,中呂調套曲,靈壽杖
1648.1,68,29,False,True,《倘秀才》,元人百種,14,北詞,中呂調套曲,倘秀才
1648.2,122,64,False,True,《滾繡毬》,元人百種,14,北詞,中呂調套曲,滾繡毬
1649.1,81,41,False,True,《伴讀書》,元人百種,14,北詞,中呂調套曲,伴讀書
1650.1,78,41,False,True,《笑和尚》,元人百種,14,北詞,中呂調套曲,笑和尚
1651.1,66,5,False,False,《煞尾》,元人百種,14,北詞,中呂調套曲,煞尾
1653.1,98,7,False,False,《粉蝶兒》,元人百種,14,北詞,中呂調套曲,粉蝶兒
1653.2,115,10,False,False,《醉春風》,元人百種,14,北詞,中呂調套曲,醉春風
1654.1,62,20,False,True,《快活三》,元人百種,14,北詞,中呂調套曲,快活三
1655.1,186,58,False,True,《朝天子》,元人百種,14,北詞,中呂調套曲,朝天子
1656.1,96,28,False,True,《四邊靜》,元人百種,14,北詞,中呂調套曲,四邊靜
1657.1,154,49,False,True,《普天樂》,元人百種,14,北詞,中呂調套曲,普天樂
1658.1,105,33,False,True,《上小樓》,元人百種,14,北詞,中呂調套曲,上小樓
1659.1,93,34,False,True,《上小樓》,元人百種,14,北詞,中呂調套曲,上小樓
1660.1,76,36,False,True,《脫布衫》,元人百種,14,北詞,中呂調套曲,脫布衫
1660.2,74,32,False,True,《小梁州》,元人百種,14,北詞,中呂調套曲,小梁州
1661.1,59,25,False,True,《小梁州》,元人百種,14,北詞,中呂調套曲,小梁州
1662.1,143,55,False,True,《耍孩兒》,元人百種,14,北詞,中呂調套曲,耍孩兒
1663.1,71,23,False,True,《煞尾》,元人百種,14,北詞,中呂調套曲,煞尾
1665.1,77,8,False,False,《粉蝶兒》,雍熙樂府,14,北詞,中呂調套曲,粉蝶兒
1665.2,80,9,False,False,《醉春風》,雍熙樂府,14,北詞,中呂調套曲,醉春風
1666.1,115,30,False,True,《紅繡鞋》,雍熙樂府,14,北詞,中呂調套曲,紅繡鞋
1667.1,152,39,False,True,《石榴花》,雍熙樂府,14,北詞,中呂調套曲,石榴花
1668.1,126,45,False,True,《闘鵪鶉》,雍熙樂府,14,北詞,中呂調套曲,闘鵪鶉
1668.2,105,31,False,True,《上小樓》,雍熙樂府,14,北詞,中呂調套曲,上小樓
1669.1,161,57,False,True,《齊天樂》,雍熙樂府,14,北詞,中呂調套曲,齊天樂
1670.1,81,30,False,True,《紅杉兒》,雍熙樂府,14,北詞,中呂調套曲,紅杉兒
1671.1,141,46,False,True,《滿庭芳》,雍熙樂府,14,北詞,中呂調套曲,滿庭芳
1672.1,154,53,False,True,《耍孩兒》,雍熙樂府,14,北詞,中呂調套曲,耍孩兒
1673.1,140,55,False,True,《四煞》,雍熙樂府,14,北詞,中呂調套曲,四煞
1673.2,101,44,False,True,《三煞》,雍熙樂府,14,北詞,中呂調套曲,三煞
1674.1,92,51,False,True,《二煞》,雍熙樂府,14,北詞,中呂調套曲,二煞
1675.1,43,5,False,False,《煞尾》,雍熙樂府,14,北詞,中呂調套曲,煞尾
1677.1,85,8,False,False,《粉蝶兒》,雍熙樂府,14,北詞,中呂調套曲,粉蝶兒
1677.2,91,9,False,False,《醉春風》,雍熙樂府,14,北詞,中呂調套曲,醉春風
1678.1,69,25,False,True,《快活三》,雍熙樂府,14,北詞,中呂調套曲,快活三
1679.1,150,50,False,True,《朝天子》,雍熙樂府,14,北詞,中呂調套曲,朝天子
1680.1,57,19,False,True,《快活三》,雍熙樂府,14,北詞,中呂調套曲,快活三
1680.2,118,43,False,True,《六么遍》,雍熙樂府,14,北詞,中呂調套曲,六么遍
1681.1,157,89,False,True,《六么序》,雍熙樂府,14,北詞,中呂調套曲,六么序
1682.1,102,46,False,True,《鮑老兒》,雍熙樂府,14,北詞,中呂調套曲,鮑老兒
1683.1,130,57,False,True,《古鮑老》,雍熙樂府,14,北詞,中呂調套曲,古鮑老
1684.1,96,39,False,True,《剔銀燈》,雍熙樂府,14,北詞,中呂調套曲,剔銀燈
1685.1,72,26,False,True,《蔓菁菜》,雍熙樂府,14,北詞,中呂調套曲,蔓菁菜
1686.1,112,72,False,True,《柳青娘》,雍熙樂府,14,北詞,中呂調套曲,柳青娘
1686.2,148,105,False,True,《道和》,雍熙樂府,14,北詞,中呂調套曲,道和
1697.1,91,8,True,False,《粉蝶兒》,雍熙樂府,15,北詞,中呂調套曲,粉蝶兒
1698.1,116,42,True,True,《醉春風》,雍熙樂府,15,北詞,中呂調套曲,醉春風
1698.2,145,49,True,True,《普天樂》,雍熙樂府,15,北詞,中呂調套曲,普天樂
1699.1,116,42,True,True,《水仙子》,雍熙樂府,15,北詞,中呂調套曲,水仙子
1701.1,59,24,True,True,《醉高歌》,雍熙樂府,15,北詞,中呂調套曲,醉高歌
1701.2,54,20,True,True,《快活三》,雍熙樂府,15,北詞,中呂調套曲,快活三
1701.3,98,35,True,True,《剔銀燈》,雍熙樂府,15,北詞,中呂調套曲,剔銀燈
1702.1,59,22,True,True,《蔓菁菜》,雍熙樂府,15,北詞,中呂調套曲,蔓菁菜
1705.1,92,8,True,False,《粉蝶兒》,詞林摘艷,15,北詞,中呂調套曲,粉蝶兒
1705.2,73,9,True,False,《醉春風》,詞林摘艷,15,北詞,中呂調套曲,醉春風
1706.1,86,35,True,True,《紅繡鞋》,詞林摘艷,15,北詞,中呂調套曲,紅繡鞋
1707.1,137,55,True,True,《石榴花》,詞林摘艷,15,北詞,中呂調套曲,石榴花
1708.1,93,51,True,True,《闘鵪鶉》,詞林摘艷,15,北詞,中呂調套曲,闘鵪鶉
1708.2,111,51,True,True,《滿庭芳》,詞林摘艷,15,北詞,中呂調套曲,滿庭芳
1709.1,47,17,True,True,《快活三》,詞林摘艷,15,北詞,中呂調套曲,快活三
1710.1,154,54,True,True,《朝天子》,詞林摘艷,15,北詞,中呂調套曲,朝天子
1711.1,94,30,True,True,《上小樓》,詞林摘艷,15,北詞,中呂調套曲,上小樓
1712.1,89,30,True,True,《上小樓》,詞林摘艷,15,北詞,中呂調套曲,上小樓
1712.2,84,30,True,True,《上小樓》,詞林摘艷,15,北詞,中呂調套曲,上小樓
1713.1,66,42,True,True,《十二月》,詞林摘艷,15,北詞,中呂調套曲,十二月
1714.1,143,55,False,True,《堯民歌》,詞林摘艷,15,北詞,中呂調套曲,堯民歌
1715.1,140,37,False,True,《耍孩兒》,詞林摘艷,15,北詞,中呂調套曲,耍孩兒
1716.1,137,39,False,True,《七煞》,詞林摘艷,15,北詞,中呂調套曲,七煞
1717.1,128,53,False,True,《六煞》,詞林摘艷,15,北詞,中呂調套曲,六煞
1718.1,110,59,False,True,《五煞》,詞林摘艷,15,北詞,中呂調套曲,五煞
1719.1,119,35,False,True,《四煞》,詞林摘艷,15,北詞,中呂調套曲,四煞
1720.1,121,35,False,True,《三煞》,詞林摘艷,15,北詞,中呂調套曲,三煞
1721.1,144,53,False,True,《二煞》,詞林摘艷,15,北詞,中呂調套曲,二煞
1723.1,115,56,False,True,《一煞》,詞林摘艷,15,北詞,中呂調套曲,一煞
1724.1,49,5,False,False,《煞尾》,詞林摘艷,15,北詞,中呂調套曲,煞尾
1725.1,99,8,False,False,《粉蝶兒》,北宮詞紀,15,北詞,中呂調套曲,粉蝶兒
1725.2,100,31,False,True,《醉春風》,北宮詞紀,15,北詞,中呂調套曲,醉春風
1726.1,89,29,False,True,《迎仙客》,北宮詞紀,15,北詞,中呂調套曲,迎仙客
1727.1,122,50,True,True,《普天樂》,北宮詞紀,15,北詞,中呂調套曲,普天樂
1727.2,78,30,True,True,《十二月》,北宮詞紀,15,北詞,中呂調套曲,十二月
1728.1,94,45,True,True,《堯民歌》,北宮詞紀,15,北詞,中呂調套曲,堯民歌
1729.1,52,6,True,False,《淨瓶兒煞》,北宮詞紀,15,北詞,中呂調套曲,淨瓶兒煞
1731.1,97,8,True,False,《粉蝶兒》,北宮詞紀,15,北詞,中呂調套曲,粉蝶兒
1731.2,101,3,False,False,《醉春風》,北宮詞紀,15,北詞,中呂調套曲,醉春風
1732.1,86,19,False,True,《呌聲》,北宮詞紀,15,北詞,中呂調套曲,呌聲
1733.1,69,35,False,True,《山坡裏羊》,北宮詞紀,15,北詞,中呂調套曲,山坡裏羊
1733.2,105,19,False,True,《快活三》,北宮詞紀,15,北詞,中呂調套曲,快活三
1734.1,53,24,False,True,《鮑老兒》,北宮詞紀,15,北詞,中呂調套曲,鮑老兒
1735.1,123,53,False,True,《古鮑老》,北宮詞紀,15,北詞,中呂調套曲,古鮑老
1735.2,114,46,False,True,《紅芍藥》,北宮詞紀,15,北詞,中呂調套曲,紅芍藥
1736.1,86,45,False,True,《剔銀燈》,北宮詞紀,15,北詞,中呂調套曲,剔銀燈
1737.1,57,30,False,True,《蔓菁菜》,北宮詞紀,15,北詞,中呂調套曲,蔓菁菜
1738.1,98,64,False,True,《柳青娘》,北宮詞紀,15,北詞,中呂調套曲,柳青娘
1738.2,140,104,False,True,《道和》,北宮詞紀,15,北詞,中呂調套曲,道和
1740.1,58,6,False,False,《啄木兒煞》,北宮詞紀,15,北詞,中呂調套曲,啄木兒煞
1741.1,114,38,False,True,《粉蝶兒》,北宮詞紀,15,北詞,中呂調套曲,粉蝶兒
1741.2,98,37,False,True,《醉春風》,北宮詞紀,15,北詞,中呂調套曲,醉春風
1742.1,95,39,False,True,《紅繡鞋》,北宮詞紀,15,北詞,中呂調套曲,紅繡鞋
1743.1,68,25,False,True,《喜春來》,北宮詞紀,15,北詞,中呂調套曲,喜春來
1743.2,56,24,False,True,《醉高歌》,北宮詞紀,15,北詞,中呂調套曲,醉高歌
1744.1,156,95,False,True,《哨遍》,北宮詞紀,15,北詞,中呂調套曲,哨遍
1745.1,105,42,False,True,《臉兒紅》,北宮詞紀,15,北詞,中呂調套曲,臉兒紅
1745.2,48,26,False,True,《墻頭花》,北宮詞紀,15,北詞,中呂調套曲,墻頭花
1746.1,93,46,False,True,《瑤臺月》,北宮詞紀,15,北詞,中呂調套曲,瑤臺月
1747.1,56,29,False,True,《墻頭花》,北宮詞紀,15,北詞,中呂調套曲,墻頭花
1747.2,141,49,False,True,《耍孩兒》,北宮詞紀,15,北詞,中呂調套曲,耍孩兒
1748.1,95,41,False,True,《一煞》,北宮詞紀,15,北詞,中呂調套曲,一煞
1749.1,50,5,False,False,《煞尾》,北宮詞紀,15,北詞,中呂調套曲,煞尾
1751.1,125,8,True,False,《粉蝶兒》,西天取經,15,北詞,中呂調套曲,粉蝶兒
1751.2,94,6,True,False,《醉春風》,西天取經,15,北詞,中呂調套曲,醉春風
1752.1,107,33,True,True,《迎仙客》,西天取經,15,北詞,中呂調套曲,迎仙客
1753.1,126,45,True,True,《石榴花》,西天取經,15,北詞,中呂調套曲,石榴花
1754.1,133,51,True,True,《闘鵪鶉》,西天取經,15,北詞,中呂調套曲,闘鵪鶉
1754.2,89,31,True,True,《上小樓》,西天取經,15,北詞,中呂調套曲,上小樓
1755.1,78,32,True,True,《上小樓》,西天取經,15,北詞,中呂調套曲,上小樓
1756.1,73,47,True,True,《十二月》,西天取經,15,北詞,中呂調套曲,十二月
1757.1,95,65,True,True,《堯民歌》,西天取經,15,北詞,中呂調套曲,堯民歌
1758.1,48,4,True,False,《煞尾》,西天取經,15,北詞,中呂調套曲,煞尾
1759.1,82,7,True,False,《粉蝶兒》,西天取經,15,北詞,中呂調套曲,粉蝶兒
1759.2,138,50,True,True,《六么遍》,西天取經,15,北詞,中呂調套曲,六么遍
1760.1,85,31,True,True,《上小樓》,西天取經,15,北詞,中呂調套曲,上小樓
1761.1,75,28,True,True,《上小樓》,西天取經,15,北詞,中呂調套曲,上小樓
1762.1,65,27,True,True,《喬捉蛇》,西天取經,15,北詞,中呂調套曲,喬捉蛇
1762.2,63,35,True,True,《十二月》,西天取經,15,北詞,中呂調套曲,十二月
1763.1,88,52,True,True,《堯民歌》,西天取經,15,北詞,中呂調套曲,堯民歌
1764.1,109,55,False,True,《耍孩兒》,西天取經,15,北詞,中呂調套曲,耍孩兒
1764.2,79,44,False,True,《一煞》,西天取經,15,北詞,中呂調套曲,一煞
1765.1,54,4,False,False,《煞尾》,西天取經,15,北詞,中呂調套曲,煞尾
1767.1,90,8,False,False,《粉蝶兒》,東窓事犯,15,北詞,中呂調套曲,粉蝶兒
1767.2,117,7,False,False,《粉蝶兒》,東窓事犯,15,北詞,中呂調套曲,粉蝶兒
1768.1,130,10,False,False,《醉春風》,東窓事犯,15,北詞,中呂調套曲,醉春風
1769.1,117,27,False,True,《迎仙客》,東窓事犯,15,北詞,中呂調套曲,迎仙客
1770.1,182,53,False,True,《石榴花》,東窓事犯,15,北詞,中呂調套曲,石榴花
1771.1,135,51,False,True,《闘鵪鶉》,東窓事犯,15,北詞,中呂調套曲,闘鵪鶉
1772.1,128,39,False,True,《紅繡鞋》,東窓事犯,15,北詞,中呂調套曲,紅繡鞋
1773.1,95,53,False,True,《十二月》,東窓事犯,15,北詞,中呂調套曲,十二月
1774.1,88,48,False,True,《堯民歌》,東窓事犯,15,北詞,中呂調套曲,堯民歌
1775.1,57,25,False,True,《快活三》,東窓事犯,15,北詞,中呂調套曲,快活三
1775.2,142,44,False,True,《朝天子》,東窓事犯,15,北詞,中呂調套曲,朝天子
1776.1,116,53,False,True,《耍孩兒》,東窓事犯,15,北詞,中呂調套曲,耍孩兒
1777.1,67,4,False,False,《煞尾》,東窓事犯,15,北詞,中呂調套曲,煞尾
1779.1,96,7,False,False,《粉蝶兒》,邯鄲夢,15,北詞,中呂調套曲,粉蝶兒
1779.2,109,8,False,False,《醉春風》,邯鄲夢,15,北詞,中呂調套曲,醉春風
1780.1,100,28,False,True,《紅繡鞋》,邯鄲夢,15,北詞,中呂調套曲,紅繡鞋
1781.1,131,37,False,True,《迎仙客》,邯鄲夢,15,北詞,中呂調套曲,迎仙客
1782.1,130,39,False,True,《石榴花》,邯鄲夢,15,北詞,中呂調套曲,石榴花
1782.2,119,46,False,True,《闘鵪鶉》,邯鄲夢,15,北詞,中呂調套曲,闘鵪鶉
1783.1,105,33,False,True,《上小樓》,邯鄲夢,15,北詞,中呂調套曲,上小樓
1784.1,102,32,False,True,《上小樓》,邯鄲夢,15,北詞,中呂調套曲,上小樓
1785.1,53,17,False,True,《白鶴子》,邯鄲夢,15,北詞,中呂調套曲,白鶴子
1785.2,57,18,False,True,《白鶴子》,邯鄲夢,15,北詞,中呂調套曲,白鶴子
1786.1,59,17,False,True,《白鶴子》,邯鄲夢,15,北詞,中呂調套曲,白鶴子
1787.1,51,14,False,True,《白鶴子》,邯鄲夢,15,北詞,中呂調套曲,白鶴子
1787.2,58,20,False,True,《快活三》,邯鄲夢,15,北詞,中呂調套曲,快活三
1788.1,90,32,False,True,《十二月》,邯鄲夢,15,北詞,中呂調套曲,十二月
1788.2,145,48,False,True,《滿庭芳》,邯鄲夢,15,北詞,中呂調套曲,滿庭芳
1789.1,145,57,True,True,《耍孩兒》,邯鄲夢,15,北詞,中呂調套曲,耍孩兒
1790.1,64,5,False,False,《煞尾》,邯鄲夢,15,北詞,中呂調套曲,煞尾
1793.1,73,26,False,True,《喜春來》,勸善金科,15,北詞,中呂調套曲,喜春來
1793.2,123,49,False,True,《石榴花》,勸善金科,15,北詞,中呂調套曲,石榴花
1794.1,109,47,False,True,《滿庭芳》,勸善金科,15,北詞,中呂調套曲,滿庭芳
1795.1,85,45,False,True,《紅芍藥》,勸善金科,15,北詞,中呂調套曲,紅芍藥
1796.1,80,44,False,True,《攤破喜春來》,勸善金科,15,北詞,中呂調套曲,攤破喜春來
1796.2,71,34,False,True,《喬捉蛇》,勸善金科,15,北詞,中呂調套曲,喬捉蛇
1797.1,55,4,False,False,《煞尾》,勸善金科,15,北詞,中呂調套曲,煞尾
1801.1,153,50,False,True,《北石榴花》,雍熙樂府,16,合套,中呂調合套,北石榴花
1802.1,205,88,False,True,《南好事近》,雍熙樂府,16,合套,中呂調合套,南好事近
1802.2,121,50,False,True,《北普天樂》,雍熙樂府,16,合套,中呂調合套,北普天樂
1803.1,175,63,False,True,《南千秋歲》,雍熙樂府,16,合套,中呂調合套,南千秋歲
1804.1,81,30,False,True,《北上小樓》,雍熙樂府,16,合套,中呂調合套,北上小樓
1805.1,148,105,False,True,《南越恁好》,雍熙樂府,16,合套,中呂調合套,南越恁好
1806.1,42,26,False,True,《北十二月》,雍熙樂府,16,合套,中呂調合套,北十二月
1806.2,58,45,False,True,《南紅繡鞋》,雍熙樂府,16,合套,中呂調合套,南紅繡鞋
1807.1,81,47,False,True,《北堯民歌》,雍熙樂府,16,合套,中呂調合套,北堯民歌
1808.1,63,25,False,True,《南意不盡》,雍熙樂府,16,合套,中呂調合套,南意不盡
1809.1,106,9,False,False,《北粉蝶兒》,金雀記,16,合套,中呂調合套,北粉蝶兒
1809.2,186,97,False,True,《南好事近》,金雀記,16,合套,中呂調合套,南好事近
1810.1,215,72,False,True,《北石榴花》,金雀記,16,合套,中呂調合套,北石榴花
1811.1,117,56,False,True,《南好事近》,金雀記,16,合套,中呂調合套,南好事近
1812.1,157,71,False,True,《北闘鵪鶉》,金雀記,16,合套,中呂調合套,北闘鵪鶉
1813.1,87,52,False,True,《南撲燈蛾》,金雀記,16,合套,中呂調合套,南撲燈蛾
1814.1,99,45,False,True,《北上小樓》,金雀記,16,合套,中呂調合套,北上小樓
1815.1,80,53,False,True,《南撲燈蛾》,金雀記,16,合套,中呂調合套,南撲燈蛾
1816.1,50,21,False,True,《北尾聲》,金雀記,16,合套,中呂調合套,北尾聲
1823.1,85,6,False,False,《帝臺春》,月令承應,17,南詞,大石調引,帝臺春
1824.1,78,7,False,False,《醜奴兒》,月令承應,17,南詞,大石調引,醜奴兒
1825.1,46,6,False,False,《烏夜啼》,月令承應,17,南詞,大石調引,烏夜啼
1825.2,46,4,False,False,《玉樓春》,月令承應,17,南詞,大石調引,玉樓春
1826.1,45,7,False,False,《少年遊（玉臘梅枝、小闌干）》,月令承應,17,南詞,大石調引,少年遊
1826.2,65,7,False,False,《少年遊（玉臘梅枝、小闌干）》,梅嶺記,17,南詞,大石調引,少年遊
1827.1,72,7,False,False,《東風第一枝》,拜月亭,17,南詞,大石調引,東風第一枝
1828.1,59,6,False,False,《碧玉令》,臥冰記,17,南詞,大石調引,碧玉令
1828.2,79,9,False,False,《驀山溪（上陽春）》,南柯夢,17,南詞,大石調引,驀山溪
1829.1,167,15,False,False,《燭影搖紅（憶故人）》,周邦彥詞,17,南詞,大石調引,燭影搖紅
1830.1,157,18,False,False,《夜合花》,晁補之詞,17,南詞,大石調引,夜合花
1831.1,133,16,False,False,《柳初新》,柳永詞,17,南詞,大石調引,柳初新
1833.1,72,8,False,False,《陽關引（古陽關）》,玉鏡記,17,南詞,大石調引,陽關引
1833.2,42,3,False,False,《步虛聲》,繡襦記,17,南詞,大石調引,步虛聲
1834.1,106,12,False,False,《蓬萊仙》,綠綺記,17,南詞,大石調引,蓬萊仙
1835.1,38,6,False,False,《珠絡索》,玉簪記,17,南詞,大石調引,珠絡索
1835.2,45,5,False,False,《東坡引》,玉簪記,17,南詞,大石調引,東坡引
1836.1,17,3,False,False,《長汚歌》,尋親記,17,南詞,大石調引,長汚歌
1836.2,30,4,True,False,《漁父引》,顧况詞,17,南詞,大石調引,漁父引
1851.1,99,33,False,True,《碧玉蕭》,月令承應,18,南詞,大石調正曲,碧玉蕭
1852.1,144,67,False,True,《碧玉蕭》,法宮雅奏,18,南詞,大石調正曲,碧玉蕭
1852.2,122,48,False,True,《長壽仙》,法宮雅奏,18,南詞,大石調正曲,長壽仙
1853.1,184,93,False,True,《長壽仙》,九九大慶,18,南詞,大石調正曲,長壽仙
1854.1,99,42,False,True,《賽觀音》,月令承應,18,南詞,大石調正曲,賽觀音
1855.1,112,48,False,True,《賽觀音》,月令承應,18,南詞,大石調正曲,賽觀音
1855.2,100,39,False,True,《人月圓（青衫濕）》,月令承應,18,南詞,大石調正曲,人月圓
1856.1,81,39,False,True,《人月圓（青衫濕）》,拜月亭,18,南詞,大石調正曲,人月圓
1857.1,87,39,False,True,《人月圓（青衫濕）》,拜月亭,18,南詞,大石調正曲,人月圓
1857.2,84,37,False,True,《人月圓（青衫濕）》,邯鄲夢,18,南詞,大石調正曲,人月圓
1858.1,215,109,False,True,《沙塞子（王河滾、沙磧子）》,月令承應,18,南詞,大石調正曲,沙塞子
1859.1,136,62,False,True,《沙塞子（王河滾、沙磧子）》,月令承應,18,南詞,大石調正曲,沙塞子
1860.1,127,63,False,True,《沙塞子（王河滾、沙磧子）》,月令承應,18,南詞,大石調正曲,沙塞子
1861.1,215,118,False,True,《沙塞子（王河滾、沙磧子）》,散曲,18,南詞,大石調正曲,沙塞子
1862.1,102,38,False,True,《沙塞子急》,月令承應,18,南詞,大石調正曲,沙塞子急
1863.1,108,41,False,True,《沙塞子急》,月令承應,18,南詞,大石調正曲,沙塞子急
1864.1,125,50,False,True,《催拍（急板令）》,月令承應,18,南詞,大石調正曲,催拍
1864.2,99,49,False,True,《催拍（急板令）》,拜月亭,18,南詞,大石調正曲,催拍
1865.1,125,57,False,True,《插花三臺》,月令承應,18,南詞,大石調正曲,插花三臺
1866.1,93,60,False,True,《插花三臺》,白兔記,18,南詞,大石調正曲,插花三臺
1867.1,124,51,True,True,《松下樂》,月令承應,18,南詞,大石調正曲,松下樂
1868.1,121,4,False,False,《松下樂》,散曲,18,南詞,大石調正曲,松下樂
1869.1,174,87,False,True,《海榴花》,月令承應,18,南詞,大石調正曲,海榴花
1870.1,113,46,False,True,《海榴花》,月令承應,18,南詞,大石調正曲,海榴花
1871.1,290,123,False,True,《滿院榴花》,散曲,18,南詞,大石調正曲,滿院榴花
1872.1,166,66,False,True,《滿院榴花》,散曲,18,南詞,大石調正曲,滿院榴花
1873.1,68,25,False,True,《芙蓉花》,月令承應,18,南詞,大石調正曲,芙蓉花
1874.1,67,25,False,True,《芙蓉花》,金印記,18,南詞,大石調正曲,芙蓉花
1875.1,132,55,False,True,《白芙蓉》,散曲,18,南詞,大石調正曲,白芙蓉
1876.1,92,35,False,True,《愛媚花》,江天雪,18,南詞,大石調正曲,愛媚花
1876.2,79,33,False,True,《金蓮花》,散曲,18,南詞,大石調正曲,金蓮花
1877.1,168,87,False,True,《並頭蓮》,散曲,18,南詞,大石調正曲,並頭蓮
1878.1,158,85,False,True,《錦海棠》,散曲,18,南詞,大石調正曲,錦海棠
1878.2,117,46,False,True,《錦海棠》,散曲,18,南詞,大石調正曲,錦海棠
1879.1,203,95,False,True,《紅葉兒》,詞林摘艷,18,南詞,大石調正曲,紅葉兒
1880.1,136,51,False,True,《紅葉兒》,詞林摘艷,18,南詞,大石調正曲,紅葉兒
1881.1,196,102,False,True,《鴈傳書》,散曲,18,南詞,大石調正曲,鴈傳書
1882.1,127,57,False,True,《明妃曲》,散曲,18,南詞,大石調正曲,明妃曲
1883.1,110,55,False,True,《秋海棠》,散曲,18,南詞,大石調正曲,秋海棠
1884.1,164,75,False,True,《比目魚》,散曲,18,南詞,大石調正曲,比目魚
1885.1,222,104,False,True,《鬭百索》,散曲,18,南詞,大石調正曲,鬭百索
1886.1,173,58,False,True,《鬭百索》,散曲,18,南詞,大石調正曲,鬭百索
1887.1,202,95,False,True,《鴈翀天》,月令承應,18,南詞,大石調正曲,鴈翀天
1888.1,137,50,False,True,《鴈翀天》,散曲,18,南詞,大石調正曲,鴈翀天
1889.1,81,32,False,True,《鶴翀天》,八義記,18,南詞,大石調正曲,鶴翀天
1889.2,211,109,False,True,《海仙歌》,運甓記,18,南詞,大石調正曲,海仙歌
1890.1,127,56,False,True,《海仙歌》,運甓記,18,南詞,大石調正曲,海仙歌
1891.1,375,42,False,False,《怨別離》,散曲,18,南詞,大石調正曲,怨別離
1893.1,73,27,False,True,《步難行》,綵樓記,18,南詞,大石調正曲,步難行
1893.2,236,112,False,True,《春雲怨》,散曲,18,南詞,大石調正曲,春雲怨
1894.1,247,108,False,True,《春雲怨》,散曲,18,南詞,大石調正曲,春雲怨
1896.1,207,100,False,True,《三春柳》,散曲,18,南詞,大石調正曲,三春柳
1896.2,125,49,False,True,《三春柳》,散曲,18,南詞,大石調正曲,三春柳
1897.1,90,43,False,True,《賽嫦娥》,散曲,18,南詞,大石調正曲,賽嫦娥
1898.1,199,98,False,True,《醉西施》,散曲,18,南詞,大石調正曲,醉西施
1899.1,162,82,False,True,《眼兒媚序》,明珠記,18,南詞,大石調正曲,眼兒媚序
1900.1,109,31,False,True,《眼兒媚序》,明珠記,18,南詞,大石調正曲,眼兒媚序
1901.1,190,97,False,True,《會河序》,翫江樓,18,南詞,大石調正曲,會河序
1902.1,83,38,False,True,《會河序》,散曲,18,南詞,大石調正曲,會河序
1903.1,396,179,False,True,《漁父第一》,江天雪,18,南詞,大石調正曲,漁父第一
1904.1,106,43,False,True,《簇仗》,江天雪,18,南詞,大石調正曲,簇仗
1905.1,92,38,False,True,《牧羊關》,散曲,18,南詞,大石調正曲,牧羊關
1906.1,280,148,False,True,《番竹馬》,拜月亭,18,南詞,大石調正曲,番竹馬
1907.1,192,76,False,True,《番竹馬》,占花魁,18,南詞,大石調正曲,番竹馬
1909.1,168,87,False,True,《竹馬兒（朱馬子）》,殺狗記,18,南詞,大石調正曲,竹馬兒
1910.1,150,88,False,True,《竹馬兒（朱馬子）》,殺狗記,18,南詞,大石調正曲,竹馬兒
1911.1,272,128,False,True,《荔枝香》,柳永詞,18,南詞,大石調正曲,荔枝香
1912.1,168,60,False,True,《荔枝香》,周邦彥詞,18,南詞,大石調正曲,荔枝香
1913.1,270,126,False,True,《夢還京》,柳永詞,18,南詞,大石調正曲,夢還京
1914.1,361,157,False,True,《還京樂》,周邦彥詞,18,南詞,大石調正曲,還京樂
1915.1,291,134,False,True,《受恩深（愛恩深）》,柳永詞,18,南詞,大石調正曲,受恩深
1917.1,192,66,False,True,《寰海清》,王庭?詞,18,南詞,大石調正曲,寰海清
1918.1,370,184,False,True,《期夜月》,劉濬詞,18,南詞,大石調正曲,期夜月
1919.1,334,157,False,True,《曲玉管》,柳永詞,18,南詞,大石調正曲,曲玉管
1921.1,255,124,False,True,《遙天奉翠華引》,侯寘詞,18,南詞,大石調正曲,遙天奉翠華引
1922.1,342,172,False,True,《昇平樂》,吳奕詞,18,南詞,大石調正曲,昇平樂
1923.1,357,156,False,True,《迎新春》,柳永詞,18,南詞,大石調正曲,迎新春
1925.1,365,183,False,True,《西河（西湖）》,劉一止詞,18,南詞,大石調正曲,西河
1926.1,350,175,False,True,《春霽》,太平圖,18,南詞,大石調正曲,春霽
1928.1,157,84,False,True,《太平賺》,月令承應,18,南詞,大石調正曲,太平賺
1928.2,112,42,False,True,《太平賺》,月令承應,18,南詞,大石調正曲,太平賺
1929.1,86,22,False,True,《太平賺》,法宮雅奏,18,南詞,大石調正曲,太平賺
1930.1,98,21,False,True,《本調賺》,法宮雅奏,18,南詞,大石調正曲,本調賺
1931.1,48,19,False,True,《尚輕圓賺》,月令承應,18,南詞,大石調正曲,尚輕圓賺
1931.2,58,29,False,True,《尚輕圓賺》,琵琶記,18,南詞,大石調正曲,尚輕圓賺
1931.3,49,19,False,True,《慶餘》,月令承應,18,南詞,大石調正曲,慶餘
1932.1,33,21,False,True,《慶餘》,四喜記,18,南詞,大石調正曲,慶餘
1935.1,166,82,True,True,《觀音水月》,月令承應,19,南詞,大石調集曲,觀音水月
1936.1,167,87,True,True,《觀音水月》,月令承應,19,南詞,大石調集曲,觀音水月
1936.2,93,44,True,True,《觀音水月》,月令承應,19,南詞,大石調集曲,觀音水月
1937.1,155,91,True,True,《催拍銀燈》,月令承應,19,南詞,大石調集曲,催拍銀燈
1938.1,102,46,True,True,《催拍銀燈》,月令承應,19,南詞,大石調集曲,催拍銀燈
1939.1,91,53,True,True,《催拍棹》,月令承應,19,南詞,大石調集曲,催拍棹
1939.2,113,54,True,True,《催拍棹》,月令承應,19,南詞,大石調集曲,催拍棹
1940.1,84,34,True,True,《步醉金蓮（步金蓮）》,散曲,19,南詞,大石調集曲,步醉金蓮
1941.1,81,36,True,True,《步醉金蓮（步金蓮）》,夢花酣,19,南詞,大石調集曲,步醉金蓮
1942.1,154,62,True,True,《紅葉襯紅花》,金明池,19,南詞,大石調集曲,紅葉襯紅花
1957.1,122,50,True,True,《六國朝》,月令承應,20,北詞,大石角隻曲,六國朝
1958.1,113,11,True,False,《六國朝》,元人百種,20,北詞,大石角隻曲,六國朝
1959.1,152,55,True,True,《六國朝》,元人百種,20,北詞,大石角隻曲,六國朝
1960.1,107,48,True,True,《六國朝》,盛世新聲,20,北詞,大石角隻曲,六國朝
1961.1,145,13,True,False,《六國朝》,太平圖,20,北詞,大石角隻曲,六國朝
1962.1,146,63,True,True,《六國朝》,太平圖,20,北詞,大石角隻曲,六國朝
1963.1,58,24,True,True,《歸塞北（望江南）》,月令承應,20,北詞,大石角隻曲,歸塞北
1963.2,60,26,True,True,《歸塞北（望江南）》,元人百種,20,北詞,大石角隻曲,歸塞北
1964.1,65,27,True,True,《歸塞北（望江南）》,元人百種,20,北詞,大石角隻曲,歸塞北
1965.1,58,27,True,True,《歸塞北（望江南）》,元人百種,20,北詞,大石角隻曲,歸塞北
1965.2,50,23,True,True,《歸塞北（望江南）》,雍熙樂府,20,北詞,大石角隻曲,歸塞北
1966.1,65,26,True,True,《卜金錢（初問口）》,月令承應,20,北詞,大石角隻曲,卜金錢
1967.1,81,27,True,True,《卜金錢（初問口）》,元人百種,20,北詞,大石角隻曲,卜金錢
1967.2,68,26,True,True,《怨別離》,元人百種,20,北詞,大石角隻曲,怨別離
1968.1,75,32,True,True,《常相會》,雍熙樂府,20,北詞,大石角隻曲,常相會
1969.1,59,27,True,True,《擂鼓體（催花樂）》,元人百種,20,北詞,大石角隻曲,擂鼓體
1969.2,59,26,True,True,《擂鼓體（催花樂）》,雍熙樂府,20,北詞,大石角隻曲,擂鼓體
1970.1,85,31,True,True,《淨瓶兒》,散曲,20,北詞,大石角隻曲,淨瓶兒
1971.1,89,42,True,True,《淨瓶兒》,元人百種,20,北詞,大石角隻曲,淨瓶兒
1971.2,75,33,True,True,《淨瓶兒》,散曲,20,北詞,大石角隻曲,淨瓶兒
1972.1,49,24,True,True,《好觀音》,月令承應,20,北詞,大石角隻曲,好觀音
1973.1,57,24,True,True,《好觀音》,散曲,20,北詞,大石角隻曲,好觀音
1973.2,57,23,True,True,《好觀音》,散曲,20,北詞,大石角隻曲,好觀音
1974.1,57,25,True,True,《好觀音》,散曲,20,北詞,大石角隻曲,好觀音
1975.1,82,33,True,True,《好觀音》,散曲,20,北詞,大石角隻曲,好觀音
1975.2,58,26,True,True,《驀山溪》,散曲,20,北詞,大石角隻曲,驀山溪
1976.1,66,27,True,True,《驀山溪》,散曲,20,北詞,大石角隻曲,驀山溪
1977.1,90,38,True,True,《驀山溪》,董西廂,20,北詞,大石角隻曲,驀山溪
1977.2,78,34,True,True,《驀山溪》,董西廂,20,北詞,大石角隻曲,驀山溪
1978.1,80,34,True,True,《驀山溪》,董西廂,20,北詞,大石角隻曲,驀山溪
1979.1,88,35,True,True,《驀山溪》,董西廂,20,北詞,大石角隻曲,驀山溪
1980.1,62,27,True,True,《女冠子（雙鳳翹）》,散曲,20,北詞,大石角隻曲,女冠子
1981.1,43,19,True,True,《蒙童兒（憨郭兒）》,散曲,20,北詞,大石角隻曲,蒙童兒
1981.2,33,16,True,True,《蒙童兒（憨郭兒）》,散曲,20,北詞,大石角隻曲,蒙童兒
1982.1,207,83,True,True,《還京樂》,散曲,20,北詞,大石角隻曲,還京樂
1983.1,219,99,True,True,《還京樂》,月令承應,20,北詞,大石角隻曲,還京樂
1985.1,188,101,True,True,《還京樂》,月令承應,20,北詞,大石角隻曲,還京樂
1986.1,180,88,True,True,《還京樂》,董西廂,20,北詞,大石角隻曲,還京樂
1987.1,171,86,True,True,《還京樂》,董西廂,20,北詞,大石角隻曲,還京樂
1988.1,168,72,True,True,《還京樂》,董西廂,20,北詞,大石角隻曲,還京樂
1990.1,166,63,True,True,《還京樂》,董西廂,20,北詞,大石角隻曲,還京樂
1991.1,138,74,True,True,《催拍子》,散曲,20,北詞,大石角隻曲,催拍子
1992.1,116,68,True,True,《催拍子》,散曲,20,北詞,大石角隻曲,催拍子
1993.1,93,41,True,True,《荼蘼香》,散曲,20,北詞,大石角隻曲,荼蘼香
1994.1,81,32,True,True,《荼蘼香》,散曲,20,北詞,大石角隻曲,荼蘼香
1995.1,185,85,True,True,《林裏鷄近》,太平圖,20,北詞,大石角隻曲,林裏鷄近
1996.1,96,44,True,True,《紅羅襖》,董西廂,20,北詞,大石角隻曲,紅羅襖
1997.1,105,50,True,True,《紅羅襖》,董西廂,20,北詞,大石角隻曲,紅羅襖
1998.1,112,46,True,True,《紅羅襖》,董西廂,20,北詞,大石角隻曲,紅羅襖
1999.1,101,46,True,True,《紅羅襖》,董西廂,20,北詞,大石角隻曲,紅羅襖
2000.1,44,24,True,True,《鷓鴣天》,散曲,20,北詞,大石角隻曲,鷓鴣天
2000.2,44,26,True,True,《鷓鴣天》,散曲,20,北詞,大石角隻曲,鷓鴣天
2001.1,96,49,True,True,《玉翼蟬》,天寶遺事,20,北詞,大石角隻曲,玉翼蟬
2001.2,118,57,True,True,《玉翼蟬》,天寶遺事,20,北詞,大石角隻曲,玉翼蟬
2002.1,103,42,True,True,《玉翼蟬》,董西廂,20,北詞,大石角隻曲,玉翼蟬
2003.1,112,46,True,True,《玉翼蟬》,董西廂,20,北詞,大石角隻曲,玉翼蟬
2004.1,76,12,True,False,《玉翼蟬》,董西廂,20,北詞,大石角隻曲,玉翼蟬
2005.1,94,12,True,False,《玉翼蟬》,董西廂,20,北詞,大石角隻曲,玉翼蟬
2006.1,86,35,True,True,《柳初新》,太平圖,20,北詞,大石角隻曲,柳初新
2007.1,84,36,True,True,《柳初新》,太平圖,20,北詞,大石角隻曲,柳初新
2007.2,82,30,True,True,《柳初新》,太平圖,20,北詞,大石角隻曲,柳初新
2008.1,71,27,True,True,《寰海清》,太平圖,20,北詞,大石角隻曲,寰海清
2009.1,79,34,True,True,《寰海清》,太平圖,20,北詞,大石角隻曲,寰海清
2010.1,38,5,True,False,《隨煞》,散曲,20,北詞,大石角隻曲,隨煞
2010.2,39,5,True,False,《隨煞》,散曲,20,北詞,大石角隻曲,隨煞
2011.1,41,5,True,False,《隨煞》,散曲,20,北詞,大石角隻曲,隨煞
2011.2,78,10,True,False,《催拍帶煞》,散曲,20,北詞,大石角隻曲,催拍帶煞
2012.1,77,7,True,False,《好觀音煞》,月令承應,20,北詞,大石角隻曲,好觀音煞
2013.1,188,93,True,True,《玉翼蟬煞》,元人百種,20,北詞,大石角隻曲,玉翼蟬煞
2015.1,34,19,True,True,《尾煞》,董西廂,20,北詞,大石角隻曲,尾煞
2024.1,163,76,True,True,《催拍子》,雍熙樂府,21,北詞,大石角套曲,催拍子
2025.1,140,65,True,True,《催拍子》,雍熙樂府,21,北詞,大石角套曲,催拍子
2026.1,45,21,True,True,《歸塞北》,雍熙樂府,21,北詞,大石角套曲,歸塞北
2026.2,41,20,True,True,《隨煞》,雍熙樂府,21,北詞,大石角套曲,隨煞
2029.1,196,54,True,True,《六國朝》,元人百種,21,北詞,大石角套曲,六國朝
2030.1,116,29,True,True,《喜秋風》,元人百種,21,北詞,大石角套曲,喜秋風
2031.1,76,31,True,True,《歸塞北》,元人百種,21,北詞,大石角套曲,歸塞北
2032.1,120,39,True,True,《鴈過南樓》,元人百種,21,北詞,大石角套曲,鴈過南樓
2033.1,158,46,True,True,《六國朝》,元人百種,21,北詞,大石角套曲,六國朝
2034.1,90,38,True,True,《蒙童兒》,元人百種,21,北詞,大石角套曲,蒙童兒
2035.1,64,23,True,True,《歸塞北》,元人百種,21,北詞,大石角套曲,歸塞北
2036.1,76,25,True,True,《歸塞北》,元人百種,21,北詞,大石角套曲,歸塞北
2037.1,49,18,True,True,《歸塞北》,元人百種,21,北詞,大石角套曲,歸塞北
2037.2,119,6,True,False,《鴈過南樓煞》,元人百種,21,北詞,大石角套曲,鴈過南樓煞
2041.1,138,52,True,True,《六國朝》,天寶遺事,21,北詞,大石角套曲,六國朝
2042.1,50,22,True,True,《歸塞北》,天寶遺事,21,北詞,大石角套曲,歸塞北
2042.2,46,22,True,True,《歸塞北》,天寶遺事,21,北詞,大石角套曲,歸塞北
2043.1,37,4,True,False,《尾聲》,天寶遺事,21,北詞,大石角套曲,尾聲
2045.1,176,75,True,True,《催拍子》,天寶遺事,21,北詞,大石角套曲,催拍子
2046.1,150,71,True,True,《催拍子》,天寶遺事,21,北詞,大石角套曲,催拍子
2047.1,39,19,True,True,《尾聲》,天寶遺事,21,北詞,大石角套曲,尾聲
2049.1,106,13,True,False,《六國朝》,盛世新聲,21,北詞,大石角套曲,六國朝
2049.2,65,24,True,True,《歸塞北》,盛世新聲,21,北詞,大石角套曲,歸塞北
2050.1,91,37,True,True,《卜金錢》,盛世新聲,21,北詞,大石角套曲,卜金錢
2051.1,71,26,True,True,《怨別離》,盛世新聲,21,北詞,大石角套曲,怨別離
2051.2,62,25,True,True,《歸塞北》,盛世新聲,21,北詞,大石角套曲,歸塞北
2052.1,56,23,True,True,《歸塞北》,盛世新聲,21,北詞,大石角套曲,歸塞北
2052.2,96,41,True,True,《鴈過南樓》,盛世新聲,21,北詞,大石角套曲,鴈過南樓
2053.1,46,25,True,True,《擂鼓體》,盛世新聲,21,北詞,大石角套曲,擂鼓體
2054.1,55,25,True,True,《歸塞北》,盛世新聲,21,北詞,大石角套曲,歸塞北
2054.2,78,38,True,True,《淨瓶兒》,盛世新聲,21,北詞,大石角套曲,淨瓶兒
2055.1,137,21,True,False,《玉翼蟬煞》,盛世新聲,21,北詞,大石角套曲,玉翼蟬煞
2057.1,121,12,True,False,《六國朝》,西天取經,21,北詞,大石角套曲,六國朝
2057.2,66,27,True,True,《喜秋風》,西天取經,21,北詞,大石角套曲,喜秋風
2058.1,52,25,True,True,《歸塞北》,西天取經,21,北詞,大石角套曲,歸塞北
2058.2,135,56,True,True,《六國朝》,西天取經,21,北詞,大石角套曲,六國朝
2059.1,91,46,True,True,《鴈過南樓》,西天取經,21,北詞,大石角套曲,鴈過南樓
2060.1,63,28,True,True,《擂鼓體》,西天取經,21,北詞,大石角套曲,擂鼓體
2061.1,52,24,True,True,《歸塞北》,西天取經,21,北詞,大石角套曲,歸塞北
2061.2,59,27,True,True,《好觀音》,西天取經,21,北詞,大石角套曲,好觀音
2062.1,65,7,True,False,《好觀音煞》,西天取經,21,北詞,大石角套曲,好觀音煞
2065.1,59,7,True,False,《驀山溪》,月令承應,21,北詞,大石角套曲,驀山溪
2065.2,68,24,True,True,《女冠子》,月令承應,21,北詞,大石角套曲,女冠子
2066.1,66,25,True,True,《女冠子》,月令承應,21,北詞,大石角套曲,女冠子
2066.2,58,22,True,True,《好觀音》,月令承應,21,北詞,大石角套曲,好觀音
2067.1,50,24,True,True,《好觀音》,月令承應,21,北詞,大石角套曲,好觀音
2067.2,65,6,True,False,《鴈過南樓煞》,月令承應,21,北詞,大石角套曲,鴈過南樓煞
2069.1,70,28,True,True,《好觀音》,月令承應,21,北詞,大石角套曲,好觀音
2069.2,51,28,True,True,《好觀音》,月令承應,21,北詞,大石角套曲,好觀音
2070.1,82,33,True,True,《柳初新》,月令承應,21,北詞,大石角套曲,柳初新
2070.2,81,32,True,True,《柳初新》,月令承應,21,北詞,大石角套曲,柳初新
2071.1,76,30,True,True,《寰海清》,月令承應,21,北詞,大石角套曲,寰海清
2072.1,86,32,True,True,《寰海清》,月令承應,21,北詞,大石角套曲,寰海清
2072.2,83,34,True,True,《碧玉蕭》,月令承應,21,北詞,大石角套曲,碧玉蕭
2073.1,78,34,True,True,《碧玉蕭》,月令承應,21,北詞,大石角套曲,碧玉蕭
2074.1,36,3,True,False,《尾聲》,月令承應,21,北詞,大石角套曲,尾聲
2075.1,50,23,True,True,《鷓鴣天》,月令承應,21,北詞,大石角套曲,鷓鴣天
2075.2,59,29,True,True,《卜金錢》,月令承應,21,北詞,大石角套曲,卜金錢
2076.1,58,26,True,True,《卜金錢》,月令承應,21,北詞,大石角套曲,卜金錢
2076.2,75,28,True,True,《喜秋風》,月令承應,21,北詞,大石角套曲,喜秋風
2077.1,77,29,True,True,《喜秋風》,月令承應,21,北詞,大石角套曲,喜秋風
2077.2,61,28,True,True,《擂鼓體》,月令承應,21,北詞,大石角套曲,擂鼓體
2078.1,57,26,True,True,《擂鼓體》,月令承應,21,北詞,大石角套曲,擂鼓體
2079.1,92,43,True,True,《淨瓶兒》,月令承應,21,北詞,大石角套曲,淨瓶兒
2079.2,82,40,True,True,《淨瓶兒》,月令承應,21,北詞,大石角套曲,淨瓶兒
2080.1,52,25,True,True,《好觀音》,月令承應,21,北詞,大石角套曲,好觀音
2081.1,42,3,True,False,《尾聲》,月令承應,21,北詞,大石角套曲,尾聲
2083.1,107,46,True,True,《荼蘼香》,月令承應,21,北詞,大石角套曲,荼蘼香
2083.2,91,30,True,True,《鴈過南樓》,月令承應,21,北詞,大石角套曲,鴈過南樓
2084.1,53,27,True,True,《好觀音》,月令承應,21,北詞,大石角套曲,好觀音
2085.1,72,38,True,True,《淨瓶兒》,月令承應,21,北詞,大石角套曲,淨瓶兒
2085.2,80,37,True,True,《淨瓶兒》,月令承應,21,北詞,大石角套曲,淨瓶兒
2087.1,70,28,True,True,《好觀音》,雍熙樂府,21,北詞,大石角套曲,好觀音
2087.2,60,27,True,True,《好觀音》,雍熙樂府,21,北詞,大石角套曲,好觀音
2088.1,38,4,True,False,《尾聲》,雍熙樂府,21,北詞,大石角套曲,尾聲
2091.1,76,28,True,True,《北好觀音》,月令承應,22,合套,大石角合套,北好觀音
2091.2,96,42,True,True,《南賽觀音》,月令承應,22,合套,大石角合套,南賽觀音
2092.1,100,33,True,True,《北柳初新》,月令承應,22,合套,大石角合套,北柳初新
2093.1,73,35,True,True,《南人月圓》,月令承應,22,合套,大石角合套,南人月圓
2093.2,99,36,True,True,《北淨瓶兒》,月令承應,22,合套,大石角合套,北淨瓶兒
2094.1,100,51,True,True,《南松下樂》,月令承應,22,合套,大石角合套,南松下樂
2095.1,94,35,True,True,《北淨瓶兒》,月令承應,22,合套,大石角合套,北淨瓶兒
2096.1,112,56,True,True,《南松下樂》,月令承應,22,合套,大石角合套,南松下樂
2097.1,63,26,True,True,《北擂鼓體》,月令承應,22,合套,大石角合套,北擂鼓體
2097.2,77,25,True,True,《南芙蓉花》,月令承應,22,合套,大石角合套,南芙蓉花
2098.1,157,76,True,True,《北催拍子》,月令承應,22,合套,大石角合套,北催拍子
2099.1,44,22,True,True,《南尾聲》,月令承應,22,合套,大石角合套,南尾聲
2101.1,101,14,True,False,《北六國朝》,月令承應,22,合套,大石角合套,北六國朝
2101.2,191,101,True,True,《南鴈傳書》,月令承應,22,合套,大石角合套,南鴈傳書
2102.1,55,20,True,True,《北歸塞北》,月令承應,22,合套,大石角合套,北歸塞北
2103.1,112,54,True,True,《南秋海棠》,月令承應,22,合套,大石角合套,南秋海棠
2104.1,122,52,True,True,《北六國朝》,月令承應,22,合套,大石角合套,北六國朝
2105.1,98,54,True,True,《南鴈傳書》,月令承應,22,合套,大石角合套,南鴈傳書
2105.2,51,20,True,True,《北歸塞北》,月令承應,22,合套,大石角合套,北歸塞北
2106.1,107,55,True,True,《南秋海棠》,月令承應,22,合套,大石角合套,南秋海棠
2107.1,40,4,True,False,《北尾聲》,月令承應,22,合套,大石角合套,北尾聲
2113.1,48,6,True,False,《滿宮花》,月令承應,23,南詞,越調引,滿宮花
2114.1,52,4,True,False,《喬八分》,月令承應,23,南詞,越調引,喬八分
2114.2,42,4,True,False,《霜天杏》,月令承應,23,南詞,越調引,霜天杏
2115.1,81,8,True,False,《祝英臺近（燕鶯語）》,琵琶記,23,南詞,越調引,祝英臺近
2115.2,67,9,True,False,《祝英臺近（燕鶯語）》,紫釵記,23,南詞,越調引,祝英臺近
2116.1,82,9,True,False,《霜天曉角（月當窓、長橋月）》,琵琶記,23,南詞,越調引,霜天曉角
2117.1,45,5,True,False,《金蕉葉》,琵琶記,23,南詞,越調引,金蕉葉
2117.2,48,4,True,False,《杏花天（杏花風）》,拜月亭,23,南詞,越調引,杏花天
2118.1,49,5,True,False,《杏花天（杏花風）》,牡丹亭,23,南詞,越調引,杏花天
2119.1,52,6,True,False,《江神子（江城子）》,八義記,23,南詞,越調引,江神子
2119.2,41,5,True,False,《鳳穿花》,玉環記,23,南詞,越調引,鳳穿花
2120.1,38,4,True,False,《凭欄人》,荊釵記,23,南詞,越調引,凭欄人
2120.2,52,6,True,False,《風馬兒》,綵樓記,23,南詞,越調引,風馬兒
2121.1,166,22,True,False,《愛月夜眠遲慢》,無名氏詞,23,南詞,越調引,愛月夜眠遲慢
2122.1,23,4,True,False,《桃李爭春（桃李爭放）》,梅嶺記,23,南詞,越調引,桃李爭春
2122.2,45,6,True,False,《漁歌子（漁父樂）》,明珠記,23,南詞,越調引,漁歌子
2123.1,47,5,True,False,《四國朝》,王煥詞,23,南詞,越調引,四國朝
2123.2,63,6,True,False,《亭前柳》,懷香記,23,南詞,越調引,亭前柳
2124.1,40,5,True,False,《楚陽台》,三元記,23,南詞,越調引,楚陽台
2125.1,41,3,True,False,《霜蕉葉》,丹晶墜,23,南詞,越調引,霜蕉葉
2125.2,44,7,True,False,《浪淘沙》,無名氏詞,23,南詞,越調引,浪淘沙
2125.3,57,5,True,False,《薄媚令》,臥冰記,23,南詞,越調引,薄媚令
2126.1,51,6,True,False,《薄媚令》,玉環記,23,南詞,越調引,薄媚令
2127.1,67,10,True,False,《養花天》,覓水記,23,南詞,越調引,養花天
2143.1,182,86,True,True,《祝英臺》,殺狗記,24,南詞,越調正曲,祝英臺
2144.1,137,51,True,True,《祝英臺》,殺狗記,24,南詞,越調正曲,祝英臺
2144.2,186,75,True,True,《祝英臺》,長生殿,24,南詞,越調正曲,祝英臺
2145.1,189,104,True,True,《祝英臺》,長生殿,24,南詞,越調正曲,祝英臺
2146.1,179,86,True,True,《綿搭絮》,月令承應,24,南詞,越調正曲,綿搭絮
2147.1,132,44,True,True,《綿搭絮》,法宮雅奏,24,南詞,越調正曲,綿搭絮
2148.1,185,81,True,True,《綿搭絮》,荊釵記,24,南詞,越調正曲,綿搭絮
2148.2,126,46,True,True,《綿搭絮》,散曲,24,南詞,越調正曲,綿搭絮
2149.1,196,88,True,True,《綿搭絮》,一種情,24,南詞,越調正曲,綿搭絮
2150.1,140,46,True,True,《綿搭絮》,長生殿,24,南詞,越調正曲,綿搭絮
2151.1,153,80,True,True,《小桃紅》,月令承應,24,南詞,越調正曲,小桃紅
2152.1,123,44,True,True,《小桃紅》,月令承應,24,南詞,越調正曲,小桃紅
2153.1,194,114,True,True,《小桃紅》,月令承應,24,南詞,越調正曲,小桃紅
2154.1,153,60,True,True,《小桃紅》,臥冰記,24,南詞,越調正曲,小桃紅
2155.1,196,93,True,True,《小桃紅》,紅梨記,24,南詞,越調正曲,小桃紅
2156.1,185,104,True,True,《小桃紅》,牧羊記,24,南詞,越調正曲,小桃紅
2157.1,160,88,True,True,《小桃紅》,白兔記,24,南詞,越調正曲,小桃紅
2158.1,191,94,True,True,《下山虎》,荊釵記,24,南詞,越調正曲,下山虎
2159.1,122,53,True,True,《下山虎》,殺狗記,24,南詞,越調正曲,下山虎
2160.1,146,53,True,True,《下山虎》,紅梨記,24,南詞,越調正曲,下山虎
2161.1,189,99,True,True,《下山虎》,散曲,24,南詞,越調正曲,下山虎
2162.1,112,42,True,True,《五般宜》,拜月亭,24,南詞,越調正曲,五般宜
2163.1,142,45,True,True,《五般宜》,紅梨記,24,南詞,越調正曲,五般宜
2164.1,86,39,True,True,《五韻美》,月令承應,24,南詞,越調正曲,五韻美
2164.2,113,37,True,True,《五韻美》,紅梨記,24,南詞,越調正曲,五韻美
2165.1,64,35,True,True,《山麻稭（麻郎兒）》,法宮雅奏,24,南詞,越調正曲,山麻稭
2166.1,105,40,True,True,《山麻稭（麻郎兒）》,散曲,24,南詞,越調正曲,山麻稭
2167.1,77,37,True,True,《山麻稭（麻郎兒）》,紅梨記,24,南詞,越調正曲,山麻稭
2167.2,64,33,True,True,《山麻稭（麻郎兒）》,拜月亭,24,南詞,越調正曲,山麻稭
2168.1,62,32,True,True,《山麻稭（麻郎兒）》,拜月亭,24,南詞,越調正曲,山麻稭
2169.1,139,70,True,True,《山麻稭（麻郎兒）》,綵樓記,24,南詞,越調正曲,山麻稭
2170.1,90,50,True,True,《蠻牌令》,月令承應,24,南詞,越調正曲,蠻牌令
2171.1,83,51,True,True,《蠻牌令》,法宮雅奏,24,南詞,越調正曲,蠻牌令
2172.1,96,50,True,True,《四般宜》,散曲,24,南詞,越調正曲,四般宜
2173.1,102,43,True,True,《四般宜》,散曲,24,南詞,越調正曲,四般宜
2174.1,56,29,True,True,《江神子（江城子）》,月令承應,24,南詞,越調正曲,江神子
2174.2,47,30,True,True,《江神子（江城子）》,散曲,24,南詞,越調正曲,江神子
2175.1,63,35,True,True,《亭前柳》,繡襦記,24,南詞,越調正曲,亭前柳
2176.1,62,34,True,True,《亭前柳》,牧羊記,24,南詞,越調正曲,亭前柳
2176.2,48,29,True,True,《江頭送別》,殺狗記,24,南詞,越調正曲,江頭送別
2177.1,50,30,True,True,《江頭送別》,拜月亭,24,南詞,越調正曲,江頭送別
2178.1,129,68,True,True,《章臺柳》,拜月亭,24,南詞,越調正曲,章臺柳
2178.2,127,37,True,True,《章臺柳》,奈何天,24,南詞,越調正曲,章臺柳
2179.1,68,29,True,True,《醉娘子（似娘子）》,拜月亭,24,南詞,越調正曲,醉娘子
2180.1,66,28,True,True,《醉娘子（似娘子）》,拜月亭,24,南詞,越調正曲,醉娘子
2181.1,73,38,True,True,《鴈過南樓》,拜月亭,24,南詞,越調正曲,鴈過南樓
2181.2,100,40,True,True,《鴈過南樓》,奈何天,24,南詞,越調正曲,鴈過南樓
2182.1,131,49,True,True,《繡停鍼》,法宮雅奏,24,南詞,越調正曲,繡停鍼
2183.1,170,93,True,True,《繡停鍼》,散曲,24,南詞,越調正曲,繡停鍼
2184.1,126,48,True,True,《繡停鍼》,滿牀笏,24,南詞,越調正曲,繡停鍼
2185.1,81,38,True,True,《繡停鍼》,江天雪,24,南詞,越調正曲,繡停鍼
2186.1,209,108,True,True,《喬合笙》,散曲,24,南詞,越調正曲,喬合笙
2187.1,108,44,True,True,《道和》,散曲,24,南詞,越調正曲,道和
2187.2,71,31,True,True,《園林杵歌（斷中好）》,殺狗記,24,南詞,越調正曲,園林杵歌
2188.1,76,35,True,True,《園林杵歌（斷中好）》,殺狗記,24,南詞,越調正曲,園林杵歌
2189.1,177,77,True,True,《園林杵歌（斷中好）》,臥冰記,24,南詞,越調正曲,園林杵歌
2190.1,78,35,True,True,《山虎兒》,臥冰記,24,南詞,越調正曲,山虎兒
2191.1,81,34,True,True,《鏵鍬兒（划鍬兒）》,琵琶記,24,南詞,越調正曲,鏵鍬兒
2192.1,93,35,True,True,《鏵鍬兒（划鍬兒）》,牧羊記,24,南詞,越調正曲,鏵鍬兒
2193.1,68,29,True,True,《憶多嬌》,九九大慶,24,南詞,越調正曲,憶多嬌
2193.2,100,57,True,True,《憶多嬌》,琵琶記,24,南詞,越調正曲,憶多嬌
2194.1,70,30,True,True,《憶多嬌》,散曲,24,南詞,越調正曲,憶多嬌
2195.1,107,43,True,True,《鬭黑麻（鬭蛤?）》,散曲,24,南詞,越調正曲,鬭黑麻
2196.1,95,44,True,True,《鬭黑麻（鬭蛤?）》,荊釵記,24,南詞,越調正曲,鬭黑麻
2196.2,97,47,True,True,《鬭黑麻（鬭蛤?）》,拜月亭,24,南詞,越調正曲,鬭黑麻
2197.1,93,20,True,True,《望歌兒》,琵琶記,24,南詞,越調正曲,望歌兒
2198.1,82,14,True,False,《望歌兒》,琵琶記,24,南詞,越調正曲,望歌兒
2199.1,72,32,True,True,《望歌兒》,殺狗記,24,南詞,越調正曲,望歌兒
2200.1,77,34,True,True,《望歌兒》,雍熙樂府,24,南詞,越調正曲,望歌兒
2200.2,130,26,True,True,《望歌兒》,白兔記,24,南詞,越調正曲,望歌兒
2202.1,68,37,True,True,《引軍旗》,白兔記,24,南詞,越調正曲,引軍旗
2202.2,54,32,True,True,《引軍旗》,白兔記,24,南詞,越調正曲,引軍旗
2203.1,83,44,True,True,《引軍旗》,臥冰記,24,南詞,越調正曲,引軍旗
2204.1,85,44,True,True,《引軍旗》,殺狗記,24,南詞,越調正曲,引軍旗
2205.1,44,24,True,True,《多嬌面》,殺狗記,24,南詞,越調正曲,多嬌面
2205.2,39,25,True,True,《多嬌面》,殺狗記,24,南詞,越調正曲,多嬌面
2206.1,46,19,True,True,《喬八分》,散曲,24,南詞,越調正曲,喬八分
2207.1,58,28,True,True,《花兒》,梅嶺記,24,南詞,越調正曲,花兒
2207.2,59,29,True,True,《花兒》,白兔記,24,南詞,越調正曲,花兒
2208.1,65,28,True,True,《擊人心》,殺狗記,24,南詞,越調正曲,擊人心
2208.2,58,29,True,True,《擊人心》,殺狗記,24,南詞,越調正曲,擊人心
2209.1,49,26,True,True,《豹子令（鮑子令）》,勸善金科,24,南詞,越調正曲,豹子令
2210.1,99,50,True,True,《豹子令（鮑子令）》,散曲,24,南詞,越調正曲,豹子令
2211.1,35,14,True,True,《一疋布》,殺狗記,24,南詞,越調正曲,一疋布
2211.2,36,14,True,True,《一疋布》,躍鯉記,24,南詞,越調正曲,一疋布
2212.1,75,37,True,True,《排歌》,拜月亭,24,南詞,越調正曲,排歌
2212.2,71,33,True,True,《黃薔薇》,雍熙樂府,24,南詞,越調正曲,黃薔薇
2213.1,95,52,True,True,《慶元貞》,雍熙樂府,24,南詞,越調正曲,慶元貞
2213.2,59,26,True,True,《雪里梅》,雍熙樂府,24,南詞,越調正曲,雪里梅
2214.1,198,86,True,True,《佳人捧玉盤》,雍熙樂府,24,南詞,越調正曲,佳人捧玉盤
2215.1,194,78,True,True,《金（銅）人捧露盤（西平曲）》,高觀國詞,24,南詞,越調正曲,金人捧露盤
2229.1,86,33,True,True,《黑䗫令》,牡丹亭,25,南詞,越調正曲,黑䗫令
2230.1,97,29,True,True,《黑䗫令》,長生殿,25,南詞,越調正曲,黑䗫令
2231.1,147,56,True,True,《番山虎》,牡丹亭,25,南詞,越調正曲,番山虎
2232.1,131,55,True,True,《番山虎》,牡丹亭,25,南詞,越調正曲,番山虎
2233.1,97,35,True,True,《番山虎》,牡丹亭,25,南詞,越調正曲,番山虎
2234.1,137,51,True,True,《番山虎》,牡丹亭,25,南詞,越調正曲,番山虎
2235.1,130,56,True,True,《番山虎》,散曲,25,南詞,越調正曲,番山虎
2236.1,121,56,True,True,《番山虎》,散曲,25,南詞,越調正曲,番山虎
2237.1,93,37,True,True,《番山虎》,散曲,25,南詞,越調正曲,番山虎
2238.1,116,49,True,True,《番山虎》,散曲,25,南詞,越調正曲,番山虎
2239.1,116,64,True,True,《玉蝴蝶（玉蝴蝶漫）》,溫庭筠詞,25,南詞,越調正曲,玉蝴蝶
2240.1,90,45,True,True,《博頭錢（博一撲）》,殺狗記,25,南詞,越調正曲,博頭錢
2241.1,58,27,True,True,《博頭錢（博一撲）》,臥冰記,25,南詞,越調正曲,博頭錢
2242.1,86,41,True,True,《博頭錢（博一撲）》,金印記,25,南詞,越調正曲,博頭錢
2243.1,31,15,True,True,《水底魚兒（泥裏鰍、水中梭）》,勸善金科,25,南詞,越調正曲,水底魚兒
2243.2,53,30,True,True,《水底魚兒（泥裏鰍、水中梭）》,荊釵記,25,南詞,越調正曲,水底魚兒
2244.1,30,16,True,True,《吒精令》,殺狗記,25,南詞,越調正曲,吒精令
2245.1,36,15,True,True,《吒精令》,牧羊記,25,南詞,越調正曲,吒精令
2245.2,39,18,True,True,《丞相賢》,拜月亭,25,南詞,越調正曲,丞相賢
2246.1,38,18,True,True,《丞相賢》,拜月亭,25,南詞,越調正曲,丞相賢
2247.1,38,16,True,True,《梨花兒》,西廂記,25,南詞,越調正曲,梨花兒
2247.2,39,17,True,True,《梨花兒》,殺狗記,25,南詞,越調正曲,梨花兒
2248.1,33,13,True,True,《趙皮鞋》,拜月亭,25,南詞,越調正曲,趙皮鞋
2248.2,42,11,True,True,《趙皮鞋》,比目魚,25,南詞,越調正曲,趙皮鞋
2249.1,55,28,True,True,《秃厮兒》,臥冰記,25,南詞,越調正曲,秃厮兒
2249.2,78,35,True,True,《俊孩兒》,鳳求凰,25,南詞,越調正曲,俊孩兒
2250.1,112,48,True,True,《羅帳裏坐》,月令承應,25,南詞,越調正曲,羅帳裏坐
2251.1,70,26,True,True,《羅帳裏坐》,繡襦記,25,南詞,越調正曲,羅帳裏坐
2252.1,135,50,True,True,《鮑老催》,牡丹亭,25,南詞,越調正曲,鮑老催
2252.2,83,39,True,True,《雙聲子》,牡丹亭,25,南詞,越調正曲,雙聲子
2253.1,107,48,True,True,《鬭寶蟾》,九九大慶,25,南詞,越調正曲,鬭寶蟾
2254.1,169,93,True,True,《鬭寶蟾》,散曲,25,南詞,越調正曲,鬭寶蟾
2255.1,104,39,True,True,《鬭寶蟾》,寶劍記,25,南詞,越調正曲,鬭寶蟾
2256.1,155,85,True,True,《梅花酒》,散曲,25,南詞,越調正曲,梅花酒
2256.2,78,47,True,True,《梅花酒》,散曲,25,南詞,越調正曲,梅花酒
2257.1,367,205,True,True,《五?結同心》,趙彥端詞,25,南詞,越調正曲,五?結同心
2258.1,235,102,True,True,《五?結同心》,無名氏詞,25,南詞,越調正曲,五?結同心
2260.1,350,179,True,True,《一寸金》,柳永詞,25,南詞,越調正曲,一寸金
2261.1,233,94,True,True,《一寸金》,周邦彥詞,25,南詞,越調正曲,一寸金
2263.1,149,79,True,True,《清商怨（關河令）》,晏殊詞,25,南詞,越調正曲,清商怨
2263.2,124,46,True,True,《清商怨（關河令）》,沈會宗詞,25,南詞,越調正曲,清商怨
2264.1,50,43,True,True,《浪淘沙》,月令承應,25,南詞,越調正曲,浪淘沙
2265.1,40,37,True,True,《浪淘沙》,祝髪詞,25,南詞,越調正曲,浪淘沙
2265.2,93,40,True,True,《薄媚袞》,拜月亭,25,南詞,越調正曲,薄媚袞
2266.1,72,34,True,True,《薄媚袞》,拜月亭,25,南詞,越調正曲,薄媚袞
2267.1,103,49,True,True,《薄媚袞》,夢花酣,25,南詞,越調正曲,薄媚袞
2268.1,167,31,True,False,《入破》,琵琶記,25,南詞,越調正曲,入破
2269.1,80,20,True,True,《破第二》,琵琶記,25,南詞,越調正曲,破第二
2270.1,93,38,True,True,《袞第三》,琵琶記,25,南詞,越調正曲,袞第三
2271.1,73,32,True,True,《歇拍》,琵琶記,25,南詞,越調正曲,歇拍
2272.1,68,34,True,True,《中袞五》,琵琶記,25,南詞,越調正曲,中袞五
2272.2,69,32,True,True,《煞尾》,琵琶記,25,南詞,越調正曲,煞尾
2273.1,57,8,True,False,《出破》,琵琶記,25,南詞,越調正曲,出破
2274.1,171,26,True,False,《入破》,尋親記,25,南詞,越調正曲,入破
2275.1,153,24,True,False,《破第二》,尋親記,25,南詞,越調正曲,破第二
2276.1,83,41,True,True,《袞第三》,尋親記,25,南詞,越調正曲,袞第三
2277.1,88,44,True,True,《歇拍》,尋親記,25,南詞,越調正曲,歇拍
2278.1,98,47,True,True,《中袞五》,尋親記,25,南詞,越調正曲,中袞五
2279.1,43,6,True,False,《出破》,尋親記,25,南詞,越調正曲,出破
2279.2,132,17,True,False,《入破》,綵樓記,25,南詞,越調正曲,入破
2280.1,115,24,True,False,《破第二》,綵樓記,25,南詞,越調正曲,破第二
2281.1,90,40,True,True,《袞第三》,綵樓記,25,南詞,越調正曲,袞第三
2282.1,71,31,True,True,《歇拍》,綵樓記,25,南詞,越調正曲,歇拍
2282.2,73,33,True,True,《中袞五》,綵樓記,25,南詞,越調正曲,中袞五
2283.1,79,34,True,True,《袞尾》,綵樓記,25,南詞,越調正曲,袞尾
2284.1,106,24,True,True,《本調賺》,拜月亭,25,南詞,越調正曲,本調賺
2285.1,110,26,True,True,《本調賺》,殺狗記,25,南詞,越調正曲,本調賺
2286.1,109,28,True,True,《本調賺》,殺狗記,25,南詞,越調正曲,本調賺
2286.2,105,14,True,False,《竹馬兒賺》,琵琶記,25,南詞,越調正曲,竹馬兒賺
2287.1,109,14,True,False,《竹馬兒賺》,琵琶記,25,南詞,越調正曲,竹馬兒賺
2288.1,43,18,True,True,《有餘情賺》,法宮雅奏,25,南詞,越調正曲,有餘情賺
2289.1,43,22,True,True,《餘音》,散曲,25,南詞,越調正曲,餘音
2289.2,44,22,True,True,《餘音》,散曲,25,南詞,越調正曲,餘音
2289.3,39,22,True,True,《餘音》,紅梨記,25,南詞,越調正曲,餘音
2297.1,183,109,True,True,《桃花山（小桃下山）》,月令承應,26,南詞,越調集曲,桃花山
2298.1,135,58,True,True,《桃花山（小桃下山）》,月令承應,26,南詞,越調集曲,桃花山
2299.1,232,121,True,True,《桃花山（小桃下山）》,散曲,26,南詞,越調集曲,桃花山
2300.1,157,54,True,True,《山桃紅（山下夭桃）》,紫釵記,26,南詞,越調集曲,山桃紅
2301.1,232,103,True,True,《山桃紅（山下夭桃）》,牡丹亭,26,南詞,越調集曲,山桃紅
2302.1,137,50,True,True,《山桃紅（山下夭桃）》,牡丹亭,26,南詞,越調集曲,山桃紅
2303.1,201,106,True,True,《山桃紅（山下夭桃）》,勸善金科,26,南詞,越調集曲,山桃紅
2304.1,112,53,True,True,《山桃紅（山下夭桃）》,琵琶記,26,南詞,越調集曲,山桃紅
2305.1,114,51,True,True,《山桃紅（山下夭桃）》,散曲,26,南詞,越調集曲,山桃紅
2306.1,87,40,True,True,《憶虎序》,荊釵記,26,南詞,越調集曲,憶虎序
2307.1,82,40,True,True,《憶虎序》,荊釵記,26,南詞,越調集曲,憶虎序
2308.1,86,38,True,True,《憶虎序》,贈書記,26,南詞,越調集曲,憶虎序
2309.1,122,49,True,True,《山虎帶蠻牌》,散曲,26,南詞,越調集曲,山虎帶蠻牌
2310.1,133,58,True,True,《山虎嵌蠻牌》,十孝記,26,南詞,越調集曲,山虎嵌蠻牌
2311.1,111,48,True,True,《山下遇多嬌》,鸞鎞記,26,南詞,越調集曲,山下遇多嬌
2312.1,96,40,True,True,《五般韻美》,散曲,26,南詞,越調集曲,五般韻美
2313.1,77,46,True,True,《蠻牌帶寶蟾》,散曲,26,南詞,越調集曲,蠻牌帶寶蟾
2314.1,134,72,True,True,《蠻牌令集》,白兔記,26,南詞,越調集曲,蠻牌令集
2315.1,48,25,True,True,《送江神（送別江神）》,散曲,26,南詞,越調集曲,送江神
2316.1,71,40,True,True,《江神心（別繫心）》,散曲,26,南詞,越調集曲,江神心
2317.1,141,89,True,True,《憶鶯兒》,躍鯉記,26,南詞,越調集曲,憶鶯兒
2317.2,81,45,True,True,《憶鶯兒》,繡襦記,26,南詞,越調集曲,憶鶯兒
2318.1,72,37,True,True,《憶梨花（憶花兒）》,散曲,26,南詞,越調集曲,憶梨花
2319.1,157,88,True,True,《英臺惜奴嬌》,桃花記,26,南詞,越調集曲,英臺惜奴嬌
2320.1,113,51,True,True,《英臺惜奴嬌》,桃花記,26,南詞,越調集曲,英臺惜奴嬌
2321.1,89,38,True,True,《章臺前柳》,水滸記,26,南詞,越調集曲,章臺前柳
2321.2,108,48,True,True,《二集排歌》,拜月亭,26,南詞,越調集曲,二集排歌
2322.1,70,29,True,True,《帳裏多嬌》,散曲,26,南詞,越調集曲,帳裏多嬌
2323.1,70,37,True,True,《醉過南樓》,散曲,26,南詞,越調集曲,醉過南樓
2324.1,54,34,True,True,《雪裏梅（雪中梅）》,董西廂,26,南詞,越調集曲,雪裏梅
2325.1,67,38,True,True,《雪裏梅（雪中梅）》,董西廂,26,南詞,越調集曲,雪裏梅
2326.1,44,26,True,True,《雪裏梅（雪中梅）》,董西廂,26,南詞,越調集曲,雪裏梅
2351.1,59,11,True,False,《鬭鵪鶉》,雍熙樂府,27,北詞,越角隻曲,鬭鵪鶉
2351.2,81,38,True,True,《鬭鵪鶉》,雍熙樂府,27,北詞,越角隻曲,鬭鵪鶉
2352.1,113,11,True,False,《鬭鵪鶉》,元人百種,27,北詞,越角隻曲,鬭鵪鶉
2353.1,72,11,True,False,《鬭鵪鶉》,董西廂,27,北詞,越角隻曲,鬭鵪鶉
2354.1,125,57,True,True,《鬭鵪鶉》,雍熙樂府,27,北詞,越角隻曲,鬭鵪鶉
2355.1,83,10,True,False,《紫花兒序》,雍熙樂府,27,北詞,越角隻曲,紫花兒序
2356.1,71,10,True,False,《紫花兒序》,雍熙樂府,27,北詞,越角隻曲,紫花兒序
2357.1,82,12,True,False,《紫花兒序》,雍熙樂府,27,北詞,越角隻曲,紫花兒序
2358.1,145,65,True,True,《紫花兒序》,元人百種,27,北詞,越角隻曲,紫花兒序
2359.1,92,11,True,False,《紫花兒序》,雍熙樂府,27,北詞,越角隻曲,紫花兒序
2360.1,108,38,True,True,《紫花兒序》,雍熙樂府,27,北詞,越角隻曲,紫花兒序
2361.1,97,40,True,True,《小桃紅》,散曲,27,北詞,越角隻曲,小桃紅
2361.2,107,42,True,True,《小桃紅》,雍熙樂府,27,北詞,越角隻曲,小桃紅
2362.1,100,38,True,True,《小桃紅》,雍熙樂府,27,北詞,越角隻曲,小桃紅
2363.1,95,36,True,True,《小桃紅》,散曲,27,北詞,越角隻曲,小桃紅
2364.1,87,36,True,True,《小桃紅》,雍熙樂府,27,北詞,越角隻曲,小桃紅
2364.2,51,27,True,True,《金蕉葉》,元人百種,27,北詞,越角隻曲,金蕉葉
2365.1,43,24,True,True,《金蕉葉》,雍熙樂府,27,北詞,越角隻曲,金蕉葉
2366.1,52,28,True,True,《天淨沙（塞上秋）》,散曲,27,北詞,越角隻曲,天淨沙
2366.2,45,6,True,False,《天淨沙（塞上秋）》,雍熙樂府,27,北詞,越角隻曲,天淨沙
2367.1,51,28,True,True,《天淨沙（塞上秋）》,雍熙樂府,27,北詞,越角隻曲,天淨沙
2367.2,67,39,True,True,《調笑令（含笑花）》,散曲,27,北詞,越角隻曲,調笑令
2368.1,70,40,True,True,《調笑令（含笑花）》,散曲,27,北詞,越角隻曲,調笑令
2369.1,87,48,True,True,《調笑令（含笑花）》,雍熙樂府,27,北詞,越角隻曲,調笑令
2369.2,78,46,True,True,《調笑令（含笑花）》,太平圖,27,北詞,越角隻曲,調笑令
2370.1,101,56,True,True,《調笑令（含笑花）》,元人百種,27,北詞,越角隻曲,調笑令
2372.1,76,42,True,True,《三台印》,雍熙樂府,27,北詞,越角隻曲,三台印
2372.2,93,43,True,True,《三台印》,元人百種,27,北詞,越角隻曲,三台印
2373.1,86,47,True,True,《三台印》,雍熙樂府,27,北詞,越角隻曲,三台印
2374.1,80,48,True,True,《三台印》,雍熙樂府,27,北詞,越角隻曲,三台印
2375.1,118,64,True,True,《三台印》,元人百種,27,北詞,越角隻曲,三台印
2376.1,66,36,True,True,《疊字三臺印》,月令承應,27,北詞,越角隻曲,疊字三臺印
2377.1,66,37,True,True,《疊字三臺印》,月令承應,27,北詞,越角隻曲,疊字三臺印
2378.1,64,40,True,True,《疊字三臺印》,董西廂,27,北詞,越角隻曲,疊字三臺印
2378.2,65,38,True,True,《疊字三臺印》,董西廂,27,北詞,越角隻曲,疊字三臺印
2379.1,80,46,True,True,《耍三臺》,天寶遺事,27,北詞,越角隻曲,耍三臺
2380.1,79,50,True,True,《耍三臺》,天寶遺事,27,北詞,越角隻曲,耍三臺
2381.1,100,63,True,True,《耍三臺》,太平圖,27,北詞,越角隻曲,耍三臺
2382.1,129,70,True,True,《耍三臺》,太平圖,27,北詞,越角隻曲,耍三臺
2383.1,79,37,True,True,《踏陣馬》,太平圖,27,北詞,越角隻曲,踏陣馬
2384.1,46,27,True,True,《秃厮兒（小沙門、耍厮兒）》,雍熙樂府,27,北詞,越角隻曲,秃厮兒
2385.1,54,30,True,True,《秃厮兒（小沙門、耍厮兒）》,雍熙樂府,27,北詞,越角隻曲,秃厮兒
2385.2,55,27,True,True,《秃厮兒（小沙門、耍厮兒）》,雍熙樂府,27,北詞,越角隻曲,秃厮兒
2386.1,47,27,True,True,《秃厮兒（小沙門、耍厮兒）》,太平圖,27,北詞,越角隻曲,秃厮兒
2386.2,60,26,True,True,《秃厮兒（小沙門、耍厮兒）》,太平圖,27,北詞,越角隻曲,秃厮兒
2387.1,39,24,True,True,《秃厮兒（小沙門、耍厮兒）》,太平圖,27,北詞,越角隻曲,秃厮兒
2387.2,46,23,True,True,《秃厮兒（小沙門、耍厮兒）》,元人百種,27,北詞,越角隻曲,秃厮兒
2388.1,51,33,True,True,《聖藥王》,雍熙樂府,27,北詞,越角隻曲,聖藥王
2389.1,47,31,True,True,《聖藥王》,太平圖,27,北詞,越角隻曲,聖藥王
2389.2,52,35,True,True,《聖藥王》,太平圖,27,北詞,越角隻曲,聖藥王
2390.1,64,39,True,True,《聖藥王》,雍熙樂府,27,北詞,越角隻曲,聖藥王
2391.1,45,27,True,True,《麻郎兒》,雍熙樂府,27,北詞,越角隻曲,麻郎兒
2391.2,45,27,True,True,《麻郎兒》,雍熙樂府,27,北詞,越角隻曲,麻郎兒
2392.1,40,21,True,True,《麻郎兒》,太平圖,27,北詞,越角隻曲,麻郎兒
2392.2,36,20,True,True,《麻郎兒》,雍熙樂府,27,北詞,越角隻曲,麻郎兒
2393.1,40,26,True,True,《絡絲娘》,雍熙樂府,27,北詞,越角隻曲,絡絲娘
2393.2,48,27,True,True,《絡絲娘》,哭香囊,27,北詞,越角隻曲,絡絲娘
2394.1,41,25,True,True,《絡絲娘》,太平圖,27,北詞,越角隻曲,絡絲娘
2394.2,48,28,True,True,《絡絲娘》,太平圖,27,北詞,越角隻曲,絡絲娘
2395.1,39,21,True,True,《絡絲娘》,雍熙樂府,27,北詞,越角隻曲,絡絲娘
2395.2,47,28,True,True,《絡絲娘》,占花魁,27,北詞,越角隻曲,絡絲娘
2397.1,64,35,True,True,《東原樂》,焚香記,27,北詞,越角隻曲,東原樂
2397.2,56,32,True,True,《東原樂》,雍熙樂府,27,北詞,越角隻曲,東原樂
2398.1,76,36,True,True,《東原樂》,雍熙樂府,27,北詞,越角隻曲,東原樂
2398.2,73,40,True,True,《東原樂》,太平圖,27,北詞,越角隻曲,東原樂
2399.1,78,39,True,True,《東原樂》,元人百種,27,北詞,越角隻曲,東原樂
2400.1,61,39,True,True,《東原樂》,太平圖,27,北詞,越角隻曲,東原樂
2400.2,63,34,True,True,《東原樂》,東墻記,27,北詞,越角隻曲,東原樂
2402.1,64,36,True,True,《綿搭絮》,雍熙樂府,27,北詞,越角隻曲,綿搭絮
2402.2,92,45,True,True,《綿搭絮》,元人百種,27,北詞,越角隻曲,綿搭絮
2403.1,83,44,True,True,《綿搭絮》,太平圖,27,北詞,越角隻曲,綿搭絮
2404.1,117,66,True,True,《綿搭絮》,元人百種,27,北詞,越角隻曲,綿搭絮
2405.1,83,39,True,True,《綿搭絮》,東墻記,27,北詞,越角隻曲,綿搭絮
2405.2,104,52,True,True,《綿搭絮》,中山狼,27,北詞,越角隻曲,綿搭絮
2406.1,64,32,True,True,《綿搭絮》,月夜聞箏,27,北詞,越角隻曲,綿搭絮
2408.1,89,44,True,True,《拙魯速》,元人百種,27,北詞,越角隻曲,拙魯速
2408.2,87,46,True,True,《拙魯速》,元人百種,27,北詞,越角隻曲,拙魯速
2409.1,103,49,True,True,《拙魯速》,太平圖,27,北詞,越角隻曲,拙魯速
2410.1,65,46,True,True,《拙魯速》,太平圖,27,北詞,越角隻曲,拙魯速
2411.1,86,49,True,True,《拙魯速》,趕蘇卿,27,北詞,越角隻曲,拙魯速
2412.1,71,40,True,True,《拙魯速》,月夜聞箏,27,北詞,越角隻曲,拙魯速
2413.1,99,50,True,True,《寨兒令（柳營曲）》,散曲,27,北詞,越角隻曲,寨兒令
2414.1,126,64,True,True,《寨兒令（柳營曲）》,元人百種,27,北詞,越角隻曲,寨兒令
2415.1,98,51,True,True,《寨兒令（柳營曲）》,散曲,27,北詞,越角隻曲,寨兒令
2416.1,46,26,True,True,《送遠行》,月夜聞箏,27,北詞,越角隻曲,送遠行
2417.1,48,20,True,True,《黃薔薇》,散曲,27,北詞,越角隻曲,黃薔薇
2417.2,47,24,True,True,《黃薔薇》,元人百種,27,北詞,越角隻曲,黃薔薇
2418.1,40,23,True,True,《黃薔薇》,元人百種,27,北詞,越角隻曲,黃薔薇
2418.2,48,28,True,True,《慶元貞》,散曲,27,北詞,越角隻曲,慶元貞
2419.1,50,28,True,True,《慶元貞》,雍熙樂府,27,北詞,越角隻曲,慶元貞
2420.1,61,34,True,True,《慶元貞》,元人百種,27,北詞,越角隻曲,慶元貞
2420.2,59,33,True,True,《慶元貞》,元人百種,27,北詞,越角隻曲,慶元貞
2421.1,36,20,True,True,《雪裏梅（雪中梅）》,明朝樂章,27,北詞,越角隻曲,雪裏梅
2421.2,60,30,True,True,《雪裏梅（雪中梅）》,蘇武還鄉,27,北詞,越角隻曲,雪裏梅
2422.1,46,26,True,True,《雪裏梅（雪中梅）》,董西廂,27,北詞,越角隻曲,雪裏梅
2422.2,33,20,True,True,《雪裏梅（雪中梅）》,董西廂,27,北詞,越角隻曲,雪裏梅
2423.1,36,21,True,True,《雪裏梅（雪中梅）》,董西廂,27,北詞,越角隻曲,雪裏梅
2423.2,36,20,True,True,《雪裏梅（雪中梅）》,董西廂,27,北詞,越角隻曲,雪裏梅
2426.1,36,20,True,True,《凭欄人》,散曲,27,北詞,越角隻曲,凭欄人
2427.1,47,28,True,True,《凭欄人》,元人百種,27,北詞,越角隻曲,凭欄人
2427.2,117,55,True,True,《古竹馬》,悮入長安,27,北詞,越角隻曲,古竹馬
2428.1,88,45,True,True,《古竹馬》,悮入長安,27,北詞,越角隻曲,古竹馬
2428.2,119,67,True,True,《古竹馬》,鎖魔鏡,27,北詞,越角隻曲,古竹馬
2430.1,71,41,True,True,《古竹馬》,鎖魔鏡,27,北詞,越角隻曲,古竹馬
2430.2,95,58,True,True,《古竹馬》,散曲,27,北詞,越角隻曲,古竹馬
2431.1,159,86,True,True,《青山口》,伯道棄子,27,北詞,越角隻曲,青山口
2433.1,132,70,True,True,《青山口》,雍熙樂府,27,北詞,越角隻曲,青山口
2434.1,178,105,True,True,《青山口》,元人百種,27,北詞,越角隻曲,青山口
2435.1,143,76,True,True,《青山口》,董西廂,27,北詞,越角隻曲,青山口
2437.1,176,86,True,True,《青山口》,月令承應,27,北詞,越角隻曲,青山口
2438.1,55,30,True,True,《鄆州春》,太平圖,27,北詞,越角隻曲,鄆州春
2439.1,49,24,True,True,《鄆州春》,調風月,27,北詞,越角隻曲,鄆州春
2440.1,96,36,True,True,《看花回》,散曲,27,北詞,越角隻曲,看花回
2440.2,72,28,True,True,《看花回》,月令承應,27,北詞,越角隻曲,看花回
2441.1,59,26,True,True,《看花回》,月令承應,27,北詞,越角隻曲,看花回
2442.1,62,32,True,True,《看花回》,董西廂,27,北詞,越角隻曲,看花回
2442.2,61,33,True,True,《看花回》,董西廂,27,北詞,越角隻曲,看花回
2443.1,92,40,True,True,《酒旗兒（皂旗令、皂旗兒）》,御溝紅葉,27,北詞,越角隻曲,酒旗兒
2444.1,93,48,True,True,《酒旗兒（皂旗令、皂旗兒）》,豫讓吞炭,27,北詞,越角隻曲,酒旗兒
2445.1,56,24,True,True,《南鄉子》,太平圖,27,北詞,越角隻曲,南鄉子
2445.2,44,22,True,True,《梅花引（貧也樂、小梅花）》,散曲,27,北詞,越角隻曲,梅花引
2446.1,54,30,True,True,《梅花引（貧也樂、小梅花）》,散曲,27,北詞,越角隻曲,梅花引
2447.1,63,34,True,True,《眉兒彎》,豫讓吞炭,27,北詞,越角隻曲,眉兒彎
2448.1,67,29,True,True,《上平西》,太平圖,27,北詞,越角隻曲,上平西
2448.2,70,29,True,True,《上平西》,太平圖,27,北詞,越角隻曲,上平西
2449.1,80,35,True,True,《上平西》,太平圖,27,北詞,越角隻曲,上平西
2449.2,90,36,True,True,《上平西》,太平圖,27,北詞,越角隻曲,上平西
2450.1,129,52,True,True,《水龍吟》,月令承應,27,北詞,越角隻曲,水龍吟
2451.1,58,35,True,True,《揭鉢子》,月令承應,27,北詞,越角隻曲,揭鉢子
2452.1,63,36,True,True,《揭鉢子》,月令承應,27,北詞,越角隻曲,揭鉢子
2453.1,69,38,True,True,《渤海令》,董西廂,27,北詞,越角隻曲,渤海令
2453.2,76,42,True,True,《渤海令》,董西廂,27,北詞,越角隻曲,渤海令
2454.1,57,21,True,True,《廳前柳》,太平圖,27,北詞,越角隻曲,廳前柳
2455.1,65,24,True,True,《廳前柳》,太平圖,27,北詞,越角隻曲,廳前柳
2455.2,61,34,True,True,《廳前柳》,太平圖,27,北詞,越角隻曲,廳前柳
2456.1,56,28,True,True,《廳前柳》,太平圖,27,北詞,越角隻曲,廳前柳
2457.1,84,40,True,True,《蠻牌兒》,太平圖,27,北詞,越角隻曲,蠻牌兒
2458.1,64,35,True,True,《山麻稭》,太平圖,27,北詞,越角隻曲,山麻稭
2459.1,62,9,True,False,《隨煞》,太平圖,27,北詞,越角隻曲,隨煞
2460.1,78,9,True,False,《隨煞》,月令承應,27,北詞,越角隻曲,隨煞
2461.1,82,42,True,True,《緒煞》,董西廂,27,北詞,越角隻曲,緒煞
2462.1,67,9,True,False,《緒煞》,董西廂,27,北詞,越角隻曲,緒煞
2462.2,51,6,True,False,《天淨沙煞》,散曲,27,北詞,越角隻曲,天淨沙煞
2463.1,68,7,True,False,《眉兒彎煞》,散曲,27,北詞,越角隻曲,眉兒彎煞
2464.1,45,4,True,False,《收尾》,雍熙樂府,27,北詞,越角隻曲,收尾
2464.2,39,5,True,False,《收尾》,雍熙樂府,27,北詞,越角隻曲,收尾
2465.1,55,5,True,False,《收尾》,元人百種,27,北詞,越角隻曲,收尾
2465.2,56,5,True,False,《收尾》,雍熙樂府,27,北詞,越角隻曲,收尾
2466.1,50,5,True,False,《收尾》,雍熙樂府,27,北詞,越角隻曲,收尾
2466.2,61,6,True,False,《收尾》,散曲,27,北詞,越角隻曲,收尾
2467.1,48,4,True,False,《收尾》,占花魁,27,北詞,越角隻曲,收尾
2468.1,74,6,True,False,《收尾》,元人百種,27,北詞,越角隻曲,收尾
2468.2,37,4,True,False,《尾》,太平圖,27,北詞,越角隻曲,尾
2469.1,25,16,True,True,《小絡絲娘》,太平圖,27,北詞,越角隻曲,小絡絲娘
2469.2,22,3,True,False,《小絡絲娘》,太平圖,27,北詞,越角隻曲,小絡絲娘
2485.1,66,11,True,False,《闘鵪鶉》,雍熙樂府,28,北詞,越角套曲,闘鵪鶉
2485.2,74,11,True,False,《紫花兒序》,雍熙樂府,28,北詞,越角套曲,紫花兒序
2486.1,77,36,True,True,《調笑令》,雍熙樂府,28,北詞,越角套曲,調笑令
2487.1,54,25,True,True,《禿廝兒》,雍熙樂府,28,北詞,越角套曲,禿廝兒
2487.2,58,35,True,True,《聖藥王》,雍熙樂府,28,北詞,越角套曲,聖藥王
2488.1,41,4,True,False,《收尾》,雍熙樂府,28,北詞,越角套曲,收尾
2489.1,95,10,True,False,《闘鵪鶉》,元人百種,28,北詞,越角套曲,闘鵪鶉
2489.2,89,11,True,False,《紫花兒序》,元人百種,28,北詞,越角套曲,紫花兒序
2490.1,105,41,True,True,《小桃紅》,元人百種,28,北詞,越角套曲,小桃紅
2491.1,55,10,True,False,《金蕉葉》,元人百種,28,北詞,越角套曲,金蕉葉
2492.1,102,54,True,True,《調笑令》,元人百種,28,北詞,越角套曲,調笑令
2492.2,62,36,True,True,《禿廝兒》,元人百種,28,北詞,越角套曲,禿廝兒
2493.1,62,37,True,True,《聖藥王》,元人百種,28,北詞,越角套曲,聖藥王
2494.1,45,25,True,True,《麻郎兒》,元人百種,28,北詞,越角套曲,麻郎兒
2494.2,54,29,True,True,《麻郎兒》,元人百種,28,北詞,越角套曲,麻郎兒
2495.1,69,33,True,True,《東原樂》,元人百種,28,北詞,越角套曲,東原樂
2495.2,94,45,True,True,《綿搭絮》,元人百種,28,北詞,越角套曲,綿搭絮
2496.1,55,31,True,True,《絡絲娘》,元人百種,28,北詞,越角套曲,絡絲娘
2496.2,93,48,True,True,《拙魯速》,元人百種,28,北詞,越角套曲,拙魯速
2497.1,84,49,True,True,《拙魯速》,元人百種,28,北詞,越角套曲,拙魯速
2498.1,47,4,True,False,《收尾》,元人百種,28,北詞,越角套曲,收尾
2501.1,107,12,True,False,《闘鵪鶉》,元人百種,28,北詞,越角套曲,闘鵪鶉
2502.1,135,11,True,False,《紫花兒序》,元人百種,28,北詞,越角套曲,紫花兒序
2503.1,125,50,True,True,《小桃紅》,元人百種,28,北詞,越角套曲,小桃紅
2504.1,110,55,True,True,《三台印》,元人百種,28,北詞,越角套曲,三台印
2505.1,124,59,True,True,《紫花兒序》,元人百種,28,北詞,越角套曲,紫花兒序
2506.1,102,52,True,True,《調笑令》,元人百種,28,北詞,越角套曲,調笑令
2506.2,54,27,True,True,《絡絲娘》,元人百種,28,北詞,越角套曲,絡絲娘
2507.1,63,31,True,True,《金蕉葉》,元人百種,28,北詞,越角套曲,金蕉葉
2508.1,117,59,True,True,《耍三臺》,元人百種,28,北詞,越角套曲,耍三臺
2509.1,180,75,True,True,《青山口》,元人百種,28,北詞,越角套曲,青山口
2510.1,79,39,True,True,《收尾》,元人百種,28,北詞,越角套曲,收尾
2513.1,103,11,True,False,《闘鵪鶉》,元人百種,28,北詞,越角套曲,闘鵪鶉
2514.1,114,9,True,False,《紫花兒序》,元人百種,28,北詞,越角套曲,紫花兒序
2515.1,67,6,True,False,《天淨沙》,元人百種,28,北詞,越角套曲,天淨沙
2515.2,128,46,True,True,《三台印》,元人百種,28,北詞,越角套曲,三台印
2516.1,195,64,True,True,《紫花兒序》,元人百種,28,北詞,越角套曲,紫花兒序
2518.1,58,21,True,True,《凭欄人》,元人百種,28,北詞,越角套曲,凭欄人
2518.2,145,70,True,True,《寨兒令》,元人百種,28,北詞,越角套曲,寨兒令
2519.1,61,33,True,True,《金蕉葉》,元人百種,28,北詞,越角套曲,金蕉葉
2520.1,91,49,True,True,《調笑令》,元人百種,28,北詞,越角套曲,調笑令
2521.1,60,33,True,True,《禿廝兒》,元人百種,28,北詞,越角套曲,禿廝兒
2522.1,81,37,True,True,《聖藥王》,元人百種,28,北詞,越角套曲,聖藥王
2522.2,57,5,True,False,《收尾》,元人百種,28,北詞,越角套曲,收尾
2525.1,111,10,True,False,《闘鵪鶉》,不伏老,28,北詞,越角套曲,闘鵪鶉
2526.1,114,11,True,False,《紫花兒序》,不伏老,28,北詞,越角套曲,紫花兒序
2527.1,97,9,True,False,《小桃紅》,不伏老,28,北詞,越角套曲,小桃紅
2527.2,67,11,True,False,《金蕉葉》,不伏老,28,北詞,越角套曲,金蕉葉
2528.1,96,48,True,True,《調笑令》,不伏老,28,北詞,越角套曲,調笑令
2529.1,56,41,True,True,《禿廝兒》,不伏老,28,北詞,越角套曲,禿廝兒
2529.2,66,40,True,True,《聖藥王》,不伏老,28,北詞,越角套曲,聖藥王
2530.1,48,28,True,True,《麻郎兒》,不伏老,28,北詞,越角套曲,麻郎兒
2531.1,49,31,True,True,《麻郎兒》,不伏老,28,北詞,越角套曲,麻郎兒
2531.2,48,27,True,True,《絡絲娘》,不伏老,28,北詞,越角套曲,絡絲娘
2532.1,103,55,True,True,《耍三臺》,不伏老,28,北詞,越角套曲,耍三臺
2533.1,126,66,True,True,《耍三臺》,不伏老,28,北詞,越角套曲,耍三臺
2534.1,52,5,True,False,《尾聲》,不伏老,28,北詞,越角套曲,尾聲
2535.1,75,11,True,False,《闘鵪鶉》,赤壁賦,28,北詞,越角套曲,闘鵪鶉
2535.2,84,11,True,False,《紫花兒序》,赤壁賦,28,北詞,越角套曲,紫花兒序
2536.1,130,48,True,True,《小桃紅》,赤壁賦,28,北詞,越角套曲,小桃紅
2537.1,58,10,True,True,《金蕉葉》,赤壁賦,28,北詞,越角套曲,金蕉葉
2537.2,93,48,True,True,《調笑令》,赤壁賦,28,北詞,越角套曲,調笑令
2538.1,78,46,True,True,《三台印》,赤壁賦,28,北詞,越角套曲,三台印
2539.1,55,36,True,True,《聖藥王》,赤壁賦,28,北詞,越角套曲,聖藥王
2539.2,62,34,True,True,《隨煞》,赤壁賦,28,北詞,越角套曲,隨煞
2540.1,40,5,True,False,《收尾》,赤壁賦,28,北詞,越角套曲,收尾
2541.1,78,32,True,True,《踏陣馬》,天寶遺事,28,北詞,越角套曲,踏陣馬
2541.2,93,39,True,True,《闘鵪鶉》,天寶遺事,28,北詞,越角套曲,闘鵪鶉
2542.1,93,42,True,True,《紫花兒序》,天寶遺事,28,北詞,越角套曲,紫花兒序
2543.1,139,84,True,True,《青山口》,天寶遺事,28,北詞,越角套曲,青山口
2544.1,36,20,True,True,《雪裏梅》,天寶遺事,28,北詞,越角套曲,雪裏梅
2544.2,45,26,True,True,《雪裏梅》,天寶遺事,28,北詞,越角套曲,雪裏梅
2545.1,42,27,True,True,《麻郎兒》,天寶遺事,28,北詞,越角套曲,麻郎兒
2545.2,39,26,True,True,《麻郎兒》,天寶遺事,28,北詞,越角套曲,麻郎兒
2546.1,91,55,True,True,《綿搭絮》,天寶遺事,28,北詞,越角套曲,綿搭絮
2547.1,61,29,True,True,《金蕉葉》,天寶遺事,28,北詞,越角套曲,金蕉葉
2547.2,72,44,True,True,《小桃紅》,天寶遺事,28,北詞,越角套曲,小桃紅
2548.1,53,29,True,True,《天淨沙》,天寶遺事,28,北詞,越角套曲,天淨沙
2548.2,61,36,True,True,《醉扶歸》,天寶遺事,28,北詞,越角套曲,醉扶歸
2549.1,61,34,True,True,《調笑令》,天寶遺事,28,北詞,越角套曲,調笑令
2550.1,43,27,True,True,《絡絲娘》,天寶遺事,28,北詞,越角套曲,絡絲娘
2550.2,63,31,True,True,《鄆州春》,天寶遺事,28,北詞,越角套曲,鄆州春
2551.1,52,35,True,True,《東原樂》,天寶遺事,28,北詞,越角套曲,東原樂
2551.2,69,42,True,True,《看花回》,天寶遺事,28,北詞,越角套曲,看花回
2552.1,62,7,True,False,《眉兒彎煞》,天寶遺事,28,北詞,越角套曲,眉兒彎煞
2555.1,82,10,True,False,《闘鵪鶉》,雍熙樂府,28,北詞,越角套曲,闘鵪鶉
2555.2,139,55,True,True,《紫花兒序》,雍熙樂府,28,北詞,越角套曲,紫花兒序
2556.1,59,29,True,True,《金蕉葉》,雍熙樂府,28,北詞,越角套曲,金蕉葉
2557.1,59,27,True,True,《金蕉葉》,雍熙樂府,28,北詞,越角套曲,金蕉葉
2557.2,98,42,True,True,《小桃紅》,雍熙樂府,28,北詞,越角套曲,小桃紅
2558.1,75,40,True,True,《調笑令》,雍熙樂府,28,北詞,越角套曲,調笑令
2559.1,48,27,True,True,《禿廝兒》,雍熙樂府,28,北詞,越角套曲,禿廝兒
2559.2,69,38,True,True,《聖藥王》,雍熙樂府,28,北詞,越角套曲,聖藥王
2560.1,177,87,True,True,《青山口》,雍熙樂府,28,北詞,越角套曲,青山口
2561.1,55,30,True,True,《黃薔薇》,雍熙樂府,28,北詞,越角套曲,黃薔薇
2562.1,55,29,True,True,《慶元貞》,雍熙樂府,28,北詞,越角套曲,慶元貞
2562.2,49,5,True,False,《收尾》,雍熙樂府,28,北詞,越角套曲,收尾
2565.1,90,44,True,True,《闘鵪鶉》,雍熙樂府,28,北詞,越角套曲,闘鵪鶉
2565.2,86,38,True,True,《小桃紅》,雍熙樂府,28,北詞,越角套曲,小桃紅
2566.1,70,30,True,True,《醉扶歸》,雍熙樂府,28,北詞,越角套曲,醉扶歸
2566.2,63,29,True,True,《天淨沙》,雍熙樂府,28,北詞,越角套曲,天淨沙
2567.1,61,27,True,True,《收尾》,雍熙樂府,28,北詞,越角套曲,收尾
2569.1,85,50,True,True,《闘鵪鶉》,雍熙樂府,28,北詞,越角套曲,闘鵪鶉
2569.2,113,57,True,True,《紫花兒序》,雍熙樂府,28,北詞,越角套曲,紫花兒序
2570.1,56,27,True,True,《金蕉葉》,雍熙樂府,28,北詞,越角套曲,金蕉葉
2571.1,101,45,True,True,《小桃紅》,雍熙樂府,28,北詞,越角套曲,小桃紅
2571.2,84,48,True,True,《調笑令》,雍熙樂府,28,北詞,越角套曲,調笑令
2572.1,49,27,True,True,《絡絲娘》,雍熙樂府,28,北詞,越角套曲,絡絲娘
2573.1,66,38,True,True,《聖藥王》,雍熙樂府,28,北詞,越角套曲,聖藥王
2573.2,49,25,True,True,《金蕉葉》,雍熙樂府,28,北詞,越角套曲,金蕉葉
2574.1,50,28,True,True,《金蕉葉》,雍熙樂府,28,北詞,越角套曲,金蕉葉
2574.2,52,27,True,True,《金蕉葉》,雍熙樂府,28,北詞,越角套曲,金蕉葉
2575.1,56,30,True,True,《慶元貞》,雍熙樂府,28,北詞,越角套曲,慶元貞
2576.1,65,35,True,True,《東原樂》,雍熙樂府,28,北詞,越角套曲,東原樂
2576.2,96,44,True,True,《綿搭絮》,雍熙樂府,28,北詞,越角套曲,綿搭絮
2577.1,88,49,True,True,《拙魯速》,雍熙樂府,28,北詞,越角套曲,拙魯速
2578.1,106,55,True,True,《拙魯速》,雍熙樂府,28,北詞,越角套曲,拙魯速
2579.1,50,5,True,False,《收尾》,雍熙樂府,28,北詞,越角套曲,收尾
2581.1,70,26,True,True,《南鄉子》,月令承應,28,北詞,越角套曲,南鄉子
2581.2,136,54,True,True,《古竹馬》,月令承應,28,北詞,越角套曲,古竹馬
2582.1,56,5,True,False,《天淨沙煞》,月令承應,28,北詞,越角套曲,天淨沙煞
2585.1,64,10,True,False,《闘鵪鶉》,雍熙樂府,28,北詞,越角套曲,闘鵪鶉
2585.2,87,11,True,False,《紫花兒序》,雍熙樂府,28,北詞,越角套曲,紫花兒序
2586.1,54,6,True,False,《天淨沙》,雍熙樂府,28,北詞,越角套曲,天淨沙
2587.1,124,48,True,True,《小桃紅》,雍熙樂府,28,北詞,越角套曲,小桃紅
2587.2,92,48,True,True,《三台印》,雍熙樂府,28,北詞,越角套曲,三台印
2588.1,61,30,True,True,《金蕉葉》,雍熙樂府,28,北詞,越角套曲,金蕉葉
2589.1,77,39,True,True,《調笑令》,雍熙樂府,28,北詞,越角套曲,調笑令
2590.1,55,30,True,True,《禿廝兒》,雍熙樂府,28,北詞,越角套曲,禿廝兒
2590.2,61,38,True,True,《聖藥王》,雍熙樂府,28,北詞,越角套曲,聖藥王
2591.1,59,37,True,True,《聖藥王》,雍熙樂府,28,北詞,越角套曲,聖藥王
2591.2,70,40,True,True,《聖藥王》,雍熙樂府,28,北詞,越角套曲,聖藥王
2592.1,62,35,True,True,《聖藥王》,雍熙樂府,28,北詞,越角套曲,聖藥王
2593.1,45,25,True,True,《麻郎兒》,雍熙樂府,28,北詞,越角套曲,麻郎兒
2593.2,41,24,True,True,《麻郎兒》,雍熙樂府,28,北詞,越角套曲,麻郎兒
2594.1,59,30,True,True,《絡絲娘》,雍熙樂府,28,北詞,越角套曲,絡絲娘
2594.2,92,49,True,True,《綿搭絮》,雍熙樂府,28,北詞,越角套曲,綿搭絮
2595.1,38,5,True,False,《收尾》,雍熙樂府,28,北詞,越角套曲,收尾
2597.1,89,11,True,False,《闘鵪鶉》,雍熙樂府,28,北詞,越角套曲,闘鵪鶉
2597.2,88,11,True,False,《紫花兒序》,雍熙樂府,28,北詞,越角套曲,紫花兒序
2598.1,140,55,True,True,《寨兒令》,雍熙樂府,28,北詞,越角套曲,寨兒令
2599.1,99,43,True,True,《小桃紅》,雍熙樂府,28,北詞,越角套曲,小桃紅
2600.1,46,23,True,True,《金蕉葉》,雍熙樂府,28,北詞,越角套曲,金蕉葉
2600.2,89,49,True,True,《調笑令》,雍熙樂府,28,北詞,越角套曲,調笑令
2601.1,125,55,True,True,《三台印》,雍熙樂府,28,北詞,越角套曲,三台印
2602.1,57,28,True,True,《禿廝兒》,雍熙樂府,28,北詞,越角套曲,禿廝兒
2602.2,73,39,True,True,《聖藥王》,雍熙樂府,28,北詞,越角套曲,聖藥王
2603.1,50,21,True,True,《黃薔薇》,雍熙樂府,28,北詞,越角套曲,黃薔薇
2603.2,64,30,True,True,《慶元貞》,雍熙樂府,28,北詞,越角套曲,慶元貞
2604.1,79,39,True,True,《拙魯速》,雍熙樂府,28,北詞,越角套曲,拙魯速
2605.1,94,53,True,True,《拙魯速》,雍熙樂府,28,北詞,越角套曲,拙魯速
2606.1,47,6,True,False,《收尾》,雍熙樂府,28,北詞,越角套曲,收尾
2607.1,104,11,True,False,《闘鵪鶉》,雍熙樂府,28,北詞,越角套曲,闘鵪鶉
2607.2,84,11,True,False,《紫花兒序》,雍熙樂府,28,北詞,越角套曲,紫花兒序
2608.1,87,43,True,True,《小桃紅》,雍熙樂府,28,北詞,越角套曲,小桃紅
2609.1,121,55,True,True,《寨兒令》,雍熙樂府,28,北詞,越角套曲,寨兒令
2610.1,46,24,True,True,《金蕉葉》,雍熙樂府,28,北詞,越角套曲,金蕉葉
2610.2,49,29,True,True,《禿廝兒》,雍熙樂府,28,北詞,越角套曲,禿廝兒
2611.1,63,36,True,True,《聖藥王》,雍熙樂府,28,北詞,越角套曲,聖藥王
2611.2,86,49,True,True,《三台印》,雍熙樂府,28,北詞,越角套曲,三台印
2612.1,49,5,True,False,《收尾》,雍熙樂府,28,北詞,越角套曲,收尾
2613.1,86,45,True,True,《闘鵪鶉》,雍熙樂府,28,北詞,越角套曲,闘鵪鶉
2613.2,132,57,True,True,《紫花兒序》,雍熙樂府,28,北詞,越角套曲,紫花兒序
2614.1,98,42,True,True,《小桃紅》,雍熙樂府,28,北詞,越角套曲,小桃紅
2615.1,52,8,True,False,《金蕉葉》,雍熙樂府,28,北詞,越角套曲,金蕉葉
2615.2,83,42,True,True,《調笑令》,雍熙樂府,28,北詞,越角套曲,調笑令
2616.1,90,47,True,True,《三台印》,雍熙樂府,28,北詞,越角套曲,三台印
2617.1,54,31,True,True,《禿廝兒》,雍熙樂府,28,北詞,越角套曲,禿廝兒
2617.2,61,36,True,True,《聖藥王》,雍熙樂府,28,北詞,越角套曲,聖藥王
2618.1,48,29,True,True,《麻郎兒》,雍熙樂府,28,北詞,越角套曲,麻郎兒
2618.2,51,29,True,True,《麻郎兒》,雍熙樂府,28,北詞,越角套曲,麻郎兒
2619.1,56,30,True,True,《絡絲娘》,雍熙樂府,28,北詞,越角套曲,絡絲娘
2619.2,57,37,True,True,《東原樂》,雍熙樂府,28,北詞,越角套曲,東原樂
2620.1,75,45,True,True,《拙魯速》,雍熙樂府,28,北詞,越角套曲,拙魯速
2621.1,52,33,True,True,《拙魯速》,雍熙樂府,28,北詞,越角套曲,拙魯速
2621.2,160,89,True,True,《青山口》,雍熙樂府,28,北詞,越角套曲,青山口
2622.1,62,36,True,True,《禿廝兒》,雍熙樂府,28,北詞,越角套曲,禿廝兒
2623.1,53,21,True,True,《收尾》,雍熙樂府,28,北詞,越角套曲,收尾
2625.1,61,23,True,True,《廳前柳》,董西廂,28,北詞,越角套曲,廳前柳
2625.2,66,26,True,True,《廳前柳》,董西廂,28,北詞,越角套曲,廳前柳
2626.1,79,36,True,True,《蠻牌兒》,董西廂,28,北詞,越角套曲,蠻牌兒
2626.2,71,28,True,True,《廳前柳》,董西廂,28,北詞,越角套曲,廳前柳
2627.1,71,34,True,True,《山麻稭》,董西廂,28,北詞,越角套曲,山麻稭
2628.1,57,31,True,True,《廳前柳》,董西廂,28,北詞,越角套曲,廳前柳
2628.2,53,25,True,True,《尾聲》,董西廂,28,北詞,越角套曲,尾聲
2631.1,60,25,True,True,《金蕉葉》,詞林摘艷,28,北詞,越角套曲,金蕉葉
2631.2,85,39,True,True,《調笑令》,詞林摘艷,28,北詞,越角套曲,調笑令
2632.1,71,28,True,True,《禿廝兒》,詞林摘艷,28,北詞,越角套曲,禿廝兒
2632.2,64,37,True,True,《聖藥王》,詞林摘艷,28,北詞,越角套曲,聖藥王
2633.1,49,27,True,True,《絡絲娘》,詞林摘艷,28,北詞,越角套曲,絡絲娘
2633.2,53,30,True,True,《收尾》,詞林摘艷,28,北詞,越角套曲,收尾
2635.1,159,56,True,True,《喬合笙》,綵樓記,28,北詞,越角套曲,喬合笙
2636.1,159,54,True,True,《喬合笙》,綵樓記,28,北詞,越角套曲,喬合笙
2637.1,145,75,True,True,《調笑令》,綵樓記,28,北詞,越角套曲,調笑令
2638.1,73,46,True,True,《道和》,綵樓記,28,北詞,越角套曲,道和
2638.2,80,43,True,True,《道和》,綵樓記,28,北詞,越角套曲,道和
2639.1,63,45,True,True,《禿廝兒》,綵樓記,28,北詞,越角套曲,禿廝兒
2640.1,72,50,True,True,《豹子令》,綵樓記,28,北詞,越角套曲,豹子令
2640.2,72,50,True,True,《豹子令》,綵樓記,28,北詞,越角套曲,豹子令
2641.1,61,42,True,True,《聖藥王》,綵樓記,28,北詞,越角套曲,聖藥王
2642.1,72,60,True,True,《梅花酒》,綵樓記,28,北詞,越角套曲,梅花酒
2642.2,74,60,True,True,《梅花酒》,綵樓記,28,北詞,越角套曲,梅花酒
2643.1,48,5,True,False,《收尾》,綵樓記,28,北詞,越角套曲,收尾
2647.1,58,5,True,False,《看花回》,邯鄲夢,28,北詞,越角套曲,看花回
2647.2,144,51,True,True,《綿搭絮》,邯鄲夢,28,北詞,越角套曲,綿搭絮
2648.1,139,55,True,True,《綿搭絮》,邯鄲夢,28,北詞,越角套曲,綿搭絮
2649.1,193,93,True,True,《青山口》,邯鄲夢,28,北詞,越角套曲,青山口
2650.1,67,38,True,True,《聖藥王》,邯鄲夢,28,北詞,越角套曲,聖藥王
2651.1,58,37,True,True,《慶元貞》,邯鄲夢,28,北詞,越角套曲,慶元貞
2652.1,90,65,True,True,《古竹馬》,邯鄲夢,28,北詞,越角套曲,古竹馬
2653.1,65,4,True,False,《煞尾》,邯鄲夢,28,北詞,越角套曲,煞尾
2657.1,158,60,True,True,《北闘鵪鶉》,月令承應,29,合套,越角合套,北闘鵪鶉
2658.1,102,53,True,True,《南繡停鍼》,月令承應,29,合套,越角合套,南繡停鍼
2659.1,107,45,True,True,《北紫花兒序》,月令承應,29,合套,越角合套,北紫花兒序
2660.1,96,48,True,True,《南四般宜》,月令承應,29,合套,越角合套,南四般宜
2661.1,67,29,True,True,《北金蕉葉》,月令承應,29,合套,越角合套,北金蕉葉
2661.2,96,45,True,True,《南鬭黑麻》,月令承應,29,合套,越角合套,南鬭黑麻
2662.1,74,45,True,True,《北調笑令》,月令承應,29,合套,越角合套,北調笑令
2663.1,54,30,True,True,《南憶多嬌》,月令承應,29,合套,越角合套,南憶多嬌
2663.2,182,103,True,True,《北綿搭絮帶拙魯速》,月令承應,29,合套,越角合套,北綿搭絮帶拙魯速
2665.1,38,20,True,True,《南有餘情煞》,月令承應,29,合套,越角合套,南有餘情煞
2667.1,155,52,True,True,《南合笙》,月令承應,29,合套,越角合套,南合笙
2668.1,81,40,True,True,《北調笑令》,月令承應,29,合套,越角合套,北調笑令
2668.2,110,44,True,True,《南道和》,月令承應,29,合套,越角合套,南道和
2669.1,57,27,True,True,《北禿廝兒》,月令承應,29,合套,越角合套,北禿廝兒
2670.1,88,48,True,True,《南豹子令》,月令承應,29,合套,越角合套,南豹子令
2671.1,60,36,True,True,《北聖藥王》,月令承應,29,合套,越角合套,北聖藥王
2671.2,102,35,True,True,《南梅花酒》,月令承應,29,合套,越角合套,南梅花酒
2672.1,87,38,True,True,《北調笑令》,月令承應,29,合套,越角合套,北調笑令
2673.1,43,21,True,True,《南有餘情煞》,月令承應,29,合套,越角合套,南有餘情煞
2679.1,96,10,True,False,《瑞鶴仙》,月令承應,30,南詞,正宮引,瑞鶴仙
2680.1,84,11,True,False,《齊天樂》,月令承應,30,南詞,正宮引,齊天樂
2681.1,85,9,True,False,《燕歸梁》,月令承應,30,南詞,正宮引,燕歸梁
2682.1,50,6,True,False,《七娘子（七娘兒）》,月令承應,30,南詞,正宮引,七娘子
2682.2,46,5,True,False,《新荷葉》,長生殿,30,南詞,正宮引,新荷葉
2683.1,107,9,True,False,《喜遷鶯（萬年枝、燕歸來）》,琵琶記,30,南詞,正宮引,喜遷鶯
2683.2,109,11,True,False,《緱山月》,拜月亭,30,南詞,正宮引,緱山月
2684.1,57,7,True,False,《緱山月》,勸善金科,30,南詞,正宮引,緱山月
2685.1,52,6,True,False,《破陣子（十拍子）》,西樓記,30,南詞,正宮引,破陣子
2686.1,40,5,True,False,《朝中措》,勸善金科,30,南詞,正宮引,朝中措
2686.2,41,4,True,False,《三疊引》,勸善金科,30,南詞,正宮引,三疊引
2686.3,99,9,True,False,《破齊陣》,琵琶記,30,南詞,正宮引,破齊陣
2688.1,43,5,True,False,《梁州令（凉州令）》,曇花記,30,南詞,正宮引,梁州令
2688.2,95,9,True,False,《端正好》,杜世安詞,30,南詞,正宮引,端正好
2689.1,87,9,True,False,《滿堂春》,牧羊記,30,南詞,正宮引,滿堂春
2690.1,41,5,True,False,《薔薇花引》,殺狗記,30,南詞,正宮引,薔薇花引
2690.2,69,8,True,False,《長生道引》,磨勒傳,30,南詞,正宮引,長生道引
2691.1,87,10,True,False,《導引》,無名氏詞,30,南詞,正宮引,導引
2692.1,40,5,True,False,《錦堂春》,九九大慶,30,南詞,正宮引,錦堂春
2713.1,172,87,True,True,《玉芙蓉》,月令承應,31,南詞,正宮正曲,玉芙蓉
2714.1,91,44,True,True,《玉芙蓉》,月令承應,31,南詞,正宮正曲,玉芙蓉
2714.2,93,43,True,True,《玉芙蓉》,灌園記,31,南詞,正宮正曲,玉芙蓉
2715.1,176,92,True,True,《玉芙蓉》,拜月亭,31,南詞,正宮正曲,玉芙蓉
2716.1,101,45,True,True,《玉芙蓉》,荊釵記,31,南詞,正宮正曲,玉芙蓉
2717.1,227,110,True,True,《普天樂（四塊玉）》,月令承應,31,南詞,正宮正曲,普天樂
2718.1,241,114,True,True,《普天樂（四塊玉）》,九九大慶,31,南詞,正宮正曲,普天樂
2719.1,228,119,True,True,《普天樂（四塊玉）》,散曲,31,南詞,正宮正曲,普天樂
2719.2,282,116,True,True,《普天樂（四塊玉）》,紅梨記,31,南詞,正宮正曲,普天樂
2720.1,255,114,True,True,《普天樂（四塊玉）》,拜月亭,31,南詞,正宮正曲,普天樂
2721.1,121,57,True,True,《普天樂（四塊玉）》,殺狗記,31,南詞,正宮正曲,普天樂
2722.1,144,78,True,True,《普天樂（四塊玉）》,浣紗記,31,南詞,正宮正曲,普天樂
2723.1,81,42,True,True,《普天樂（四塊玉）》,浣紗記,31,南詞,正宮正曲,普天樂
2724.1,153,83,True,True,《普天樂（四塊玉）》,紅拂記,31,南詞,正宮正曲,普天樂
2724.2,86,43,True,True,《普天樂（四塊玉）》,西樓記,31,南詞,正宮正曲,普天樂
2726.1,267,126,True,True,《錦纏道（錦纏頭、錦纏絆）》,九九大慶,31,南詞,正宮正曲,錦纏道
2727.1,266,130,True,True,《錦纏道（錦纏頭、錦纏絆）》,紅拂記,31,南詞,正宮正曲,錦纏道
2728.1,236,114,True,True,《錦纏道（錦纏頭、錦纏絆）》,拜月亭,31,南詞,正宮正曲,錦纏道
2729.1,170,62,True,True,《錦纏道（錦纏頭、錦纏絆）》,牡丹亭,31,南詞,正宮正曲,錦纏道
2730.1,147,62,True,True,《錦纏道（錦纏頭、錦纏絆）》,殺狗記,31,南詞,正宮正曲,錦纏道
2731.1,157,83,True,True,《朱奴兒（紅娘子）》,九九大慶,31,南詞,正宮正曲,朱奴兒
2731.2,108,41,True,True,《朱奴兒（紅娘子）》,拜月亭,31,南詞,正宮正曲,朱奴兒
2732.1,279,146,True,True,《長生道引》,月令承應,31,南詞,正宮正曲,長生道引
2733.1,176,76,True,True,《長生道引》,月令承應,31,南詞,正宮正曲,長生道引
2734.1,196,76,True,True,《長生道引》,殺狗記,31,南詞,正宮正曲,長生道引
2736.1,281,134,True,True,《長生道引》,王魁傳,31,南詞,正宮正曲,長生道引
2737.1,185,94,True,True,《金殿喜重重》,法宮雅奏,31,南詞,正宮正曲,金殿喜重重
2738.1,199,98,True,True,《金殿喜重重》,散曲,31,南詞,正宮正曲,金殿喜重重
2739.1,131,52,True,True,《金殿喜重重》,散曲,31,南詞,正宮正曲,金殿喜重重
2740.1,196,98,True,True,《花藥欄（花壓欄）》,月令承應,31,南詞,正宮正曲,花藥欄
2741.1,134,54,True,True,《花藥欄（花壓欄）》,月令承應,31,南詞,正宮正曲,花藥欄
2742.1,84,36,True,True,《怕春歸》,月令承應,31,南詞,正宮正曲,怕春歸
2742.2,126,58,True,True,《怕春歸》,散曲,31,南詞,正宮正曲,怕春歸
2744.1,215,114,True,True,《醉太平（昇平樂）》,九九大慶,31,南詞,正宮正曲,醉太平
2744.2,228,127,True,True,《醉太平（昇平樂）》,勸善金科,31,南詞,正宮正曲,醉太平
2745.1,213,114,True,True,《醉太平（昇平樂）》,尋親記,31,南詞,正宮正曲,醉太平
2746.1,166,63,True,True,《醉太平（昇平樂）》,散曲,31,南詞,正宮正曲,醉太平
2747.1,153,64,True,True,《醉太平（昇平樂）》,琵琶記,31,南詞,正宮正曲,醉太平
2748.1,167,78,True,True,《醉太平（昇平樂）》,散曲,31,南詞,正宮正曲,醉太平
2748.2,72,61,True,True,《醉太平（昇平樂）》,浣紗記,31,南詞,正宮正曲,醉太平
2749.1,31,15,True,True,《醉太平（昇平樂）》,琵琶記,31,南詞,正宮正曲,醉太平
2750.1,118,45,True,True,《白練序（素帶兒）》,法宮雅奏,31,南詞,正宮正曲,白練序
2751.1,185,90,True,True,《白練序（素帶兒）》,散曲,31,南詞,正宮正曲,白練序
2751.2,170,88,True,True,《白練序（素帶兒）》,西廂記,31,南詞,正宮正曲,白練序
2752.1,180,99,True,True,《白練序（素帶兒）》,荊釵記,31,南詞,正宮正曲,白練序
2753.1,160,78,True,True,《傾杯序》,梅嶺記,31,南詞,正宮正曲,傾杯序
2754.1,162,85,True,True,《傾杯序》,梅嶺記,31,南詞,正宮正曲,傾杯序
2755.1,198,88,True,True,《傾杯序》,西廂記,31,南詞,正宮正曲,傾杯序
2756.1,113,48,True,True,《刷子序》,月令承應,31,南詞,正宮正曲,刷子序
2757.1,193,98,True,True,《刷子序》,拜月亭,31,南詞,正宮正曲,刷子序
2757.2,136,55,True,True,《刷子序》,拜月亭,31,南詞,正宮正曲,刷子序
2758.1,175,97,True,True,《刷子序》,太平圖,31,南詞,正宮正曲,刷子序
2759.1,131,53,True,True,《刷子序》,太平圖,31,南詞,正宮正曲,刷子序
2760.1,89,41,True,True,《四邊靜（中央鬧）》,九九大慶,31,南詞,正宮正曲,四邊靜
2761.1,83,40,True,True,《四邊靜（中央鬧）》,九九大慶,31,南詞,正宮正曲,四邊靜
2761.2,73,32,True,True,《福馬郎》,九九大慶,31,南詞,正宮正曲,福馬郎
2762.1,49,32,True,True,《福馬郎》,琵琶記,31,南詞,正宮正曲,福馬郎
2763.1,187,91,True,True,《鴈過聲》,散曲,31,南詞,正宮正曲,鴈過聲
2764.1,196,102,True,True,《鴈過聲》,散曲,31,南詞,正宮正曲,鴈過聲
2765.1,190,90,True,True,《鴈過聲》,尋親記,31,南詞,正宮正曲,鴈過聲
2765.2,134,50,True,True,《鴈過聲》,尋親記,31,南詞,正宮正曲,鴈過聲
2766.1,97,50,True,True,《鴈過聲》,殺狗記,31,南詞,正宮正曲,鴈過聲
2767.1,85,32,True,True,《鴈過聲》,殺狗記,31,南詞,正宮正曲,鴈過聲
2767.2,100,39,True,True,《鴈過聲》,殺狗記,31,南詞,正宮正曲,鴈過聲
2769.1,111,52,True,True,《風淘沙》,散曲,31,南詞,正宮正曲,風淘沙
2769.2,89,58,True,True,《三字令》,散曲,31,南詞,正宮正曲,三字令
2770.1,102,66,True,True,《三字令》,臥冰記,31,南詞,正宮正曲,三字令
2771.1,277,147,True,True,《山漁燈》,九九大慶,31,南詞,正宮正曲,山漁燈
2772.1,268,145,True,True,《山漁燈》,西樓記,31,南詞,正宮正曲,山漁燈
2773.1,273,143,True,True,《山漁燈》,節孝記,31,南詞,正宮正曲,山漁燈
2775.1,131,62,True,True,《鴈過沙》,白兔記,31,南詞,正宮正曲,鴈過沙
2775.2,54,36,True,True,《鴈過沙》,琵琶記,31,南詞,正宮正曲,鴈過沙
2776.1,55,35,True,True,《鴈過沙》,西樓記,31,南詞,正宮正曲,鴈過沙
2777.1,76,31,True,True,《雙鸂?》,勸善金科,31,南詞,正宮正曲,雙鸂?
2777.2,75,29,True,True,《雙鸂?》,琵琶記,31,南詞,正宮正曲,雙鸂?
2778.1,83,35,True,True,《雙鸂?》,琵琶記,31,南詞,正宮正曲,雙鸂?
2779.1,84,35,True,True,《雙鸂?》,琵琶記,31,南詞,正宮正曲,雙鸂?
2780.1,90,35,True,True,《雙鸂?》,琵琶記,31,南詞,正宮正曲,雙鸂?
2780.2,67,31,True,True,《雙鸂?》,千金記,31,南詞,正宮正曲,雙鸂?
2781.1,63,34,True,True,《雙鸂?》,散曲,31,南詞,正宮正曲,雙鸂?
2782.1,160,78,True,True,《醜奴兒近》,勸善金科,31,南詞,正宮正曲,醜奴兒近
2783.1,114,44,True,True,《醜奴兒近》,勸善金科,31,南詞,正宮正曲,醜奴兒近
2783.2,141,78,True,True,《醜奴兒近》,四元記,31,南詞,正宮正曲,醜奴兒近
2784.1,97,41,True,True,《醜奴兒近》,四元記,31,南詞,正宮正曲,醜奴兒近
2785.1,67,40,True,True,《划鍬兒（鏵鍬兒）》,勸善金科,31,南詞,正宮正曲,划鍬兒
2786.1,61,40,True,True,《划鍬兒（鏵鍬兒）》,綵樓記,31,南詞,正宮正曲,划鍬兒
2786.2,109,49,True,True,《洞仙歌（洞中仙、洞仙詞、羽仙歌）》,琵琶記,31,南詞,正宮正曲,洞仙歌
2787.1,70,25,True,True,《洞仙歌（洞中仙、洞仙詞、羽仙歌）》,牡丹亭,31,南詞,正宮正曲,洞仙歌
2788.1,90,64,True,True,《一撮棹》,琵琶記,31,南詞,正宮正曲,一撮棹
2788.2,84,65,True,True,《一撮棹》,醉菩提,31,南詞,正宮正曲,一撮棹
2789.1,67,55,True,True,《一撮棹》,節孝記,31,南詞,正宮正曲,一撮棹
2790.1,287,136,True,True,《滿江紅》,散曲,31,南詞,正宮正曲,滿江紅
2791.1,80,44,True,True,《滿江紅》,拜月亭,31,南詞,正宮正曲,滿江紅
2792.1,48,28,True,True,《滿江紅》,拜月亭,31,南詞,正宮正曲,滿江紅
2793.1,270,134,True,True,《安公子（公安子）》,柳永詞,31,南詞,正宮正曲,安公子
2794.1,220,110,True,True,《鴈過燈》,綵樓記,31,南詞,正宮正曲,鴈過燈
2795.1,135,62,True,True,《鴈過燈》,綵樓記,31,南詞,正宮正曲,鴈過燈
2796.1,100,35,True,True,《小桃紅》,西廂記,31,南詞,正宮正曲,小桃紅
2797.1,101,34,True,True,《小桃紅》,拜月亭,31,南詞,正宮正曲,小桃紅
2797.2,162,54,True,True,《雙桃紅》,西廂記,31,南詞,正宮正曲,雙桃紅
2798.1,198,112,True,True,《泣秦娥（秦娥泣）》,散曲,31,南詞,正宮正曲,泣秦娥
2799.1,151,57,True,True,《泣秦娥（秦娥泣）》,江流記,31,南詞,正宮正曲,泣秦娥
2800.1,224,120,True,True,《彩旗兒》,梅嶺記,31,南詞,正宮正曲,彩旗兒
2801.1,56,38,True,True,《十棒鼓》,白兔記,31,南詞,正宮正曲,十棒鼓
2802.1,63,37,True,True,《十棒鼓》,龍華會,31,南詞,正宮正曲,十棒鼓
2802.2,35,21,True,True,《薔薇花》,西樓記,31,南詞,正宮正曲,薔薇花
2803.1,35,21,True,True,《薔薇花》,琥珀匙,31,南詞,正宮正曲,薔薇花
2803.2,127,68,True,True,《薔薇花》,臥冰記,31,南詞,正宮正曲,薔薇花
2804.1,63,28,True,True,《錦腰兒（細腰兒）》,西廂記,31,南詞,正宮正曲,錦腰兒
2805.1,67,31,True,True,《錦腰兒（細腰兒）》,西廂記,31,南詞,正宮正曲,錦腰兒
2805.2,55,26,True,True,《風帖兒》,琵琶記,31,南詞,正宮正曲,風帖兒
2806.1,57,28,True,True,《風帖兒》,金串記,31,南詞,正宮正曲,風帖兒
2807.1,50,38,True,True,《柳穿魚》,香囊記,31,南詞,正宮正曲,柳穿魚
2807.2,52,38,True,True,《柳穿魚》,金串記,31,南詞,正宮正曲,柳穿魚
2808.1,58,36,True,True,《綠襕衫（綠襕踢）》,臥冰記,31,南詞,正宮正曲,綠襕衫
2809.1,43,21,True,True,《綠襕衫（綠襕踢）》,臥冰記,31,南詞,正宮正曲,綠襕衫
2809.2,65,46,True,True,《綠襕衫（綠襕踢）》,八義記,31,南詞,正宮正曲,綠襕衫
2810.1,70,46,True,True,《綠襕衫（綠襕踢）》,八義記,31,南詞,正宮正曲,綠襕衫
2811.1,458,254,True,True,《蘭陵王》,劉辰翁詞,31,南詞,正宮正曲,蘭陵王
2812.1,167,126,True,True,《醉翁操》,蘇軾詞,31,南詞,正宮正曲,醉翁操
2814.1,99,27,True,True,《傾杯賺》,荊釵記,31,南詞,正宮正曲,傾杯賺
2815.1,98,26,True,True,《傾杯賺》,荊釵記,31,南詞,正宮正曲,傾杯賺
2815.2,107,25,True,True,《傾杯賺》,散曲,31,南詞,正宮正曲,傾杯賺
2816.1,106,25,True,True,《傾杯賺》,散曲,31,南詞,正宮正曲,傾杯賺
2817.1,50,22,True,True,《不絕令煞》,九九大慶,31,南詞,正宮正曲,不絕令煞
2818.1,74,31,True,True,《不絕令煞》,紅梨記,31,南詞,正宮正曲,不絕令煞
2818.2,45,21,True,True,《慶餘》,法宮雅奏,31,南詞,正宮正曲,慶餘
2818.3,57,30,True,True,《慶餘》,月令承應,31,南詞,正宮正曲,慶餘
2819.1,37,22,True,True,《慶餘》,九九大慶,31,南詞,正宮正曲,慶餘
2835.1,216,118,True,True,《普天帶芙蓉》,九九大慶,32,南詞,正宮集曲,普天帶芙蓉
2836.1,115,60,True,True,《普天帶芙蓉》,蟾宮會,32,南詞,正宮集曲,普天帶芙蓉
2837.1,99,41,True,True,《普天帶芙蓉》,鑿井記,32,南詞,正宮集曲,普天帶芙蓉
2838.1,88,38,True,True,《普天帶芙蓉》,一文錢,32,南詞,正宮集曲,普天帶芙蓉
2838.2,114,48,True,True,《普天錦》,散曲,32,南詞,正宮集曲,普天錦
2839.1,67,38,True,True,《普天紅》,耆英會,32,南詞,正宮集曲,普天紅
2840.1,73,38,True,True,《普門大士》,散曲,32,南詞,正宮集曲,普門大士
2841.1,87,50,True,True,《樂近秦娥（樂顏回）》,綱常記,32,南詞,正宮集曲,樂近秦娥
2841.2,134,58,True,True,《天邊鴈》,翻浣紗,32,南詞,正宮集曲,天邊鴈
2842.1,165,81,True,True,《普山兩紅燈》,夢花酣,32,南詞,正宮集曲,普山兩紅燈
2843.1,104,42,True,True,《普天樂集》,邯鄲夢,32,南詞,正宮集曲,普天樂集
2844.1,99,42,True,True,《普天樂集》,邯鄲夢,32,南詞,正宮集曲,普天樂集
2845.1,155,92,True,True,《芙蓉樂》,鬧花燈,32,南詞,正宮集曲,芙蓉樂
2846.1,167,84,True,True,《芙蓉紅》,勸善金科,32,南詞,正宮集曲,芙蓉紅
2847.1,85,41,True,True,《芙蓉紅》,題紅記,32,南詞,正宮集曲,芙蓉紅
2847.2,164,88,True,True,《芙蓉燈》,蕉帕記,32,南詞,正宮集曲,芙蓉燈
2848.1,103,45,True,True,《芙蓉燈》,耆英會,32,南詞,正宮集曲,芙蓉燈
2849.1,89,41,True,True,《芙蓉滿江》,散曲,32,南詞,正宮集曲,芙蓉滿江
2850.1,96,43,True,True,《芙蓉貓兒墜（芙蓉墜貓兒）》,風流院,32,南詞,正宮集曲,芙蓉貓兒墜
2850.2,169,87,True,True,《朱奴揷芙蓉》,月令承應,32,南詞,正宮集曲,朱奴揷芙蓉
2851.1,117,46,True,True,《朱奴揷芙蓉》,散曲,32,南詞,正宮集曲,朱奴揷芙蓉
2852.1,109,62,True,True,《朱奴揷芙蓉》,翠屏山,32,南詞,正宮集曲,朱奴揷芙蓉
2853.1,178,95,True,True,《朱奴帶錦纒》,九九大慶,32,南詞,正宮集曲,朱奴帶錦纒
2853.2,104,50,True,True,《朱奴帶錦纒》,節孝記,32,南詞,正宮集曲,朱奴帶錦纒
2854.1,84,42,True,True,《朱奴剔銀燈》,勸善金科,32,南詞,正宮集曲,朱奴剔銀燈
2855.1,104,46,True,True,《兩紅鴈》,綵樓記,32,南詞,正宮集曲,兩紅鴈
2856.1,183,98,True,True,《刷子玉芙蓉（刷子帶芙蓉）》,月令承應,32,南詞,正宮集曲,刷子玉芙蓉
2857.1,213,98,True,True,《刷子玉芙蓉（刷子帶芙蓉）》,牡丹亭,32,南詞,正宮集曲,刷子玉芙蓉
2858.1,190,98,True,True,《刷子奴嬌》,散曲,32,南詞,正宮集曲,刷子奴嬌
2858.2,134,54,True,True,《刷子奴嬌》,散曲,32,南詞,正宮集曲,刷子奴嬌
2859.1,228,117,True,True,《刷子錦（刷子帶天樂）》,夢花酣,32,南詞,正宮集曲,刷子錦
2860.1,263,136,True,True,《刷子樂》,雌雄旦,32,南詞,正宮集曲,刷子樂
2861.1,198,74,True,True,《山芙蓉》,月令承應,32,南詞,正宮集曲,山芙蓉
2863.1,289,143,True,True,《山芙蓉》,九九大慶,32,南詞,正宮集曲,山芙蓉
2864.1,287,151,True,True,《漁燈揷芙蓉》,九九大慶,32,南詞,正宮集曲,漁燈揷芙蓉
2865.1,138,75,True,True,《漁燈揷芙蓉》,鬧花燈,32,南詞,正宮集曲,漁燈揷芙蓉
2866.1,178,93,True,True,《錦庭芳》,勸善金科,32,南詞,正宮集曲,錦庭芳
2867.1,114,50,True,True,《錦庭芳》,賽金蓮,32,南詞,正宮集曲,錦庭芳
2868.1,205,110,True,True,《錦庭芳》,散曲,32,南詞,正宮集曲,錦庭芳
2869.1,108,56,True,True,《錦庭樂》,散曲,32,南詞,正宮集曲,錦庭樂
2870.1,125,52,True,True,《錦芳纒》,夢花酣,32,南詞,正宮集曲,錦芳纒
2871.1,263,144,True,True,《錦天芳》,散曲,32,南詞,正宮集曲,錦天芳
2872.1,203,106,True,True,《錦天樂》,太平圖,32,南詞,正宮集曲,錦天樂
2873.1,144,59,True,True,《錦天樂》,夢花酣,32,南詞,正宮集曲,錦天樂
2874.1,107,52,True,True,《錦芙蓉》,鑿井記,32,南詞,正宮集曲,錦芙蓉
2875.1,186,102,True,True,《錦芙蓉》,水滸記,32,南詞,正宮集曲,錦芙蓉
2876.1,196,110,True,True,《錦梁州》,散曲,32,南詞,正宮集曲,錦梁州
2877.1,205,109,True,True,《錦樂纒》,散曲,32,南詞,正宮集曲,錦樂纒
2878.1,548,276,True,True,《羽衣三疊》,長生殿,32,南詞,正宮集曲,羽衣三疊
2881.1,1176,501,True,True,《三十腔》,孟月梅,32,南詞,正宮集曲,三十腔
2886.1,209,92,True,True,《鴈魚錦》,琵琶記,32,南詞,正宮集曲,鴈魚錦
2887.1,323,162,True,True,《（二段）》,琵琶記,32,南詞,正宮集曲,鴈魚錦
2888.1,214,110,True,True,《（三段）》,琵琶記,32,南詞,正宮集曲,鴈魚錦
2889.1,176,56,True,True,《（四段）》,琵琶記,32,南詞,正宮集曲,鴈魚錦
2890.1,155,63,True,True,《（五段）》,琵琶記,32,南詞,正宮集曲,鴈魚錦
2892.1,200,105,True,True,《鴈聲傾》,夢花酣,32,南詞,正宮集曲,鴈聲傾
2892.2,115,48,True,True,《鴈聲樂》,耆英會,32,南詞,正宮集曲,鴈聲樂
2893.1,233,123,True,True,《鴈燈錦》,獺鏡緣,32,南詞,正宮集曲,鴈燈錦
2894.1,111,48,True,True,《鴈過芙蓉》,翻浣紗,32,南詞,正宮集曲,鴈過芙蓉
2895.1,131,51,True,True,《鴈過紅》,南柯夢,32,南詞,正宮集曲,鴈過紅
2896.1,187,96,True,True,《攤破錦聲》,遇仙記,32,南詞,正宮集曲,攤破錦聲
2897.1,147,78,True,True,《鴈來紅》,綵樓記,32,南詞,正宮集曲,鴈來紅
2898.1,92,38,True,True,《沙鴈揀南枝》,寶粧亭,32,南詞,正宮集曲,沙鴈揀南枝
2898.2,515,244,True,True,《白樂天九歌》,散曲,32,南詞,正宮集曲,白樂天九歌
2901.1,240,126,True,True,《五色絲》,散曲,32,南詞,正宮集曲,五色絲
2902.1,196,102,True,True,《醉宜春》,鴈翎甲,32,南詞,正宮集曲,醉宜春
2903.1,128,57,True,True,《醉宜春》,雙巹緣,32,南詞,正宮集曲,醉宜春
2903.2,153,70,True,True,《醉宜春》,勘皮靴,32,南詞,正宮集曲,醉宜春
2904.1,134,57,True,True,《醉太師》,鑿井記,32,南詞,正宮集曲,醉太師
2905.1,134,57,True,True,《醉太師》,紅梨記,32,南詞,正宮集曲,醉太師
2906.1,165,65,True,True,《太平樂（醉天樂）》,散曲,32,南詞,正宮集曲,太平樂
2907.1,138,64,True,True,《太平重醉（太平小醉）》,散曲,32,南詞,正宮集曲,太平重醉
2908.1,94,34,True,True,《小桃拍》,耆英會,32,南詞,正宮集曲,小桃拍
2909.1,94,36,True,True,《桃紅醉》,金明池,32,南詞,正宮集曲,桃紅醉
2910.1,145,48,True,True,《小玉醉》,臥冰記,32,南詞,正宮集曲,小玉醉
2911.1,88,45,True,True,《雙紅玉（雙紅嵌芙蓉）》,散曲,32,南詞,正宮集曲,雙紅玉
2912.1,166,70,True,True,《小桃帶芙蓉》,義俠記,32,南詞,正宮集曲,小桃帶芙蓉
2912.2,91,36,True,True,《小桃帶芙蓉》,金明池,32,南詞,正宮集曲,小桃帶芙蓉
2913.1,309,159,True,True,《四時八種花》,散曲,32,南詞,正宮集曲,四時八種花
2914.1,59,37,True,True,《四邊芙蓉》,如是觀,32,南詞,正宮集曲,四邊芙蓉
2915.1,137,66,True,True,《春月滿江紅（春歸人月圓）》,夢花酣,32,南詞,正宮集曲,春月滿江紅
2916.1,110,42,True,True,《秦娥賽觀音》,夢花酣,32,南詞,正宮集曲,秦娥賽觀音
2917.1,170,118,True,True,《三字令過十二橋》,散曲,32,南詞,正宮集曲,三字令過十二橋
2919.1,179,90,True,True,《傾杯賞芙蓉（傾杯玉）》,綱常記,32,南詞,正宮集曲,傾杯賞芙蓉
2920.1,223,90,True,True,《傾杯賞芙蓉（傾杯玉）》,紅梨記,32,南詞,正宮集曲,傾杯賞芙蓉
2921.1,198,99,True,True,《傾杯賞芙蓉（傾杯玉）》,金明池,32,南詞,正宮集曲,傾杯賞芙蓉
2922.1,201,102,True,True,《傾杯賞芙蓉（傾杯玉）》,夢花酣,32,南詞,正宮集曲,傾杯賞芙蓉
2923.1,181,87,True,True,《杯底慶長生》,長生殿,32,南詞,正宮集曲,杯底慶長生
2943.1,52,5,True,False,《端正好》,月令承應,33,北詞,高宮隻曲,端正好
2943.2,48,5,True,False,《端正好》,散曲,33,北詞,高宮隻曲,端正好
2944.1,74,36,True,True,《端正好》,散曲,33,北詞,高宮隻曲,端正好
2944.2,48,6,True,False,《端正好》,散曲,33,北詞,高宮隻曲,端正好
2945.1,61,6,True,False,《端正好》,元人百種,33,北詞,高宮隻曲,端正好
2946.1,68,5,True,False,《端正好》,雍熙樂府,33,北詞,高宮隻曲,端正好
2946.2,56,6,True,False,《端正好》,雍熙樂府,33,北詞,高宮隻曲,端正好
2947.1,70,6,True,False,《端正好》,元人百種,33,北詞,高宮隻曲,端正好
2948.1,122,12,True,False,《滾繡球》,元人百種,33,北詞,高宮隻曲,滾繡球
2949.1,103,12,True,False,《滾繡球》,詞林摘艷,33,北詞,高宮隻曲,滾繡球
2950.1,125,11,True,False,《滾繡球》,元人百種,33,北詞,高宮隻曲,滾繡球
2951.1,150,12,True,False,《滾繡球》,雍熙樂府,33,北詞,高宮隻曲,滾繡球
2952.1,147,12,True,False,《滾繡球》,散曲,33,北詞,高宮隻曲,滾繡球
2953.1,125,12,True,False,《滾繡球》,貶黃州,33,北詞,高宮隻曲,滾繡球
2954.1,129,63,True,True,《滾繡球》,散曲,33,北詞,高宮隻曲,滾繡球
2955.1,82,8,True,False,《滾繡球》,雍熙樂府,33,北詞,高宮隻曲,滾繡球
2957.1,62,30,True,True,《倘秀才》,月令承應,33,北詞,高宮隻曲,倘秀才
2957.2,54,28,True,True,《倘秀才》,元人百種,33,北詞,高宮隻曲,倘秀才
2958.1,66,7,True,False,《倘秀才》,元人百種,33,北詞,高宮隻曲,倘秀才
2958.2,73,35,True,True,《倘秀才》,元人百種,33,北詞,高宮隻曲,倘秀才
2959.1,96,32,True,True,《叨叨令》,月令承應,33,北詞,高宮隻曲,叨叨令
2960.1,142,31,True,True,《叨叨令》,長生殿,33,北詞,高宮隻曲,叨叨令
2961.1,110,32,True,True,《叨叨令》,雍熙樂府,33,北詞,高宮隻曲,叨叨令
2962.1,119,32,True,True,《叨叨令》,雍熙樂府,33,北詞,高宮隻曲,叨叨令
2963.1,108,42,True,True,《靈壽杖（呆骨朶、靈壽歌）》,散曲,33,北詞,高宮隻曲,靈壽杖
2964.1,120,48,True,True,《靈壽杖（呆骨朶、靈壽歌）》,散曲,33,北詞,高宮隻曲,靈壽杖
2965.1,126,48,True,True,《靈壽杖（呆骨朶、靈壽歌）》,雍熙樂府,33,北詞,高宮隻曲,靈壽杖
2966.1,171,53,True,True,《靈壽杖（呆骨朶、靈壽歌）》,西川圖,33,北詞,高宮隻曲,靈壽杖
2967.1,89,49,True,True,《塞鴻秋》,散曲,33,北詞,高宮隻曲,塞鴻秋
2968.1,124,38,True,True,《塞鴻秋》,散曲,33,北詞,高宮隻曲,塞鴻秋
2968.2,200,58,True,True,《百字塞鴻秋》,散曲,33,北詞,高宮隻曲,百字塞鴻秋
2970.1,40,24,True,True,《脫布衫》,散曲,33,北詞,高宮隻曲,脫布衫
2970.2,39,24,True,True,《脫布衫》,董西廂,33,北詞,高宮隻曲,脫布衫
2971.1,39,24,True,True,《脫布衫》,董西廂,33,北詞,高宮隻曲,脫布衫
2971.2,40,23,True,True,《脫布衫》,董西廂,33,北詞,高宮隻曲,脫布衫
2972.1,41,24,True,True,《脫布衫》,董西廂,33,北詞,高宮隻曲,脫布衫
2972.2,46,25,True,True,《脫布衫》,董西廂,33,北詞,高宮隻曲,脫布衫
2973.1,53,32,True,True,《小梁州》,散曲,33,北詞,高宮隻曲,小梁州
2973.2,57,36,True,True,《小梁州》,散曲,33,北詞,高宮隻曲,小梁州
2974.1,50,32,True,True,《小梁州》,雍熙樂府,33,北詞,高宮隻曲,小梁州
2974.2,61,36,True,True,《小梁州》,雍熙樂府,33,北詞,高宮隻曲,小梁州
2975.1,46,30,True,True,《小梁州》,董西廂,33,北詞,高宮隻曲,小梁州
2976.1,44,28,True,True,《小梁州》,董西廂,33,北詞,高宮隻曲,小梁州
2977.1,128,68,True,True,《三轉小梁州》,雍熙樂府,33,北詞,高宮隻曲,三轉小梁州
2979.1,68,55,True,True,《醉太平（凌波曲）》,散曲,33,北詞,高宮隻曲,醉太平
2979.2,96,59,True,True,《醉太平（凌波曲）》,雍熙樂府,33,北詞,高宮隻曲,醉太平
2980.1,134,76,True,True,《醉太平（凌波曲）》,雍熙樂府,33,北詞,高宮隻曲,醉太平
2981.1,101,52,True,True,《醉太平（凌波曲）》,元人百種,33,北詞,高宮隻曲,醉太平
2983.1,81,46,True,True,《伴讀書（村裏秀才）》,元人百種,33,北詞,高宮隻曲,伴讀書
2984.1,77,33,True,True,《伴讀書（村裏秀才）》,月令承應,33,北詞,高宮隻曲,伴讀書
2984.2,86,48,True,True,《伴讀書（村裏秀才）》,元人百種,33,北詞,高宮隻曲,伴讀書
2985.1,62,34,True,True,《笑和尚（笑歌賞）》,元人百種,33,北詞,高宮隻曲,笑和尚
2986.1,82,40,True,True,《笑和尚（笑歌賞）》,元人百種,33,北詞,高宮隻曲,笑和尚
2986.2,106,40,True,True,《笑和尚（笑歌賞）》,元人百種,33,北詞,高宮隻曲,笑和尚
2987.1,78,39,True,True,《笑和尚（笑歌賞）》,元人百種,33,北詞,高宮隻曲,笑和尚
2988.1,100,53,True,True,《笑和尚（笑歌賞）》,雍熙樂府,33,北詞,高宮隻曲,笑和尚
2989.1,34,16,True,True,《白鶴子》,衛靈公,33,北詞,高宮隻曲,白鶴子
2990.1,42,15,True,True,《白鶴子》,衛靈公,33,北詞,高宮隻曲,白鶴子
2990.2,37,5,True,False,《白鶴子》,雍熙樂府,33,北詞,高宮隻曲,白鶴子
2991.1,81,38,True,True,《芙蓉花》,雍熙樂府,33,北詞,高宮隻曲,芙蓉花
2992.1,73,39,True,True,《芙蓉花》,勸善金科,33,北詞,高宮隻曲,芙蓉花
2993.1,50,24,True,True,《雙鴛鴦》,散曲,33,北詞,高宮隻曲,雙鴛鴦
2993.2,106,52,True,True,《雙鴛鴦》,月令承應,33,北詞,高宮隻曲,雙鴛鴦
2994.1,51,30,True,True,《蠻姑兒》,元人百種,33,北詞,高宮隻曲,蠻姑兒
2995.1,95,43,True,True,《蠻姑兒》,月令承應,33,北詞,高宮隻曲,蠻姑兒
2996.1,51,30,True,True,《窮河西》,元人百種,33,北詞,高宮隻曲,窮河西
2996.2,74,32,True,True,《窮河西》,元人百種,33,北詞,高宮隻曲,窮河西
2997.1,66,30,True,True,《月照庭》,散曲,33,北詞,高宮隻曲,月照庭
2998.1,57,30,True,True,《月照庭》,散曲,33,北詞,高宮隻曲,月照庭
2998.2,57,26,True,True,《月照庭》,月令承應,33,北詞,高宮隻曲,月照庭
2999.1,108,54,True,True,《六么遍（柳梢青、梅梢月）》,散曲,33,北詞,高宮隻曲,六么遍
3000.1,98,46,True,True,《六么遍（柳梢青、梅梢月）》,太平圖,33,北詞,高宮隻曲,六么遍
3001.1,38,22,True,True,《菩薩蠻（重疊金、子夜歌）》,散曲,33,北詞,高宮隻曲,菩薩蠻
3001.2,61,26,True,True,《黑漆弩（學士吟、鸚鵡曲）》,散曲,33,北詞,高宮隻曲,黑漆弩
3002.1,52,23,True,True,《黑漆弩（學士吟、鸚鵡曲）》,散曲,33,北詞,高宮隻曲,黑漆弩
3002.2,54,26,True,True,《黑漆弩（學士吟、鸚鵡曲）》,月令承應,33,北詞,高宮隻曲,黑漆弩
3003.1,101,42,True,True,《文序子》,董西廂,33,北詞,高宮隻曲,文序子
3004.1,103,42,True,True,《文序子》,董西廂,33,北詞,高宮隻曲,文序子
3005.1,98,46,True,True,《甘草子》,散曲,33,北詞,高宮隻曲,甘草子
3005.2,102,51,True,True,《甘草子》,董西廂,33,北詞,高宮隻曲,甘草子
3006.1,92,40,True,True,《甘草子》,月令承應,33,北詞,高宮隻曲,甘草子
3007.1,60,26,True,True,《虞美人纒》,董西廂,33,北詞,高宮隻曲,虞美人纒
3007.2,61,26,True,True,《虞美人纒》,董西廂,33,北詞,高宮隻曲,虞美人纒
3008.1,71,38,True,True,《應天長》,董西廂,33,北詞,高宮隻曲,應天長
3009.1,72,38,True,True,《應天長》,董西廂,33,北詞,高宮隻曲,應天長
3010.1,133,54,True,True,《花藥欄》,散曲,33,北詞,高宮隻曲,花藥欄
3011.1,135,56,True,True,《花藥欄》,散曲,33,北詞,高宮隻曲,花藥欄
3011.2,76,40,True,True,《怕春歸》,散曲,33,北詞,高宮隻曲,怕春歸
3012.1,113,62,True,True,《怕春歸》,散曲,33,北詞,高宮隻曲,怕春歸
3013.1,112,49,True,True,《黃金臺》,董西廂,33,北詞,高宮隻曲,黃金臺
3014.1,90,48,True,True,《玉樓人》,無名氏詞,33,北詞,高宮隻曲,玉樓人
3015.1,101,48,True,True,《黃梅雨（中呂調普天樂）》,雍熙樂府,33,北詞,高宮隻曲,黃梅雨
3016.1,69,40,True,True,《漢東山》,散曲,33,北詞,高宮隻曲,漢東山
3017.1,77,7,True,False,《長生道引》,散曲,33,北詞,高宮隻曲,長生道引
3018.1,89,40,True,True,《貨郎兒》,元人百種,33,北詞,高宮隻曲,貨郎兒
3018.2,65,34,True,True,《貨郎兒》,散曲,33,北詞,高宮隻曲,貨郎兒
3019.1,78,45,True,True,《貨郎兒》,元人百種,33,北詞,高宮隻曲,貨郎兒
3020.1,84,7,True,False,《九轉貨郎兒》,元人百種,33,北詞,高宮隻曲,九轉貨郎兒
3020.2,115,54,True,True,《二轉》,元人百種,33,北詞,高宮隻曲,二轉
3021.1,161,74,True,True,《三轉》,元人百種,33,北詞,高宮隻曲,三轉
3022.1,175,87,True,True,《四轉》,元人百種,33,北詞,高宮隻曲,四轉
3023.1,257,77,True,True,《五轉》,元人百種,33,北詞,高宮隻曲,五轉
3025.1,181,99,True,True,《六轉》,元人百種,33,北詞,高宮隻曲,六轉
3027.1,160,48,True,True,《七轉》,元人百種,33,北詞,高宮隻曲,七轉
3028.1,215,99,True,True,《八轉》,元人百種,33,北詞,高宮隻曲,八轉
3029.1,215,105,True,True,《九轉》,元人百種,33,北詞,高宮隻曲,九轉
3031.1,138,82,True,True,《轉調貨郎兒》,追韓信,33,北詞,高宮隻曲,轉調貨郎兒
3034.1,84,50,True,True,《煞》,貶黃州,33,北詞,高宮隻曲,煞
3035.1,85,60,True,True,《二煞》,元人百種,33,北詞,高宮隻曲,二煞
3036.1,91,65,True,True,《一煞》,元人百種,33,北詞,高宮隻曲,一煞
3037.1,249,143,True,True,《煞尾》,元人百種,33,北詞,高宮隻曲,煞尾
3039.1,64,6,True,False,《收尾》,元人百種,33,北詞,高宮隻曲,收尾
3040.1,121,12,True,False,《收尾》,散曲,33,北詞,高宮隻曲,收尾
3041.1,59,7,True,False,《煞尾》,散曲,33,北詞,高宮隻曲,煞尾
3041.2,51,11,True,True,《尾聲》,散曲,33,北詞,高宮隻曲,尾聲
3042.1,53,5,True,False,《尾聲》,元人百種,33,北詞,高宮隻曲,尾聲
3043.1,54,34,True,True,《尾聲》,貶黃州,33,北詞,高宮隻曲,尾聲
3043.2,39,4,True,False,《尾聲》,董西廂,33,北詞,高宮隻曲,尾聲
3044.1,37,4,True,False,《尾聲》,董西廂,33,北詞,高宮隻曲,尾聲
3057.1,40,6,True,False,《端正好》,月令承應,34,北詞,高宮套曲,端正好
3057.2,134,12,True,False,《滾繡毬》,月令承應,34,北詞,高宮套曲,滾繡毬
3058.1,147,40,True,True,《叨叨令》,月令承應,34,北詞,高宮套曲,叨叨令
3060.1,162,65,True,True,《滾繡毬》,月令承應,34,北詞,高宮套曲,滾繡毬
3061.1,77,35,True,True,《倘秀才》,月令承應,34,北詞,高宮套曲,倘秀才
3062.1,140,59,True,True,《滾繡毬》,月令承應,34,北詞,高宮套曲,滾繡毬
3063.1,68,33,True,True,《倘秀才》,月令承應,34,北詞,高宮套曲,倘秀才
3063.2,74,7,True,False,《煞尾》,月令承應,34,北詞,高宮套曲,煞尾
3065.1,48,6,True,False,《端正好》,元人百種,34,北詞,高宮套曲,端正好
3065.2,44,5,True,False,《端正好》,元人百種,34,北詞,高宮套曲,端正好
3066.1,106,11,True,False,《滾繡毬》,元人百種,34,北詞,高宮套曲,滾繡毬
3067.1,58,6,True,False,《倘秀才》,元人百種,34,北詞,高宮套曲,倘秀才
3067.2,150,54,True,True,《靈壽杖》,元人百種,34,北詞,高宮套曲,靈壽杖
3068.1,46,18,True,True,《白鶴子》,元人百種,34,北詞,高宮套曲,白鶴子
3068.2,56,21,True,True,《白鶴子》,元人百種,34,北詞,高宮套曲,白鶴子
3069.1,40,18,True,True,《白鶴子》,元人百種,34,北詞,高宮套曲,白鶴子
3069.2,42,18,True,True,《白鶴子》,元人百種,34,北詞,高宮套曲,白鶴子
3070.1,58,27,True,True,《倘秀才》,元人百種,34,北詞,高宮套曲,倘秀才
3070.2,76,38,True,True,《芙蓉花》,元人百種,34,北詞,高宮套曲,芙蓉花
3071.1,68,38,True,True,《伴讀書》,元人百種,34,北詞,高宮套曲,伴讀書
3072.1,81,37,True,True,《笑和尚》,元人百種,34,北詞,高宮套曲,笑和尚
3072.2,50,28,True,True,《倘秀才》,元人百種,34,北詞,高宮套曲,倘秀才
3073.1,95,51,True,True,《雙鴛鴦》,元人百種,34,北詞,高宮套曲,雙鴛鴦
3074.1,75,44,True,True,《蠻姑兒》,元人百種,34,北詞,高宮套曲,蠻姑兒
3075.1,109,53,True,True,《滾繡毬》,元人百種,34,北詞,高宮套曲,滾繡毬
3076.1,151,40,True,True,《叨叨令》,元人百種,34,北詞,高宮套曲,叨叨令
3077.1,64,29,True,True,《倘秀才》,元人百種,34,北詞,高宮套曲,倘秀才
3077.2,122,63,True,True,《滾繡毬》,元人百種,34,北詞,高宮套曲,滾繡毬
3078.1,132,65,True,True,《二煞》,元人百種,34,北詞,高宮套曲,二煞
3079.1,96,54,True,True,《一煞》,元人百種,34,北詞,高宮套曲,一煞
3080.1,246,141,True,True,《煞尾》,元人百種,34,北詞,高宮套曲,煞尾
3083.1,69,6,True,False,《端正好》,元人百種,34,北詞,高宮套曲,端正好
3083.2,137,11,True,False,《滾繡毬》,元人百種,34,北詞,高宮套曲,滾繡毬
3084.1,67,6,True,False,《倘秀才》,元人百種,34,北詞,高宮套曲,倘秀才
3085.1,148,12,True,False,《滾繡毬》,元人百種,34,北詞,高宮套曲,滾繡毬
3086.1,72,32,True,True,《倘秀才》,元人百種,34,北詞,高宮套曲,倘秀才
3087.1,98,37,True,True,《窮河西》,元人百種,34,北詞,高宮套曲,窮河西
3088.1,112,35,True,True,《叨叨令》,元人百種,34,北詞,高宮套曲,叨叨令
3089.1,140,57,True,True,《二煞》,元人百種,34,北詞,高宮套曲,二煞
3090.1,113,52,True,True,《一煞》,元人百種,34,北詞,高宮套曲,一煞
3090.2,305,148,True,True,《煞尾》,元人百種,34,北詞,高宮套曲,煞尾
3093.1,73,6,True,False,《端正好》,元人百種,34,北詞,高宮套曲,端正好
3093.2,164,12,True,False,《滾繡毬》,元人百種,34,北詞,高宮套曲,滾繡毬
3095.1,72,6,True,False,《倘秀才》,元人百種,34,北詞,高宮套曲,倘秀才
3095.2,126,45,True,True,《伴讀書》,元人百種,34,北詞,高宮套曲,伴讀書
3096.1,142,47,True,True,《笑和尚》,元人百種,34,北詞,高宮套曲,笑和尚
3097.1,179,72,True,True,《滾繡毬》,元人百種,34,北詞,高宮套曲,滾繡毬
3098.1,154,52,True,True,《朝天子》,元人百種,34,北詞,高宮套曲,朝天子
3100.1,105,33,True,True,《四邊靜》,元人百種,34,北詞,高宮套曲,四邊靜
3100.2,132,10,True,False,《煞尾》,元人百種,34,北詞,高宮套曲,煞尾
3103.1,58,6,True,False,《端正好》,元人百種,34,北詞,高宮套曲,端正好
3103.2,169,13,True,False,《滾繡毬》,元人百種,34,北詞,高宮套曲,滾繡毬
3104.1,68,24,True,True,《倘秀才》,元人百種,34,北詞,高宮套曲,倘秀才
3105.1,38,20,True,True,《呌聲》,元人百種,34,北詞,高宮套曲,呌聲
3106.1,78,33,True,True,《上小樓》,元人百種,34,北詞,高宮套曲,上小樓
3106.2,135,51,True,True,《石榴花》,元人百種,34,北詞,高宮套曲,石榴花
3107.1,104,52,True,True,《闘鵪鶉》,元人百種,34,北詞,高宮套曲,闘鵪鶉
3108.1,147,53,True,True,《滿庭芳》,元人百種,34,北詞,高宮套曲,滿庭芳
3109.1,90,35,True,True,《紅繡鞋》,元人百種,34,北詞,高宮套曲,紅繡鞋
3110.1,50,25,True,True,《快活三》,元人百種,34,北詞,高宮套曲,快活三
3111.1,101,45,True,True,《鮑老兒》,元人百種,34,北詞,高宮套曲,鮑老兒
3111.2,54,4,True,False,《煞尾》,元人百種,34,北詞,高宮套曲,煞尾
3113.1,79,6,True,False,《端正好》,元人百種,34,北詞,高宮套曲,端正好
3113.2,152,12,True,False,《滾繡毬》,元人百種,34,北詞,高宮套曲,滾繡毬
3114.1,121,38,True,True,《笑和尚》,元人百種,34,北詞,高宮套曲,笑和尚
3115.1,113,43,True,True,《醉春風》,元人百種,34,北詞,高宮套曲,醉春風
3116.1,129,52,True,True,《石榴花》,元人百種,34,北詞,高宮套曲,石榴花
3117.1,88,49,True,True,《闘鵪鶉》,元人百種,34,北詞,高宮套曲,闘鵪鶉
3118.1,79,31,True,True,《上小樓》,元人百種,34,北詞,高宮套曲,上小樓
3119.1,77,31,True,True,《上小樓》,元人百種,34,北詞,高宮套曲,上小樓
3120.1,67,41,True,True,《十二月》,元人百種,34,北詞,高宮套曲,十二月
3120.2,91,59,True,True,《堯民歌》,元人百種,34,北詞,高宮套曲,堯民歌
3121.1,130,59,True,True,《耍孩兒》,元人百種,34,北詞,高宮套曲,耍孩兒
3122.1,58,5,True,False,《煞尾》,元人百種,34,北詞,高宮套曲,煞尾
3125.1,62,6,True,False,《端正好》,元人百種,34,北詞,高宮套曲,端正好
3125.2,115,11,True,False,《滾繡毬》,元人百種,34,北詞,高宮套曲,滾繡毬
3126.1,85,38,True,True,《伴讀書》,元人百種,34,北詞,高宮套曲,伴讀書
3127.1,98,39,True,True,《笑和尚》,元人百種,34,北詞,高宮套曲,笑和尚
3128.1,61,27,True,True,《川撥棹》,元人百種,34,北詞,高宮套曲,川撥棹
3128.2,69,30,True,True,《七弟兄》,元人百種,34,北詞,高宮套曲,七弟兄
3129.1,89,44,True,True,《梅花酒》,元人百種,34,北詞,高宮套曲,梅花酒
3130.1,78,36,True,True,《收江南》,元人百種,34,北詞,高宮套曲,收江南
3131.1,57,5,True,False,《煞尾》,元人百種,34,北詞,高宮套曲,煞尾
3133.1,75,6,True,False,《端正好》,元人百種,34,北詞,高宮套曲,端正好
3133.2,136,12,True,False,《滾繡毬》,元人百種,34,北詞,高宮套曲,滾繡毬
3134.1,69,7,True,False,《倘秀才》,元人百種,34,北詞,高宮套曲,倘秀才
3135.1,112,40,True,True,《伴讀書》,元人百種,34,北詞,高宮套曲,伴讀書
3136.1,114,40,True,True,《笑和尚》,元人百種,34,北詞,高宮套曲,笑和尚
3137.1,141,53,True,True,《耍孩兒》,元人百種,34,北詞,高宮套曲,耍孩兒
3138.1,118,51,True,True,《三煞》,元人百種,34,北詞,高宮套曲,三煞
3139.1,120,51,True,True,《二煞》,元人百種,34,北詞,高宮套曲,二煞
3140.1,113,46,True,True,《一煞》,元人百種,34,北詞,高宮套曲,一煞
3141.1,215,85,True,True,《哨遍》,元人百種,34,北詞,高宮套曲,哨遍
3142.1,73,5,True,False,《煞尾》,元人百種,34,北詞,高宮套曲,煞尾
3145.1,62,5,True,False,《端正好》,天寶遺事,34,北詞,高宮套曲,端正好
3145.2,98,8,True,False,《滾繡毬》,天寶遺事,34,北詞,高宮套曲,滾繡毬
3146.1,70,7,True,False,《倘秀才》,天寶遺事,34,北詞,高宮套曲,倘秀才
3147.1,171,72,True,True,《滾繡毬》,天寶遺事,34,北詞,高宮套曲,滾繡毬
3148.1,80,37,True,True,《倘秀才》,天寶遺事,34,北詞,高宮套曲,倘秀才
3149.1,168,58,True,True,《靈壽杖》,天寶遺事,34,北詞,高宮套曲,靈壽杖
3150.1,64,28,True,True,《貨郎兒》,天寶遺事,34,北詞,高宮套曲,貨郎兒
3150.2,49,25,True,True,《脫布衫》,天寶遺事,34,北詞,高宮套曲,脫布衫
3151.1,117,57,True,True,《醉太平》,天寶遺事,34,北詞,高宮套曲,醉太平
3153.1,58,6,True,False,《端正好》,古城記,34,北詞,高宮套曲,端正好
3153.2,138,11,True,False,《滾繡毬》,古城記,34,北詞,高宮套曲,滾繡毬
3154.1,64,7,True,False,《倘秀才》,古城記,34,北詞,高宮套曲,倘秀才
3155.1,67,34,True,True,《九轉貨郎兒》,古城記,34,北詞,高宮套曲,九轉貨郎兒
3155.2,96,45,True,True,《二轉》,古城記,34,北詞,高宮套曲,二轉
3156.1,104,49,True,True,《三轉》,古城記,34,北詞,高宮套曲,三轉
3157.1,152,67,True,True,《四轉》,古城記,34,北詞,高宮套曲,四轉
3158.1,145,70,True,True,《五轉》,古城記,34,北詞,高宮套曲,五轉
3160.1,112,53,True,True,《六轉》,古城記,34,北詞,高宮套曲,六轉
3161.1,219,99,True,True,《七轉》,古城記,34,北詞,高宮套曲,七轉
3162.1,185,88,True,True,《八轉》,古城記,34,北詞,高宮套曲,八轉
3164.1,177,91,True,True,《九轉》,古城記,34,北詞,高宮套曲,九轉
3165.1,55,7,True,False,《煞尾》,古城記,34,北詞,高宮套曲,煞尾
3167.1,58,3,True,False,《端正好》,雍熙樂府,34,北詞,高宮套曲,端正好
3167.2,145,12,True,False,《滾繡毬》,雍熙樂府,34,北詞,高宮套曲,滾繡毬
3168.1,73,28,True,True,《倘秀才》,雍熙樂府,34,北詞,高宮套曲,倘秀才
3169.1,123,43,True,True,《塞鴻秋》,雍熙樂府,34,北詞,高宮套曲,塞鴻秋
3170.1,61,23,True,True,《快活三》,雍熙樂府,34,北詞,高宮套曲,快活三
3170.2,96,40,True,True,《鮑老兒》,雍熙樂府,34,北詞,高宮套曲,鮑老兒
3171.1,137,66,True,True,《耍孩兒》,雍熙樂府,34,北詞,高宮套曲,耍孩兒
3172.1,112,50,True,True,《四煞》,雍熙樂府,34,北詞,高宮套曲,四煞
3173.1,111,47,True,True,《三煞》,雍熙樂府,34,北詞,高宮套曲,三煞
3174.1,120,43,True,True,《二煞》,雍熙樂府,34,北詞,高宮套曲,二煞
3175.1,107,41,True,True,《一煞》,雍熙樂府,34,北詞,高宮套曲,一煞
3176.1,63,6,True,False,《尾聲》,雍熙樂府,34,北詞,高宮套曲,尾聲
3177.1,63,28,True,True,《月照庭》,雍熙樂府,34,北詞,高宮套曲,月照庭
3177.2,63,27,True,True,《月照庭》,雍熙樂府,34,北詞,高宮套曲,月照庭
3178.1,47,22,True,True,《醉高歌》,雍熙樂府,34,北詞,高宮套曲,醉高歌
3178.2,52,24,True,True,《喜春來》,雍熙樂府,34,北詞,高宮套曲,喜春來
3179.1,117,54,True,True,《六么遍》,雍熙樂府,34,北詞,高宮套曲,六么遍
3180.1,98,52,True,True,《六么遍》,雍熙樂府,34,北詞,高宮套曲,六么遍
3180.2,62,6,True,False,《啄木兒煞》,雍熙樂府,34,北詞,高宮套曲,啄木兒煞
3183.1,57,6,True,False,《端正好》,御溝紅葉,34,北詞,高宮套曲,端正好
3183.2,109,12,True,False,《滾繡毬》,御溝紅葉,34,北詞,高宮套曲,滾繡毬
3184.1,66,28,True,True,《倘秀才》,御溝紅葉,34,北詞,高宮套曲,倘秀才
3185.1,135,39,True,True,《叨叨令》,御溝紅葉,34,北詞,高宮套曲,叨叨令
3186.1,51,22,True,True,《白鶴子》,御溝紅葉,34,北詞,高宮套曲,白鶴子
3186.2,37,18,True,True,《白鶴子》,御溝紅葉,34,北詞,高宮套曲,白鶴子
3187.1,80,38,True,True,《紅繡鞋》,御溝紅葉,34,北詞,高宮套曲,紅繡鞋
3187.2,51,23,True,True,《快活三》,御溝紅葉,34,北詞,高宮套曲,快活三
3188.1,81,48,True,True,《鮑老兒》,御溝紅葉,34,北詞,高宮套曲,鮑老兒
3189.1,85,51,True,True,《古鮑老》,御溝紅葉,34,北詞,高宮套曲,古鮑老
3190.1,83,60,True,True,《柳青娘》,御溝紅葉,34,北詞,高宮套曲,柳青娘
3191.1,132,104,True,True,《道和》,御溝紅葉,34,北詞,高宮套曲,道和
3192.1,128,55,True,True,《耍孩兒》,御溝紅葉,34,北詞,高宮套曲,耍孩兒
3193.1,88,41,True,True,《三煞》,御溝紅葉,34,北詞,高宮套曲,三煞
3194.1,100,42,True,True,《二煞》,御溝紅葉,34,北詞,高宮套曲,二煞
3194.2,105,43,True,True,《一煞》,御溝紅葉,34,北詞,高宮套曲,一煞
3195.1,50,5,True,False,《煞尾》,御溝紅葉,34,北詞,高宮套曲,煞尾
3197.1,85,6,True,False,《端正好》,雍熙樂府,34,北詞,高宮套曲,端正好
3197.2,155,12,True,False,《滾繡毬》,雍熙樂府,34,北詞,高宮套曲,滾繡毬
3198.1,78,7,True,False,《倘秀才》,雍熙樂府,34,北詞,高宮套曲,倘秀才
3199.1,143,53,True,True,《靈壽杖》,雍熙樂府,34,北詞,高宮套曲,靈壽杖
3200.1,73,36,True,True,《倘秀才》,雍熙樂府,34,北詞,高宮套曲,倘秀才
3201.1,142,12,True,False,《滾繡毬》,雍熙樂府,34,北詞,高宮套曲,滾繡毬
3202.1,75,7,True,False,《羊頭靴》,月令承應,34,北詞,高宮套曲,羊頭靴
3203.1,179,79,True,True,《滾繡毬》,雍熙樂府,34,北詞,高宮套曲,滾繡毬
3204.1,80,7,True,False,《倘秀才》,雍熙樂府,34,北詞,高宮套曲,倘秀才
3204.2,184,94,True,True,《滾繡毬》,雍熙樂府,34,北詞,高宮套曲,滾繡毬
3206.1,82,8,True,False,《倘秀才》,雍熙樂府,34,北詞,高宮套曲,倘秀才
3206.2,123,12,True,False,《滾繡毬》,雍熙樂府,34,北詞,高宮套曲,滾繡毬
3207.1,40,28,True,True,《脫布衫》,雍熙樂府,34,北詞,高宮套曲,脫布衫
3208.1,92,58,True,True,《醉太平》,雍熙樂府,34,北詞,高宮套曲,醉太平
3209.1,133,75,True,True,《一煞》,雍熙樂府,34,北詞,高宮套曲,一煞
3210.1,230,20,True,False,《煞尾》,雍熙樂府,34,北詞,高宮套曲,煞尾
3213.1,56,5,True,False,《端正好》,西天取經,34,北詞,高宮套曲,端正好
3213.2,132,12,True,False,《滾繡毬》,西天取經,34,北詞,高宮套曲,滾繡毬
3214.1,53,7,True,False,《倘秀才》,西天取經,34,北詞,高宮套曲,倘秀才
3215.1,124,12,True,False,《滾繡毬》,西天取經,34,北詞,高宮套曲,滾繡毬
3216.1,122,36,True,True,《叨叨令》,西天取經,34,北詞,高宮套曲,叨叨令
3217.1,48,24,True,True,《白鶴子》,西天取經,34,北詞,高宮套曲,白鶴子
3218.1,64,41,True,True,《快活三》,西天取經,34,北詞,高宮套曲,快活三
3218.2,65,42,True,True,《鮑老兒》,西天取經,34,北詞,高宮套曲,鮑老兒
3219.1,116,80,True,True,《古鮑老》,西天取經,34,北詞,高宮套曲,古鮑老
3220.1,141,91,True,True,《柳青娘》,西天取經,34,北詞,高宮套曲,柳青娘
3221.1,160,87,True,True,《道和》,西天取經,34,北詞,高宮套曲,道和
3222.1,42,5,True,False,《煞尾》,西天取經,34,北詞,高宮套曲,煞尾
3225.1,77,35,True,True,《北端正好》,北宮詞紀,35,合套,高宮合套,北端正好
3225.2,214,115,True,True,《南普天樂》,北宮詞紀,35,合套,高宮合套,南普天樂
3226.1,53,26,True,True,《北脫布衫》,北宮詞紀,35,合套,高宮合套,北脫布衫
3227.1,139,50,True,True,《南傾杯序》,北宮詞紀,35,合套,高宮合套,南傾杯序
3227.2,128,69,True,True,《北小梁州》,北宮詞紀,35,合套,高宮合套,北小梁州
3228.1,106,37,True,True,《南小桃紅》,北宮詞紀,35,合套,高宮合套,南小桃紅
3229.1,44,23,True,True,《北尾聲》,北宮詞紀,35,合套,高宮合套,北尾聲
3231.1,44,5,True,False,《北端正好》,雍熙樂府,35,合套,高宮合套,北端正好
3231.2,154,59,True,True,《南錦纏道》,雍熙樂府,35,合套,高宮合套,南錦纏道
3232.1,123,45,True,True,《北塞鴻秋》,雍熙樂府,35,合套,高宮合套,北塞鴻秋
3233.1,123,58,True,True,《南普天樂》,雍熙樂府,35,合套,高宮合套,南普天樂
3234.1,150,89,True,True,《北伴讀書帶笑和尚》,雍熙樂府,35,合套,高宮合套,北伴讀書帶笑和尚
3235.1,96,53,True,True,《南刮地風》,雍熙樂府,35,合套,高宮合套,南刮地風
3236.1,43,22,True,True,《北尾聲》,雍熙樂府,35,合套,高宮合套,北尾聲
3241.1,64,8,True,False,《西平樂》,法宮雅奏,36,南詞,小石調引,西平樂
3242.1,186,22,True,False,《西平樂》,柳永詞,36,南詞,小石調引,西平樂
3243.1,59,7,True,False,《如夢令（如意令）》,三元記,36,南詞,小石調引,如夢令
3244.1,67,10,True,False,《訴衷情》,毛文錫詞,36,南詞,小石調引,訴衷情
3245.1,16,3,True,False,《憶故鄉》,三元記,36,南詞,小石調引,憶故鄉
3245.2,22,3,True,False,《撻破歌》,勸善金科,36,南詞,小石調引,撻破歌
3245.3,18,3,True,False,《粉蛾兒》,勸善金科,36,南詞,小石調引,粉蛾兒
3246.1,23,4,True,False,《宴蟠桃》,還魂記,36,南詞,小石調引,宴蟠桃
3246.2,23,4,True,False,《宴蟠桃》,贈書記,36,南詞,小石調引,宴蟠桃
3246.3,23,3,True,False,《顆顆珠》,寶劍記,36,南詞,小石調引,顆顆珠
3247.1,91,9,True,False,《歸去來》,柳永詞,36,南詞,小石調引,歸去來
3248.1,56,6,True,False,《河滿子（何滿子）》,灌園記,36,南詞,小石調引,河滿子
3248.2,95,12,True,False,《荷葉魚兒》,荊釵記,36,南詞,小石調引,荷葉魚兒
3249.1,66,8,True,False,《春心破》,翫江樓,36,南詞,小石調引,春心破
3249.2,85,9,True,False,《華清引》,蘇軾詞,36,南詞,小石調引,華清引
3250.1,95,10,True,False,《相思引（琴挑相思引）》,袁去華詞,36,南詞,小石調引,相思引
3251.1,44,5,True,False,《相思引（琴挑相思引）》,荊釵記,36,南詞,小石調引,相思引
3252.1,71,9,True,False,《相思兒令（相思令）》,晏殊詞,36,南詞,小石調引,相思兒令
3252.2,69,9,True,False,《落梅風》,無名氏詞,36,南詞,小石調引,落梅風
3253.1,88,9,True,False,《江亭怨》,無名氏詞,36,南詞,小石調引,江亭怨
3254.1,81,9,True,False,《贊浦子》,毛文錫詞,36,南詞,小石調引,贊浦子
3267.1,147,61,True,True,《漁燈兒》,月令承應,37,南詞,小石調正曲,漁燈兒
3268.1,139,65,True,True,《漁燈兒》,西廂記,37,南詞,小石調正曲,漁燈兒
3268.2,140,62,True,True,《漁燈兒》,壽為先,37,南詞,小石調正曲,漁燈兒
3269.1,115,56,True,True,《錦漁燈》,月令承應,37,南詞,小石調正曲,錦漁燈
3270.1,119,56,True,True,《錦漁燈》,水滸記,37,南詞,小石調正曲,錦漁燈
3270.2,108,55,True,True,《錦漁燈》,西廂記,37,南詞,小石調正曲,錦漁燈
3271.1,109,55,True,True,《錦漁燈》,爛柯山,37,南詞,小石調正曲,錦漁燈
3272.1,119,39,True,True,《錦上花》,月令承應,37,南詞,小石調正曲,錦上花
3273.1,103,39,True,True,《錦上花》,九九大慶,37,南詞,小石調正曲,錦上花
3273.2,123,38,True,True,《錦上花》,漁家樂,37,南詞,小石調正曲,錦上花
3274.1,69,27,True,True,《錦前拍》,西廂記,37,南詞,小石調正曲,錦前拍
3275.1,143,58,True,True,《錦中拍》,月令承應,37,南詞,小石調正曲,錦中拍
3276.1,139,57,True,True,《錦中拍》,西廂記,37,南詞,小石調正曲,錦中拍
3277.1,121,54,True,True,《錦中拍》,文星現,37,南詞,小石調正曲,錦中拍
3278.1,116,47,True,True,《錦后拍》,月令承應,37,南詞,小石調正曲,錦后拍
3279.1,115,39,True,True,《錦后拍》,西廂記,37,南詞,小石調正曲,錦后拍
3280.1,205,91,True,True,《駡玉郎》,勸善金科,37,南詞,小石調正曲,駡玉郎
3281.1,227,95,True,True,《駡玉郎》,畫中人,37,南詞,小石調正曲,駡玉郎
3283.1,339,173,True,True,《芰荷香》,万俟咏詞,37,南詞,小石調正曲,芰荷香
3284.1,226,87,True,True,《芰荷香》,趙彥瑞詞,37,南詞,小石調正曲,芰荷香
3285.1,309,161,True,True,《孤鸞》,朱敦儒詞,37,南詞,小石調正曲,孤鸞
3287.1,221,84,True,True,《孤鸞》,馬莊父詞,37,南詞,小石調正曲,孤鸞
3288.1,319,178,True,True,《雙瑞蓮》,趙以父詞,37,南詞,小石調正曲,雙瑞蓮
3289.1,79,40,True,True,《淮妙體》,月令承應,37,南詞,小石調正曲,淮妙體
3290.1,140,79,True,True,《淮妙體》,散曲,37,南詞,小石調正曲,淮妙體
3291.1,153,84,True,True,《三軍旗》,月令承應,37,南詞,小石調正曲,三軍旗
3291.2,105,43,True,True,《三軍旗》,月令承應,37,南詞,小石調正曲,三軍旗
3292.1,48,26,True,True,《破子》,月令承應,37,南詞,小石調正曲,破子
3292.2,99,52,True,True,《破子》,東墻記,37,南詞,小石調正曲,破子
3293.1,122,60,True,True,《象牙牀》,九九大慶,37,南詞,小石調正曲,象牙牀
3293.2,71,31,True,True,《象牙牀》,九九大慶,37,南詞,小石調正曲,象牙牀
3294.1,151,73,True,True,《象牙牀》,盛世新聲,37,南詞,小石調正曲,象牙牀
3295.1,139,76,True,True,《象牙牀》,盛世新聲,37,南詞,小石調正曲,象牙牀
3296.1,86,35,True,True,《象牙牀》,盛世新聲,37,南詞,小石調正曲,象牙牀
3297.1,71,33,True,True,《玉劄子》,寶劍記,37,南詞,小石調正曲,玉劄子
3297.2,72,33,True,True,《玉劄子》,邯鄲夢,37,南詞,小石調正曲,玉劄子
3298.1,69,34,True,True,《流拍》,寶劍記,37,南詞,小石調正曲,流拍
3298.2,165,90,True,True,《燕穿簾》,月令承應,37,南詞,小石調正曲,燕穿簾
3299.1,104,46,True,True,《燕穿簾》,月令承應,37,南詞,小石調正曲,燕穿簾
3300.1,274,142,True,True,《水紅花》,月令承應,37,南詞,小石調正曲,水紅花
3301.1,169,72,True,True,《水紅花》,散曲,37,南詞,小石調正曲,水紅花
3303.1,51,24,True,True,《羊頭靴》,散曲,37,南詞,小石調正曲,羊頭靴
3303.2,131,50,True,True,《絮婆娑》,王煥傳奇,37,南詞,小石調正曲,絮婆娑
3304.1,59,28,True,True,《倒拖船》,王煥傳奇,37,南詞,小石調正曲,倒拖船
3305.1,57,30,True,True,《倒拖船》,玉合記,37,南詞,小石調正曲,倒拖船
3306.1,58,30,True,True,《柳絮飛》,月令承應,37,南詞,小石調正曲,柳絮飛
3306.2,46,29,True,True,《柳絮飛》,拜月亭,37,南詞,小石調正曲,柳絮飛
3307.1,50,26,True,True,《柳絮飛》,尋親記,37,南詞,小石調正曲,柳絮飛
3308.1,87,42,True,True,《柳梢青》,月令承應,37,南詞,小石調正曲,柳梢青
3309.1,63,31,True,True,《柳梢青》,琵琶記,37,南詞,小石調正曲,柳梢青
3309.2,34,29,True,True,《辣薑湯》,金鎖記,37,南詞,小石調正曲,辣薑湯
3310.1,244,140,True,True,《隔簾聽》,柳永詞,37,南詞,小石調正曲,隔簾聽
3311.1,310,164,True,True,《江南春慢》,吳文英詞,37,南詞,小石調正曲,江南春慢
3312.1,225,126,True,True,《河滿子（何滿子）》,毛滂詞,37,南詞,小石調正曲,河滿子
3313.1,130,66,True,True,《上行杯》,韋莊詞,37,南詞,小石調正曲,上行杯
3314.1,104,33,True,True,《哨遍（稍遍）》,蘇軾詞,37,南詞,小石調正曲,哨遍
3317.1,169,86,True,True,《城頭月》,馬天驥詞,37,南詞,小石調正曲,城頭月
3317.2,108,44,True,True,《歸田樂》,晁補之詞,37,南詞,小石調正曲,歸田樂
3318.1,121,44,True,True,《惜分飛（惜雙雙、惜芳菲）》,毛滂詞,37,南詞,小石調正曲,惜分飛
3319.1,313,173,True,True,《夏日燕黌堂》,無名氏詞,37,南詞,小石調正曲,夏日燕黌堂
3320.1,323,185,True,True,《燕山亭》,曾覿詞,37,南詞,小石調正曲,燕山亭
3321.1,302,164,True,True,《三姝媚》,史達祖詞,37,南詞,小石調正曲,三姝媚
3323.1,285,158,True,True,《惜紅衣》,姜夔詞,37,南詞,小石調正曲,惜紅衣
3324.1,185,80,True,True,《惜紅衣》,李萊老詞,37,南詞,小石調正曲,惜紅衣
3325.1,335,169,True,True,《二色蓮》,曹勛詞,37,南詞,小石調正曲,二色蓮
3326.1,253,126,True,True,《拂霓裳》,晏殊詞,37,南詞,小石調正曲,拂霓裳
3327.1,286,142,True,True,《柳腰輕》,柳永詞,37,南詞,小石調正曲,柳腰輕
3329.1,212,102,True,True,《握金釵（戛金釵）》,無名氏詞,37,南詞,小石調正曲,握金釵
3329.2,108,47,True,True,《望仙門》,晏殊詞,37,南詞,小石調正曲,望仙門
3330.1,100,26,True,True,《本調賺》,月令承應,37,南詞,小石調正曲,本調賺
3331.1,107,26,True,True,《本調賺》,四節記,37,南詞,小石調正曲,本調賺
3332.1,93,21,True,True,《蓮花賺》,法宮雅奏,37,南詞,小石調正曲,蓮花賺
3333.1,87,21,True,True,《蓮花賺》,臥冰記,37,南詞,小石調正曲,蓮花賺
3333.2,38,23,True,True,《好收因煞》,月令承應,37,南詞,小石調正曲,好收因煞
3334.1,34,23,True,True,《好收因煞》,千金記,37,南詞,小石調正曲,好收因煞
3334.2,52,23,True,True,《慶餘》,月令承應,37,南詞,小石調正曲,慶餘
3335.1,67,31,True,True,《慶餘》,西廂記,37,南詞,小石調正曲,慶餘
3339.1,135,77,True,True,《三軍令》,法宮雅奏,38,南詞,小石調集曲目錄,三軍令
3340.1,127,75,True,True,《流水歸仙》,法宮雅奏,38,南詞,小石調集曲目錄,流水歸仙
3340.2,145,75,True,True,《妙體觀音》,法宮雅奏,38,南詞,小石調集曲目錄,妙體觀音
3341.1,123,56,True,True,《破絮帶停鍼》,法宮雅奏,38,南詞,小石調集曲目錄,破絮帶停鍼
3342.1,81,40,True,True,《燕穿花》,法宮雅奏,38,南詞,小石調集曲目錄,燕穿花
3343.1,76,37,True,True,《牙牀繡衾》,法宮雅奏,38,南詞,小石調集曲目錄,牙牀繡衾
3343.2,116,64,True,True,《羊踏菜園（羊入園林）》,散曲,38,南詞,小石調集曲目錄,羊踏菜園
3344.1,135,62,True,True,《漁燈月》,月令承應,38,南詞,小石調集曲目錄,漁燈月
3345.1,204,93,True,True,《錦上添花》,月令承應,38,南詞,小石調集曲目錄,錦上添花
3346.1,79,28,True,True,《錦孩兒》,月令承應,38,南詞,小石調集曲目錄,錦孩兒
3359.1,78,31,True,True,《青杏兒（青杏子）》,月令承應,39,北詞,小石角隻曲,青杏兒
3359.2,77,34,True,True,《青杏兒（青杏子）》,月令承應,39,北詞,小石角隻曲,青杏兒
3360.1,57,7,True,False,《青杏兒（青杏子）》,散曲,39,北詞,小石角隻曲,青杏兒
3361.1,66,31,True,True,《青杏兒（青杏子）》,散曲,39,北詞,小石角隻曲,青杏兒
3361.2,112,48,True,True,《天上謠》,散曲,39,北詞,小石角隻曲,天上謠
3362.1,201,92,True,True,《霓裳中序第一》,周密詞,39,北詞,小石角隻曲,霓裳中序第一
3364.1,70,28,True,True,《惱殺人》,散曲,39,北詞,小石角隻曲,惱殺人
3365.1,69,28,True,True,《惱殺人》,散曲,39,北詞,小石角隻曲,惱殺人
3365.2,121,58,True,True,《少年心（添字少年心）》,黃庭堅詞,39,北詞,小石角隻曲,少年心
3366.1,137,64,True,True,《伊州遍》,散曲,39,北詞,小石角隻曲,伊州遍
3367.1,137,62,True,True,《伊州遍》,散曲,39,北詞,小石角隻曲,伊州遍
3368.1,102,42,True,True,《伊州袞》,董西廂,39,北詞,小石角隻曲,伊州袞
3369.1,108,46,True,True,《伊州袞》,董西廂,39,北詞,小石角隻曲,伊州袞
3370.1,108,46,True,True,《伊州袞》,董西廂,39,北詞,小石角隻曲,伊州袞
3371.1,101,44,True,True,《伊州袞》,董西廂,39,北詞,小石角隻曲,伊州袞
3372.1,111,40,True,True,《荷葉鋪水面》,康與之詞,39,北詞,小石角隻曲,荷葉鋪水面
3373.1,110,43,True,True,《荷葉鋪水面》,月令承應,39,北詞,小石角隻曲,荷葉鋪水面
3373.2,105,47,True,True,《花心動（好心動）》,董西廂,39,北詞,小石角隻曲,花心動
3374.1,119,51,True,True,《花心動（好心動）》,董西廂,39,北詞,小石角隻曲,花心動
3375.1,59,33,True,True,《大德歌》,散曲,39,北詞,小石角隻曲,大德歌
3376.1,79,30,True,True,《大德歌》,月令承應,39,北詞,小石角隻曲,大德歌
3376.2,72,32,True,True,《大德歌》,月令承應,39,北詞,小石角隻曲,大德歌
3377.1,75,30,True,True,《大德歌》,月令承應,39,北詞,小石角隻曲,大德歌
3378.1,79,30,True,True,《大德歌》,月令承應,39,北詞,小石角隻曲,大德歌
3378.2,58,26,True,True,《鎭江廻》,勘吉平,39,北詞,小石角隻曲,鎭江廻
3379.1,64,30,True,True,《甘州曲（甘州子）》,顧夐詞,39,北詞,小石角隻曲,甘州曲
3380.1,76,29,True,True,《青玉案》,月令承應,39,北詞,小石角隻曲,青玉案
3380.2,70,32,True,True,《青玉案》,散曲,39,北詞,小石角隻曲,青玉案
3381.1,73,32,True,True,《青玉案》,散曲,39,北詞,小石角隻曲,青玉案
3381.2,64,34,True,True,《魚遊春水》,月令承應,39,北詞,小石角隻曲,魚遊春水
3382.1,71,37,True,True,《魚遊春水》,散曲,39,北詞,小石角隻曲,魚遊春水
3383.1,79,39,True,True,《魚遊春水》,散曲,39,北詞,小石角隻曲,魚遊春水
3384.1,86,34,True,True,《秋蓮曲》,月令承應,39,北詞,小石角隻曲,秋蓮曲
3384.2,69,32,True,True,《秋蓮曲》,月令承應,39,北詞,小石角隻曲,秋蓮曲
3385.1,66,31,True,True,《秋蓮曲》,元人百種,39,北詞,小石角隻曲,秋蓮曲
3386.1,93,39,True,True,《遍地錦》,毛滂詞,39,北詞,小石角隻曲,遍地錦
3386.2,171,65,True,True,《祭天神》,柳永詞,39,北詞,小石角隻曲,祭天神
3388.1,85,48,True,True,《紅錦袍（紅衲襖、紅綿袍）》,散曲,39,北詞,小石角隻曲,紅錦袍
3389.1,123,41,True,True,《一機錦》,雍熙樂府,39,北詞,小石角隻曲,一機錦
3389.2,119,42,True,True,《一機錦》,雍熙樂府,39,北詞,小石角隻曲,一機錦
3390.1,116,40,True,True,《一機錦》,雍熙樂府,39,北詞,小石角隻曲,一機錦
3391.1,116,37,True,True,《一機錦》,雍熙樂府,39,北詞,小石角隻曲,一機錦
3392.1,157,50,True,True,《歸來樂》,散曲,39,北詞,小石角隻曲,歸來樂
3393.1,131,45,True,True,《二段》,散曲,39,北詞,小石角隻曲,二段
3394.1,120,61,True,True,《三段》,散曲,39,北詞,小石角隻曲,三段
3395.1,140,67,True,True,《四段》,散曲,39,北詞,小石角隻曲,四段
3396.1,147,73,True,True,《五段》,散曲,39,北詞,小石角隻曲,五段
3397.1,87,28,True,True,《漁燈兒》,月令承應,39,北詞,小石角隻曲,漁燈兒
3398.1,86,26,True,True,《漁燈兒》,月令承應,39,北詞,小石角隻曲,漁燈兒
3398.2,70,28,True,True,《錦漁燈》,月令承應,39,北詞,小石角隻曲,錦漁燈
3399.1,105,34,True,True,《錦上花》,月令承應,39,北詞,小石角隻曲,錦上花
3400.1,110,45,True,True,《錦中拍》,月令承應,39,北詞,小石角隻曲,錦中拍
3401.1,101,40,True,True,《錦后拍》,月令承應,39,北詞,小石角隻曲,錦后拍
3401.2,200,93,True,True,《駡玉郎》,月令承應,39,北詞,小石角隻曲,駡玉郎
3403.1,104,50,True,True,《駡玉郎》,月令承應,39,北詞,小石角隻曲,駡玉郎
3405.1,223,83,True,True,《紫玉蕭》,晁補之詞,39,北詞,小石角隻曲,紫玉蕭
3406.1,72,31,True,True,《象牙牀》,月令承應,39,北詞,小石角隻曲,象牙牀
3407.1,73,32,True,True,《象牙牀》,月令承應,39,北詞,小石角隻曲,象牙牀
3407.2,74,32,True,True,《象牙牀》,月令承應,39,北詞,小石角隻曲,象牙牀
3408.1,74,30,True,True,《象牙牀》,月令承應,39,北詞,小石角隻曲,象牙牀
3409.1,50,21,True,True,《尾聲》,散曲,39,北詞,小石角隻曲,尾聲
3409.2,34,18,True,True,《尾聲》,散曲,39,北詞,小石角隻曲,尾聲
3409.3,36,4,True,False,《尾聲》,月令承應,39,北詞,小石角隻曲,尾聲
3415.1,56,7,True,False,《青杏兒》,九九大慶,40,北詞,小石角套曲,青杏兒
3415.2,74,34,True,True,《青杏兒》,九九大慶,40,北詞,小石角套曲,青杏兒
3416.1,72,34,True,True,《青杏兒》,九九大慶,40,北詞,小石角套曲,青杏兒
3417.1,128,54,True,True,《天上謠》,九九大慶,40,北詞,小石角套曲,天上謠
3418.1,126,52,True,True,《天上謠》,九九大慶,40,北詞,小石角套曲,天上謠
3419.1,138,58,True,True,《天上謠》,九九大慶,40,北詞,小石角套曲,天上謠
3420.1,51,5,True,False,《慶餘》,九九大慶,40,北詞,小石角套曲,慶餘
3421.1,89,32,True,True,《青玉案》,月令承應,40,北詞,小石角套曲,青玉案
3421.2,90,33,True,True,《青玉案》,月令承應,40,北詞,小石角套曲,青玉案
3422.1,82,35,True,True,《魚遊春水》,月令承應,40,北詞,小石角套曲,魚遊春水
3423.1,80,33,True,True,《魚遊春水》,月令承應,40,北詞,小石角套曲,魚遊春水
3423.2,68,32,True,True,《惱殺人》,月令承應,40,北詞,小石角套曲,惱殺人
3424.1,78,30,True,True,《惱殺人》,月令承應,40,北詞,小石角套曲,惱殺人
3424.2,145,65,True,True,《伊州遍》,月令承應,40,北詞,小石角套曲,伊州遍
3425.1,132,59,True,True,《伊州遍》,月令承應,40,北詞,小石角套曲,伊州遍
3426.1,46,24,True,True,《尾聲》,月令承應,40,北詞,小石角套曲,尾聲
3429.1,62,28,True,True,《青杏兒》,雍熙樂府,40,北詞,小石角套曲,青杏兒
3429.2,48,22,True,True,《歸塞北》,雍熙樂府,40,北詞,小石角套曲,歸塞北
3430.1,59,28,True,True,《卜金錢》,雍熙樂府,40,北詞,小石角套曲,卜金錢
3430.2,52,24,True,True,《怨別離》,雍熙樂府,40,北詞,小石角套曲,怨別離
3431.1,52,26,True,True,《擂鼓體》,雍熙樂府,40,北詞,小石角套曲,擂鼓體
3431.2,75,37,True,True,《催拍帶煞》,雍熙樂府,40,北詞,小石角套曲,催拍帶煞
3433.1,72,31,True,True,《青杏兒》,天寶遺事,40,北詞,小石角套曲,青杏兒
3433.2,50,22,True,True,《歸塞北》,天寶遺事,40,北詞,小石角套曲,歸塞北
3434.1,54,25,True,True,《歸塞北》,天寶遺事,40,北詞,小石角套曲,歸塞北
3434.2,64,26,True,True,《好觀音》,天寶遺事,40,北詞,小石角套曲,好觀音
3435.1,67,28,True,True,《好觀音》,天寶遺事,40,北詞,小石角套曲,好觀音
3435.2,47,20,True,True,《尾聲》,天寶遺事,40,北詞,小石角套曲,尾聲
3437.1,71,35,True,True,《青杏兒》,天寶遺事,40,北詞,小石角套曲,青杏兒
3437.2,45,25,True,True,《歸塞北》,天寶遺事,40,北詞,小石角套曲,歸塞北
3438.1,55,27,True,True,《歸塞北》,天寶遺事,40,北詞,小石角套曲,歸塞北
3438.2,70,32,True,True,《好觀音》,天寶遺事,40,北詞,小石角套曲,好觀音
3439.1,46,21,True,True,《尾聲》,天寶遺事,40,北詞,小石角套曲,尾聲
3443.1,67,8,True,False,《北秋蓮曲》,月令承應,41,合套,小石角合套,北秋蓮曲
3443.2,142,79,True,True,《南淮妙體》,月令承應,41,合套,小石角合套,南淮妙體
3444.1,79,32,True,True,《北青玉案》,月令承應,41,合套,小石角合套,北青玉案
3445.1,104,48,True,True,《南燕穿簾》,月令承應,41,合套,小石角合套,南燕穿簾
3445.2,53,22,True,True,《北隨煞》,月令承應,41,合套,小石角合套,北隨煞
3447.1,103,41,True,True,《北花心動》,月令承應,41,合套,小石角合套,北花心動
3447.2,143,60,True,True,《南漁燈兒》,月令承應,41,合套,小石角合套,南漁燈兒
3448.1,107,38,True,True,《北遍地錦》,月令承應,41,合套,小石角合套,北遍地錦
3449.1,69,29,True,True,《南錦魚燈》,月令承應,41,合套,小石角合套,南錦魚燈
3449.2,202,79,True,True,《北紫玉簫》,月令承應,41,合套,小石角合套,北紫玉簫
3451.1,124,40,True,True,《南錦上花》,月令承應,41,合套,小石角合套,南錦上花
3451.2,157,60,True,True,《北祭天神》,月令承應,41,合套,小石角合套,北祭天神
3453.1,93,34,True,True,《南流拍》,月令承應,41,合套,小石角合套,南流拍
3453.2,40,4,True,False,《北尾聲》,月令承應,41,合套,小石角合套,北尾聲
3459.1,39,4,True,False,《一落索（洛陽春、一絡索）》,月令承應,42,南詞,高大石調引,一落索
3460.1,43,5,True,False,《一落索（洛陽春、一絡索）》,紫釵記,42,南詞,高大石調引,一落索
3460.2,89,10,True,False,《念奴嬌（太平歡、無俗念）》,琵琶記,42,南詞,高大石調引,念奴嬌
3461.1,80,9,True,False,《念奴嬌（太平歡、無俗念）》,明珠記,42,南詞,高大石調引,念奴嬌
3462.1,30,5,True,False,《宴陳平》,懷香記,42,南詞,高大石調引,宴陳平
3462.2,35,5,True,False,《宴陳平》,玉環記,42,南詞,高大石調引,宴陳平
3463.1,79,8,True,False,《水仙子（凌波仙子）》,倪瓚詞,42,南詞,高大石調引,水仙子
3464.1,39,5,True,False,《水仙子（凌波仙子）》,玉環記,42,南詞,高大石調引,水仙子
3464.2,69,8,True,False,《梅花引》,琵琶記,42,南詞,高大石調引,梅花引
3465.1,90,11,True,False,《梅花引》,程垓詞,42,南詞,高大石調引,梅花引
3466.1,97,11,True,False,《破鶯陣》,蝴蝶夢,42,南詞,高大石調引,破鶯陣
3467.1,44,6,True,False,《半陣樂》,神鏡記,42,南詞,高大石調引,半陣樂
3467.2,57,5,True,False,《梁武懺》,史洪肇傳,42,南詞,高大石調引,梁武懺
3468.1,48,6,True,False,《甲馬引》,寶劍記,42,南詞,高大石調引,甲馬引
3468.2,35,6,True,False,《眼兒媚（東風寒、秋波媚）》,明珠記,42,南詞,高大石調引,眼兒媚
3469.1,27,3,True,False,《瑤臺月（瑤池月）》,八義記,42,南詞,高大石調引,瑤臺月
3469.2,51,5,True,False,《河西七娘子》,四喜記,42,南詞,高大石調引,河西七娘子
3470.1,42,5,True,False,《金絡索》,八義記,42,南詞,高大石調引,金絡索
3470.2,44,5,True,False,《太常引》,玉簪記,42,南詞,高大石調引,太常引
3470.3,42,5,True,False,《太常引》,四賢記,42,南詞,高大石調引,太常引
3471.1,76,9,True,False,《畫堂春》,紅拂記,42,南詞,高大石調引,畫堂春
3472.1,90,9,True,False,《憶悶令》,晏幾道詞,42,南詞,高大石調引,憶悶令
3472.2,89,11,True,False,《珠簾捲》,歐陽修詞,42,南詞,高大石調引,珠簾捲
3473.1,72,10,True,False,《中興樂（濕羅衣）》,牛希濟詞,42,南詞,高大石調引,中興樂
3489.1,185,90,True,True,《湘浦雲》,月令承應,43,南詞,高大石調正曲,湘浦雲
3490.1,200,107,True,True,《湘浦雲》,月令承應,43,南詞,高大石調正曲,湘浦雲
3491.1,166,88,True,True,《湘浦雲》,錦香囊,43,南詞,高大石調正曲,湘浦雲
3491.2,126,53,True,True,《湘浦雲》,錦香囊,43,南詞,高大石調正曲,湘浦雲
3492.1,130,50,True,True,《戀繡衾（淚珠彈、戀香衾）》,月令承應,43,南詞,高大石調正曲,戀繡衾
3493.1,125,50,True,True,《戀繡衾（淚珠彈、戀香衾）》,月令承應,43,南詞,高大石調正曲,戀繡衾
3494.1,174,94,True,True,《戀繡衾（淚珠彈、戀香衾）》,散曲,43,南詞,高大石調正曲,戀繡衾
3495.1,133,51,True,True,《戀繡衾（淚珠彈、戀香衾）》,散曲,43,南詞,高大石調正曲,戀繡衾
3495.2,198,102,True,True,《滿庭芳》,月令承應,43,南詞,高大石調正曲,滿庭芳
3496.1,129,54,True,True,《滿庭芳》,散曲,43,南詞,高大石調正曲,滿庭芳
3497.1,170,93,True,True,《玉濠寨》,月令承應,43,南詞,高大石調正曲,玉濠寨
3498.1,118,47,True,True,《玉濠寨》,遇仙記,43,南詞,高大石調正曲,玉濠寨
3499.1,150,59,True,True,《梁州令近》,月令承應,43,南詞,高大石調正曲,梁州令近
3500.1,136,72,True,True,《梁州令近》,遇仙記,43,南詞,高大石調正曲,梁州令近
3501.1,441,186,True,True,《武陵花（武林花、武陵春）》,長生殿,43,南詞,高大石調正曲,武陵花
3502.1,311,98,True,True,《武陵花（武林花、武陵春）》,長生殿,43,南詞,高大石調正曲,武陵花
3504.1,348,183,True,True,《武陵花（武林花、武陵春）》,金印記,43,南詞,高大石調正曲,武陵花
3505.1,246,97,True,True,《武陵花（武林花、武陵春）》,金印記,43,南詞,高大石調正曲,武陵花
3507.1,288,140,True,True,《春草碧》,万俟咏詞,43,南詞,高大石調正曲,春草碧
3508.1,53,25,True,True,《款乃曲》,元結詞,43,南詞,高大石調正曲,款乃曲
3509.1,322,174,True,True,《御帶花》,歐陽修詞,43,南詞,高大石調正曲,御帶花
3510.1,219,87,True,True,《垂楊》,陳永平詞,43,南詞,高大石調正曲,垂楊
3511.1,337,182,True,True,《滿朝歌》,柳永詞,43,南詞,高大石調正曲,滿朝歌
3512.1,324,186,True,True,《秋色橫空》,白樸詞,43,南詞,高大石調正曲,秋色橫空
3514.1,189,105,True,True,《秋蕊香引》,柳永詞,43,南詞,高大石調正曲,秋蕊香引
3515.1,160,81,True,True,《山麻客》,月令承應,43,南詞,高大石調正曲,山麻客
3515.2,160,83,True,True,《山麻客》,盜紅綃,43,南詞,高大石調正曲,山麻客
3516.1,111,47,True,True,《山麻客》,盜紅綃,43,南詞,高大石調正曲,山麻客
3517.1,105,47,True,True,《山麻客》,盜紅綃,43,南詞,高大石調正曲,山麻客
3518.1,58,30,True,True,《賣花聲》,散曲,43,南詞,高大石調正曲,賣花聲
3518.2,64,30,True,True,《賣花聲》,散曲,43,南詞,高大石調正曲,賣花聲
3519.1,89,38,True,True,《歸仙洞》,月令承應,43,南詞,高大石調正曲,歸仙洞
3520.1,81,38,True,True,《歸仙洞》,散曲,43,南詞,高大石調正曲,歸仙洞
3520.2,220,118,True,True,《念奴嬌序》,鞏皇圖,43,南詞,高大石調正曲,念奴嬌序
3521.1,221,118,True,True,《念奴嬌序》,琵琶記,43,南詞,高大石調正曲,念奴嬌序
3522.1,234,126,True,True,《念奴嬌序》,琵琶記,43,南詞,高大石調正曲,念奴嬌序
3523.1,162,53,True,True,《念奴嬌序》,琵琶記,43,南詞,高大石調正曲,念奴嬌序
3524.1,143,50,True,True,《念奴嬌序》,琵琶記,43,南詞,高大石調正曲,念奴嬌序
3525.1,195,106,True,True,《倒上橋》,散曲,43,南詞,高大石調正曲,倒上橋
3526.1,127,60,True,True,《倒上橋》,散曲,43,南詞,高大石調正曲,倒上橋
3527.1,129,60,True,True,《桃花紅》,九九大慶,43,南詞,高大石調正曲,桃花紅
3527.2,86,33,True,True,《桃花紅》,還魂記,43,南詞,高大石調正曲,桃花紅
3528.1,127,55,True,True,《兩頭蠻》,月令承應,43,南詞,高大石調正曲,兩頭蠻
3529.1,120,55,True,True,《兩頭蠻》,散曲,43,南詞,高大石調正曲,兩頭蠻
3530.1,115,55,True,True,《兩頭蠻》,七國記,43,南詞,高大石調正曲,兩頭蠻
3531.1,121,55,True,True,《兩頭蠻》,詞林摘艷,43,南詞,高大石調正曲,兩頭蠻
3532.1,60,31,True,True,《畫眉兒》,散曲,43,南詞,高大石調正曲,畫眉兒
3533.1,106,45,True,True,《素兒》,散曲,43,南詞,高大石調正曲,素兒
3533.2,67,28,True,True,《小蓮歌》,散曲,43,南詞,高大石調正曲,小蓮歌
3534.1,66,28,True,True,《小蓮歌》,散曲,43,南詞,高大石調正曲,小蓮歌
3535.1,57,25,True,True,《野薔薇》,臥冰記,43,南詞,高大石調正曲,野薔薇
3535.2,55,28,True,True,《雙勸酒》,殺狗記,43,南詞,高大石調正曲,雙勸酒
3536.1,56,27,True,True,《閱金令》,四喜記,43,南詞,高大石調正曲,閱金令
3538.1,42,20,True,True,《哭岐婆》,琵琶記,43,南詞,高大石調正曲,哭岐婆
3538.2,41,20,True,True,《哭岐婆》,金蓮記,43,南詞,高大石調正曲,哭岐婆
3539.1,34,16,True,True,《打毬塲》,琵琶記,43,南詞,高大石調正曲,打毬塲
3539.2,30,16,True,True,《打毬塲》,八義記,43,南詞,高大石調正曲,打毬塲
3540.1,71,34,True,True,《望粧臺》,白兔記,43,南詞,高大石調正曲,望粧臺
3541.1,46,31,True,True,《採茶歌》,綵樓記,43,南詞,高大石調正曲,採茶歌
3541.2,122,54,True,True,《兩頭南》,散曲,43,南詞,高大石調正曲,兩頭南
3542.1,132,61,True,True,《吳織錦》,月令承應,43,南詞,高大石調正曲,吳織錦
3543.1,118,62,True,True,《吳織錦》,八義記,43,南詞,高大石調正曲,吳織錦
3544.1,74,29,True,True,《野薔薇》,月令承應,43,南詞,高大石調正曲,野薔薇
3545.1,46,28,True,True,《閱金令》,四喜記,43,南詞,高大石調正曲,閱金令
3547.1,120,62,True,True,《雲華怨》,四喜記,43,南詞,高大石調正曲,雲華怨
3548.1,94,36,True,True,《川鮑老》,尋親記,43,南詞,高大石調正曲,川鮑老
3549.1,87,39,True,True,《川鮑老》,尋親記,43,南詞,高大石調正曲,川鮑老
3549.2,152,87,True,True,《醋葫蘆》,月令承應,43,南詞,高大石調正曲,醋葫蘆
3550.1,85,44,True,True,《醋葫蘆》,散曲,43,南詞,高大石調正曲,醋葫蘆
3551.1,66,32,True,True,《耍孩兒》,散曲,43,南詞,高大石調正曲,耍孩兒
3551.2,263,144,True,True,《荼蘼香傍拍》,翫江樓,43,南詞,高大石調正曲,荼蘼香傍拍
3553.1,309,174,True,True,《抝荼蘼（白荼蘼）》,散曲,43,南詞,高大石調正曲,抝荼蘼
3554.1,144,70,True,True,《更漏子》,賀鑄詞,43,南詞,高大石調正曲,更漏子
3555.1,120,44,True,True,《更漏子》,歐陽烟詞,43,南詞,高大石調正曲,更漏子
3555.2,300,172,True,True,《玉女迎春慢》,彭元遜詞,43,南詞,高大石調正曲,玉女迎春慢
3557.1,296,166,True,True,《滿宮春（漢宮春慢）》,晁冲之詞,43,南詞,高大石調正曲,滿宮春
3558.1,306,177,True,True,《三部樂》,蘇軾詞,43,南詞,高大石調正曲,三部樂
3559.1,600,289,True,True,《渡江雲（三犯渡江雲）》,散曲,43,南詞,高大石調正曲,渡江雲
3562.1,132,22,True,False,《魚兒賺》,月令承應,43,南詞,高大石調正曲,魚兒賺
3563.1,129,23,True,False,《魚兒賺》,紫霞觴,43,南詞,高大石調正曲,魚兒賺
3564.1,104,24,True,True,《孩兒賺》,雙紅記,43,南詞,高大石調正曲,孩兒賺
3565.1,130,24,True,True,《本宮賺》,永團圓,43,南詞,高大石調正曲,本宮賺
3566.1,47,24,True,True,《慶餘》,月令承應,43,南詞,高大石調正曲,慶餘
3566.2,57,30,True,True,《慶餘》,金印記,43,南詞,高大石調正曲,慶餘
3566.3,40,23,True,True,《墜飛塵煞》,玉合記,43,南詞,高大石調正曲,墜飛塵煞
3567.1,58,31,True,True,《墜飛塵煞》,美人香,43,南詞,高大石調正曲,墜飛塵煞
3573.1,133,53,True,True,《蠻兒舞雲旗》,月令承應,44,南詞,高大石調集曲,蠻兒舞雲旗
3574.1,181,105,True,True,《蠻兒舞雲旗》,太平圖,44,南詞,高大石調集曲,蠻兒舞雲旗
3575.1,156,81,True,True,《念奴歌》,法宮雅奏,44,南詞,高大石調集曲,念奴歌
3576.1,116,72,True,True,《戀粧臺》,法宮雅奏,44,南詞,高大石調集曲,戀粧臺
3576.2,76,32,True,True,《滿庭花》,法宮雅奏,44,南詞,高大石調集曲,滿庭花
3577.1,118,44,True,True,《玉山洞》,法宮雅奏,44,南詞,高大石調集曲,玉山洞
3578.1,159,90,True,True,《湘州客》,法宮雅奏,44,南詞,高大石調集曲,湘州客
3579.1,122,72,True,True,《梁州錦》,法宮雅奏,44,南詞,高大石調集曲,梁州錦
3579.2,66,32,True,True,《山畫眉》,法宮雅奏,44,南詞,高大石調集曲,山畫眉
3580.1,102,44,True,True,《荼蘼花》,法宮雅奏,44,南詞,高大石調集曲,荼蘼花
3581.1,148,84,True,True,《武陵四序》,太平圖,44,南詞,高大石調集曲,武陵四序
3582.1,70,35,True,True,《雙鼓兒》,拜月亭,44,南詞,高大石調集曲,雙鼓兒
3582.2,92,42,True,True,《雙節高》,如是觀,44,南詞,高大石調集曲,雙節高
3583.1,65,29,True,True,《閱金蓮》,散曲,44,南詞,高大石調集曲,閱金蓮
3584.1,106,43,True,True,《雲華滿江紅》,散曲,44,南詞,高大石調集曲,雲華滿江紅
3585.1,344,170,True,True,《八音諧》,曹勛詞,44,南詞,高大石調集曲,八音諧
3595.1,100,11,True,False,《念奴嬌（百字令、酹江月、古梅曲）》,月令承應,45,北詞,高大石角隻曲,念奴嬌
3596.1,81,11,True,False,《念奴嬌（百字令、酹江月、古梅曲）》,雍熙樂府,45,北詞,高大石角隻曲,念奴嬌
3596.2,85,12,True,False,《念奴嬌（百字令、酹江月、古梅曲）》,雍熙樂府,45,北詞,高大石角隻曲,念奴嬌
3597.1,73,11,True,False,《念奴嬌（百字令、酹江月、古梅曲）》,雍熙樂府,45,北詞,高大石角隻曲,念奴嬌
3598.1,95,36,True,True,《念奴嬌（百字令、酹江月、古梅曲）》,散曲,45,北詞,高大石角隻曲,念奴嬌
3598.2,94,35,True,True,《念奴嬌（百字令、酹江月、古梅曲）》,散曲,45,北詞,高大石角隻曲,念奴嬌
3599.1,80,12,True,False,《念奴嬌（百字令、酹江月、古梅曲）》,蘇軾詞,45,北詞,高大石角隻曲,念奴嬌
3600.1,76,12,True,False,《念奴嬌（百字令、酹江月、古梅曲）》,蘇軾詞,45,北詞,高大石角隻曲,念奴嬌
3601.1,97,34,True,True,《吳音子》,月令承應,45,北詞,高大石角隻曲,吳音子
3602.1,90,36,True,True,《吳音子》,董西廂,45,北詞,高大石角隻曲,吳音子
3602.2,85,34,True,True,《吳音子》,董西廂,45,北詞,高大石角隻曲,吳音子
3603.1,54,8,True,False,《吳音子》,董西廂,45,北詞,高大石角隻曲,吳音子
3604.1,57,10,True,False,《吳音子》,董西廂,45,北詞,高大石角隻曲,吳音子
3604.2,132,52,True,True,《兩同心》,月令承應,45,北詞,高大石角隻曲,兩同心
3605.1,112,38,True,True,《鴈過南樓》,太平圖,45,北詞,高大石角隻曲,鴈過南樓
3606.1,113,42,True,True,《鴈過南樓》,月令承應,45,北詞,高大石角隻曲,鴈過南樓
3607.1,61,25,True,True,《喜秋風》,散曲,45,北詞,高大石角隻曲,喜秋風
3608.1,55,27,True,True,《喜秋風》,雍熙樂府,45,北詞,高大石角隻曲,喜秋風
3608.2,97,34,True,True,《梅梢月》,董西廂,45,北詞,高大石角隻曲,梅梢月
3609.1,96,40,True,True,《梅梢月》,董西廂,45,北詞,高大石角隻曲,梅梢月
3610.1,105,10,True,False,《漁家傲》,周紫芝詞,45,北詞,高大石角隻曲,漁家傲
3611.1,50,24,True,True,《陽關曲》,王維詞,45,北詞,高大石角隻曲,陽關曲
3611.2,245,108,True,True,《陽關三疊》,散曲,45,北詞,高大石角隻曲,陽關三疊
3613.1,230,100,True,True,《陽關三疊》,散曲,45,北詞,高大石角隻曲,陽關三疊
3614.1,67,32,True,True,《洞仙歌》,月令承應,45,北詞,高大石角隻曲,洞仙歌
3615.1,68,30,True,True,《洞仙歌》,董西廂,45,北詞,高大石角隻曲,洞仙歌
3616.1,95,42,True,True,《洞仙歌》,董西廂,45,北詞,高大石角隻曲,洞仙歌
3616.2,68,30,True,True,《洞仙歌》,董西廂,45,北詞,高大石角隻曲,洞仙歌
3617.1,102,42,True,True,《洞仙歌》,董西廂,45,北詞,高大石角隻曲,洞仙歌
3618.1,227,95,True,True,《秋霽》,太平圖,45,北詞,高大石角隻曲,秋霽
3619.1,99,38,True,True,《燈月交輝》,太平圖,45,北詞,高大石角隻曲,燈月交輝
3620.1,74,29,True,True,《喜梧桐》,太平圖,45,北詞,高大石角隻曲,喜梧桐
3621.1,64,26,True,True,《初生月兒》,雍熙樂府,45,北詞,高大石角隻曲,初生月兒
3622.1,64,30,True,True,《初生月兒》,雍熙樂府,45,北詞,高大石角隻曲,初生月兒
3622.2,60,30,True,True,《初生月兒》,雍熙樂府,45,北詞,高大石角隻曲,初生月兒
3623.1,72,29,True,True,《初生月兒》,雍熙樂府,45,北詞,高大石角隻曲,初生月兒
3623.2,76,30,True,True,《初生月兒》,雍熙樂府,45,北詞,高大石角隻曲,初生月兒
3624.1,73,42,True,True,《蒙童兒》,太平圖,45,北詞,高大石角隻曲,蒙童兒
3625.1,121,41,True,True,《鴈過聲》,月令承應,45,北詞,高大石角隻曲,鴈過聲
3626.1,124,42,True,True,《鴈過聲》,月令承應,45,北詞,高大石角隻曲,鴈過聲
3627.1,118,52,True,True,《風淘沙》,月令承應,45,北詞,高大石角隻曲,風淘沙
3627.2,62,27,True,True,《風淘沙》,月令承應,45,北詞,高大石角隻曲,風淘沙
3628.1,123,48,True,True,《風淘沙》,月令承應,45,北詞,高大石角隻曲,風淘沙
3629.1,65,26,True,True,《一撮棹》,月令承應,45,北詞,高大石角隻曲,一撮棹
3629.2,105,63,True,True,《一撮棹》,月令承應,45,北詞,高大石角隻曲,一撮棹
3630.1,90,43,True,True,《番馬舞西風》,勸善金科,45,北詞,高大石角隻曲,番馬舞西風
3631.1,118,52,True,True,《番馬舞西風》,月令承應,45,北詞,高大石角隻曲,番馬舞西風
3632.1,83,42,True,True,《普天樂》,月令承應,45,北詞,高大石角隻曲,普天樂
3633.1,113,50,True,True,《錦庭芳》,月令承應,45,北詞,高大石角隻曲,錦庭芳
3634.1,132,52,True,True,《錦庭芳》,月令承應,45,北詞,高大石角隻曲,錦庭芳
3635.1,57,7,True,False,《鴈過南樓煞》,散曲,45,北詞,高大石角隻曲,鴈過南樓煞
3636.1,32,4,True,False,《尾聲》,月令承應,45,北詞,高大石角隻曲,尾聲
3636.2,46,23,True,True,《尾聲》,月令承應,45,北詞,高大石角隻曲,尾聲
3636.3,37,23,True,True,《尾聲》,雍熙樂府,45,北詞,高大石角隻曲,尾聲
3643.1,105,41,True,True,《念奴嬌》,月令承應,46,北詞,高大石角套曲,念奴嬌
3644.1,94,44,True,True,《燈月交輝》,月令承應,46,北詞,高大石角套曲,燈月交輝
3644.2,87,39,True,True,《喜梧桐》,月令承應,46,北詞,高大石角套曲,喜梧桐
3645.1,68,29,True,True,《卜金錢》,月令承應,46,北詞,高大石角套曲,卜金錢
3646.1,64,25,True,True,《喜秋風》,月令承應,46,北詞,高大石角套曲,喜秋風
3646.2,64,24,True,True,《喜秋風》,月令承應,46,北詞,高大石角套曲,喜秋風
3647.1,93,45,True,True,《鴈過南樓》,月令承應,46,北詞,高大石角套曲,鴈過南樓
3648.1,47,4,True,False,《尾聲》,月令承應,46,北詞,高大石角套曲,尾聲
3649.1,116,54,True,True,《念奴嬌》,九九大慶,46,北詞,高大石角套曲,念奴嬌
3649.2,131,57,True,True,《六國朝》,九九大慶,46,北詞,高大石角套曲,六國朝
3650.1,56,25,True,True,《卜金錢》,九九大慶,46,北詞,高大石角套曲,卜金錢
3651.1,51,24,True,True,《卜金錢》,九九大慶,46,北詞,高大石角套曲,卜金錢
3652.1,69,26,True,True,《喜秋風》,九九大慶,46,北詞,高大石角套曲,喜秋風
3652.2,58,27,True,True,《喜秋風》,九九大慶,46,北詞,高大石角套曲,喜秋風
3653.1,50,25,True,True,《歸塞北》,九九大慶,46,北詞,高大石角套曲,歸塞北
3653.2,47,22,True,True,《歸塞北》,九九大慶,46,北詞,高大石角套曲,歸塞北
3654.1,86,32,True,True,《鴈過南樓》,九九大慶,46,北詞,高大石角套曲,鴈過南樓
3655.1,41,22,True,True,《尾聲》,九九大慶,46,北詞,高大石角套曲,尾聲
3657.1,95,10,True,False,《念奴嬌》,元人百種,46,北詞,高大石角套曲,念奴嬌
3657.2,172,55,True,True,《六國朝》,元人百種,46,北詞,高大石角套曲,六國朝
3658.1,88,32,True,True,《卜金錢》,元人百種,46,北詞,高大石角套曲,卜金錢
3659.1,77,30,True,True,《歸塞北》,元人百種,46,北詞,高大石角套曲,歸塞北
3660.1,121,47,True,True,《鴈過南樓》,元人百種,46,北詞,高大石角套曲,鴈過南樓
3661.1,160,62,True,True,《六國朝》,元人百種,46,北詞,高大石角套曲,六國朝
3662.1,77,31,True,True,《喜秋風》,元人百種,46,北詞,高大石角套曲,喜秋風
3663.1,66,29,True,True,《歸塞北》,元人百種,46,北詞,高大石角套曲,歸塞北
3663.2,94,33,True,True,《怨別離》,元人百種,46,北詞,高大石角套曲,怨別離
3664.1,67,31,True,True,《歸塞北》,元人百種,46,北詞,高大石角套曲,歸塞北
3665.1,134,57,True,True,《淨瓶兒》,元人百種,46,北詞,高大石角套曲,淨瓶兒
3666.1,75,35,True,True,《好觀音》,元人百種,46,北詞,高大石角套曲,好觀音
3666.2,140,10,True,False,《隨煞尾》,元人百種,46,北詞,高大石角套曲,隨煞尾
3669.1,85,31,True,True,《吳音子》,月令承應,46,北詞,高大石角套曲,吳音子
3669.2,88,34,True,True,《吳音子》,月令承應,46,北詞,高大石角套曲,吳音子
3670.1,122,51,True,True,《兩同心》,月令承應,46,北詞,高大石角套曲,兩同心
3671.1,98,38,True,True,《梅梢月》,月令承應,46,北詞,高大石角套曲,梅梢月
3672.1,96,38,True,True,《梅梢月》,月令承應,46,北詞,高大石角套曲,梅梢月
3673.1,73,32,True,True,《洞仙歌》,月令承應,46,北詞,高大石角套曲,洞仙歌
3673.2,97,38,True,True,《洞仙歌》,月令承應,46,北詞,高大石角套曲,洞仙歌
3674.1,43,22,True,True,《尾聲》,月令承應,46,北詞,高大石角套曲,尾聲
3675.1,61,24,True,True,《初生月兒》,九九大慶,46,北詞,高大石角套曲,初生月兒
3675.2,120,54,True,True,《念奴嬌》,九九大慶,46,北詞,高大石角套曲,念奴嬌
3676.1,127,48,True,True,《番馬舞西風》,九九大慶,46,北詞,高大石角套曲,番馬舞西風
3677.1,124,45,True,True,《番馬舞西風》,九九大慶,46,北詞,高大石角套曲,番馬舞西風
3678.1,133,49,True,True,《普天樂》,九九大慶,46,北詞,高大石角套曲,普天樂
3679.1,132,49,True,True,《錦庭芳》,九九大慶,46,北詞,高大石角套曲,錦庭芳
3680.1,52,23,True,True,《煞尾》,九九大慶,46,北詞,高大石角套曲,煞尾
3681.1,777,345,True,True,《三十腔》,雍熙樂府,46,北詞,高大石角套曲,三十腔
3689.1,94,12,True,False,《北念奴嬌》,月令承應,47,合套,高大石角合套,北念奴嬌
3690.1,197,101,True,True,《南滿庭芳》,月令承應,47,合套,高大石角合套,南滿庭芳
3690.2,85,43,True,True,《北燈月交輝》,月令承應,47,合套,高大石角合套,北燈月交輝
3691.1,124,47,True,True,《南湘浦雲》,月令承應,47,合套,高大石角合套,南湘浦雲
3692.1,108,39,True,True,《北鴈過南樓》,月令承應,47,合套,高大石角合套,北鴈過南樓
3693.1,71,27,True,True,《南野薔薇》,月令承應,47,合套,高大石角合套,南野薔薇
3693.2,44,5,True,False,《北尾聲》,月令承應,47,合套,高大石角合套,北尾聲
3695.1,85,10,True,False,《北念奴嬌》,廣寒法曲,47,合套,高大石角合套,北念奴嬌
3695.2,176,92,True,True,《南湘浦雲》,廣寒法曲,47,合套,高大石角合套,南湘浦雲
3696.1,218,100,True,True,《北陽關三疊》,廣寒法曲,47,合套,高大石角合套,北陽關三疊
3697.1,136,52,True,True,《南戀繡衾》,廣寒法曲,47,合套,高大石角合套,南戀繡衾
3698.1,60,29,True,True,《北初生月兒》,廣寒法曲,47,合套,高大石角合套,北初生月兒
3699.1,145,52,True,True,《南滿庭芳》,廣寒法曲,47,合套,高大石角合套,南滿庭芳
3700.1,67,25,True,True,《北喜秋風》,廣寒法曲,47,合套,高大石角合套,北喜秋風
3700.2,61,28,True,True,《南閱金蓮》,廣寒法曲,47,合套,高大石角合套,南閱金蓮
3701.1,88,36,True,True,《北喜梧桐》,廣寒法曲,47,合套,高大石角合套,北喜梧桐
3701.2,103,46,True,True,《南雲華滿江紅》,廣寒法曲,47,合套,高大石角合套,南雲華滿江紅
3702.1,56,20,True,True,《北玉翼蟬》,廣寒法曲,47,合套,高大石角合套,北玉翼蟬
3703.1,96,42,True,True,《南武陵四序》,廣寒法曲,47,合套,高大石角合套,南武陵四序
3704.1,158,69,True,True,《北煞尾》,廣寒法曲,47,合套,高大石角合套,北煞尾
3715.1,44,6,True,False,《臨江仙》,法宮雅奏,48,南詞,南呂宮引,臨江仙
3716.1,51,5,True,False,《臨江仙》,荊釵記,48,南詞,南呂宮引,臨江仙
3716.2,46,6,True,False,《臨江仙》,香囊記,48,南詞,南呂宮引,臨江仙
3717.1,43,5,True,False,《大勝樂（大聖樂）》,勸善金科,48,南詞,南呂宮引,大勝樂
3718.1,37,5,True,False,《生查子（楚雲深）》,勸善金科,48,南詞,南呂宮引,生查子
3718.2,72,9,True,False,《生查子（楚雲深）》,牛希濟詞,48,南詞,南呂宮引,生查子
3719.1,48,6,True,False,《掛眞兒（藍橋仙）》,勸善金科,48,南詞,南呂宮引,掛眞兒
3719.2,88,10,True,False,《一枝花》,琵琶記,48,南詞,南呂宮引,一枝花
3720.1,74,10,True,False,《一枝花》,綵樓記,48,南詞,南呂宮引,一枝花
3721.1,90,9,True,False,《滿江紅》,琵琶記,48,南詞,南呂宮引,滿江紅
3722.1,85,12,True,False,《戀芳春》,荊釵記,48,南詞,南呂宮引,戀芳春
3722.2,78,10,True,False,《戀芳春》,拜月亭,48,南詞,南呂宮引,戀芳春
3723.1,49,6,True,False,《上林春》,四喜記,48,南詞,南呂宮引,上林春
3724.1,66,9,True,False,《三登樂》,拜月亭,48,南詞,南呂宮引,三登樂
3724.2,57,4,True,False,《虞美人》,琵琶記,48,南詞,南呂宮引,虞美人
3725.1,54,6,True,False,《虞美人》,長生殿,48,南詞,南呂宮引,虞美人
3725.2,48,7,True,False,《一剪梅（臘梅香）》,琵琶記,48,南詞,南呂宮引,一剪梅
3726.1,95,13,True,False,《一剪梅（臘梅香）》,蔣捷詞,48,南詞,南呂宮引,一剪梅
3727.1,81,9,True,False,《薄倖》,琵琶記,48,南詞,南呂宮引,薄倖
3728.1,75,10,True,False,《薄倖》,紫釵記,48,南詞,南呂宮引,薄倖
3728.2,65,5,True,False,《哭相思（酷相思）》,勸善金科,48,南詞,南呂宮引,哭相思
3729.1,50,6,True,False,《哭相思（酷相思）》,荊釵記,48,南詞,南呂宮引,哭相思
3729.2,43,5,True,False,《哭相思（酷相思）》,三元記,48,南詞,南呂宮引,哭相思
3730.1,45,4,True,False,《哭相思（酷相思）》,西廂記,48,南詞,南呂宮引,哭相思
3731.1,58,7,True,False,《轉山子》,江流記,48,南詞,南呂宮引,轉山子
3731.2,57,6,True,False,《轉山子》,綵樓記,48,南詞,南呂宮引,轉山子
3732.1,78,9,True,False,《意難忘》,琵琶記,48,南詞,南呂宮引,意難忘
3732.2,153,14,True,False,《稱人心》,琵琶記,48,南詞,南呂宮引,稱人心
3734.1,47,5,True,False,《滿園春（鋪地錦）》,王煥傳奇,48,南詞,南呂宮引,滿園春
3734.2,45,6,True,False,《滿園春（鋪地錦）》,玉玦記,48,南詞,南呂宮引,滿園春
3735.1,41,5,True,False,《小女冠子》,江流記,48,南詞,南呂宮引,小女冠子
3735.2,47,5,True,False,《小女冠子》,長生殿,48,南詞,南呂宮引,小女冠子
3736.1,90,10,True,False,《金蓮子》,梅嶺記,48,南詞,南呂宮引,金蓮子
3737.1,49,6,True,False,《步蟾宮（折丹桂）》,荊釵記,48,南詞,南呂宮引,步蟾宮
3737.2,44,5,True,False,《步蟾宮（折丹桂）》,明珠記,48,南詞,南呂宮引,步蟾宮
3738.1,77,10,True,False,《阮郎歸》,李煜詞,48,南詞,南呂宮引,阮郎歸
3738.2,49,4,True,False,《阮郎歸》,紫釵記,48,南詞,南呂宮引,阮郎歸
3739.1,42,6,True,False,《阮郎歸》,灌園記,48,南詞,南呂宮引,阮郎歸
3740.1,98,11,True,False,《賀新郎（賀新凉、金縷詞）》,金印記,48,南詞,南呂宮引,賀新郎
3740.2,38,4,True,False,《浣沙溪（浣溪沙）》,寶劍記,48,南詞,南呂宮引,浣沙溪
3741.1,33,5,True,False,《石竹花（石竹子）》,玉環記,48,南詞,南呂宮引,石竹花
3741.2,95,12,True,False,《折腰一枝花》,法宮雅奏,48,南詞,南呂宮引,折腰一枝花
3742.1,43,6,True,False,《臨江梅》,荊釵記,48,南詞,南呂宮引,臨江梅
3743.1,53,6,True,False,《女臨江》,荊釵記,48,南詞,南呂宮引,女臨江
3761.1,177,94,True,True,《春色滿皇州》,月令承應,49,南詞,南呂宮正曲,春色滿皇州
3762.1,187,102,True,True,《春色滿皇州》,法宮雅奏,49,南詞,南呂宮正曲,春色滿皇州
3762.2,194,108,True,True,《春色滿皇州》,月令承應,49,南詞,南呂宮正曲,春色滿皇州
3763.1,143,54,True,True,《春色滿皇州》,法宮雅奏,49,南詞,南呂宮正曲,春色滿皇州
3764.1,136,58,True,True,《春色滿皇州》,蟠桃會,49,南詞,南呂宮正曲,春色滿皇州
3765.1,154,78,True,True,《春色滿皇州》,張資傳奇,49,南詞,南呂宮正曲,春色滿皇州
3765.2,111,47,True,True,《春色滿皇州》,張資傳奇,49,南詞,南呂宮正曲,春色滿皇州
3766.1,158,77,True,True,《滿園春（雪獅子、鵲踏枝）》,月令承應,49,南詞,南呂宮正曲,滿園春
3767.1,145,72,True,True,《滿園春（雪獅子、鵲踏枝）》,雍熙樂府,49,南詞,南呂宮正曲,滿園春
3768.1,108,40,True,True,《滿園春（雪獅子、鵲踏枝）》,散曲,49,南詞,南呂宮正曲,滿園春
3769.1,173,88,True,True,《一江風》,九九大慶,49,南詞,南呂宮正曲,一江風
3770.1,184,82,True,True,《一江風》,牡丹亭,49,南詞,南呂宮正曲,一江風
3770.2,184,83,True,True,《一江風》,勸善金科,49,南詞,南呂宮正曲,一江風
3771.1,166,76,True,True,《一江風》,金釵記,49,南詞,南呂宮正曲,一江風
3772.1,122,41,True,True,《一江風》,節孝記,49,南詞,南呂宮正曲,一江風
3773.1,173,84,True,True,《一江風》,散曲,49,南詞,南呂宮正曲,一江風
3774.1,216,104,True,True,《梁州序（古梁州）》,勸善金科,49,南詞,南呂宮正曲,梁州序
3775.1,221,104,True,True,《梁州序（古梁州）》,荊釵記,49,南詞,南呂宮正曲,梁州序
3776.1,233,113,True,True,《梁州序（古梁州）》,荊釵記,49,南詞,南呂宮正曲,梁州序
3777.1,125,54,True,True,《梁州序（古梁州）》,荊釵記,49,南詞,南呂宮正曲,梁州序
3777.2,106,54,True,True,《梁州序（古梁州）》,荊釵記,49,南詞,南呂宮正曲,梁州序
3778.1,105,53,True,True,《梁州序（古梁州）》,殺狗記,49,南詞,南呂宮正曲,梁州序
3779.1,226,102,True,True,《梁州序（古梁州）》,鸞釵記,49,南詞,南呂宮正曲,梁州序
3781.1,118,48,True,True,《賀新郎（金縷曲、賀新凉）》,邯鄲夢,49,南詞,南呂宮正曲,賀新郎
3781.2,168,92,True,True,《賀新郎（金縷曲、賀新凉）》,分鏡記,49,南詞,南呂宮正曲,賀新郎
3782.1,102,50,True,True,《賀新郎（金縷曲、賀新凉）》,金印記,49,南詞,南呂宮正曲,賀新郎
3783.1,126,48,True,True,《賀新郎（金縷曲、賀新凉）》,雙珠記,49,南詞,南呂宮正曲,賀新郎
3784.1,62,26,True,True,《賀新郎袞》,八義記,49,南詞,南呂宮正曲,賀新郎袞
3785.1,58,28,True,True,《賀新郎袞》,江流記,49,南詞,南呂宮正曲,賀新郎袞
3786.1,46,32,True,True,《賀新郎袞》,江流記,49,南詞,南呂宮正曲,賀新郎袞
3787.1,50,27,True,True,《恁麻郎》,荊釵記,49,南詞,南呂宮正曲,恁麻郎
3787.2,42,28,True,True,《恁麻郎》,荊釵記,49,南詞,南呂宮正曲,恁麻郎
3788.1,72,39,True,True,《貨郎兒》,勸善金科,49,南詞,南呂宮正曲,貨郎兒
3789.1,65,36,True,True,《貨郎兒》,牧羊記,49,南詞,南呂宮正曲,貨郎兒
3790.1,77,44,True,True,《纒枝花》,鸞釵記,49,南詞,南呂宮正曲,纒枝花
3791.1,66,44,True,True,《纒枝花》,八義記,49,南詞,南呂宮正曲,纒枝花
3792.1,87,44,True,True,《纒枝花》,江流記,49,南詞,南呂宮正曲,纒枝花
3792.2,73,40,True,True,《纒枝花》,綵樓記,49,南詞,南呂宮正曲,纒枝花
3793.1,70,42,True,True,《纒枝花》,綵樓記,49,南詞,南呂宮正曲,纒枝花
3794.1,73,44,True,True,《纒枝花》,殺狗記,49,南詞,南呂宮正曲,纒枝花
3794.2,68,44,True,True,《纒枝花》,白兔記,49,南詞,南呂宮正曲,纒枝花
3795.1,72,42,True,True,《纒枝花》,白兔記,49,南詞,南呂宮正曲,纒枝花
3796.1,86,54,True,True,《節節高（凌霄竹）》,勸善金科,49,南詞,南呂宮正曲,節節高
3797.1,120,54,True,True,《節節高（凌霄竹）》,琵琶記,49,南詞,南呂宮正曲,節節高
3798.1,74,48,True,True,《節節高（凌霄竹）》,金印記,49,南詞,南呂宮正曲,節節高
3799.1,73,39,True,True,《三學士（玉堂人）》,九九大慶,49,南詞,南呂宮正曲,三學士
3799.2,92,41,True,True,《三學士（玉堂人）》,紅梨記,49,南詞,南呂宮正曲,三學士
3800.1,106,41,True,True,《祝九如》,太平圖,49,南詞,南呂宮正曲,祝九如
3801.1,146,77,True,True,《柰子花（玉梅花）》,月令承應,49,南詞,南呂宮正曲,柰子花
3801.2,70,38,True,True,《柰子花（玉梅花）》,荊釵記,49,南詞,南呂宮正曲,柰子花
3802.1,64,39,True,True,《柰子花（玉梅花）》,散曲,49,南詞,南呂宮正曲,柰子花
3803.1,65,38,True,True,《柰子花（玉梅花）》,尋親記,49,南詞,南呂宮正曲,柰子花
3804.1,115,55,True,True,《大勝樂（大聖樂）》,殺狗記,49,南詞,南呂宮正曲,大勝樂
3804.2,218,110,True,True,《大勝樂（大聖樂）》,占花魁,49,南詞,南呂宮正曲,大勝樂
3805.1,107,56,True,True,《大勝樂（大聖樂）》,散曲,49,南詞,南呂宮正曲,大勝樂
3806.1,102,56,True,True,《大勝樂（大聖樂）》,散曲,49,南詞,南呂宮正曲,大勝樂
3807.1,99,54,True,True,《大勝樂（大聖樂）》,散曲,49,南詞,南呂宮正曲,大勝樂
3808.1,103,44,True,True,《浣沙溪（浣溪沙）》,月令承應,49,南詞,南呂宮正曲,浣沙溪
3809.1,128,52,True,True,《浣沙溪（浣溪沙）》,孤兒記,49,南詞,南呂宮正曲,浣沙溪
3809.2,137,52,True,True,《浣沙溪（浣溪沙）》,散曲,49,南詞,南呂宮正曲,浣沙溪
3810.1,116,43,True,True,《浣沙溪（浣溪沙）》,一捧雪,49,南詞,南呂宮正曲,浣沙溪
3811.1,80,40,True,True,《浣沙溪（浣溪沙）》,玉簪記,49,南詞,南呂宮正曲,浣沙溪
3812.1,46,27,True,True,《秋夜月（賞秋月）》,琵琶記,49,南詞,南呂宮正曲,秋夜月
3813.1,53,29,True,True,《秋夜月（賞秋月）》,殺狗記,49,南詞,南呂宮正曲,秋夜月
3813.2,70,30,True,True,《秋夜月（賞秋月）》,荊釵記,49,南詞,南呂宮正曲,秋夜月
3814.1,72,30,True,True,《秋夜月（賞秋月）》,紅梨記,49,南詞,南呂宮正曲,秋夜月
3815.1,76,27,True,True,《金蓮子》,散曲,49,南詞,南呂宮正曲,金蓮子
3815.2,53,25,True,True,《金蓮子》,拜月亭,49,南詞,南呂宮正曲,金蓮子
3816.1,53,25,True,True,《金蓮子》,紅梨記,49,南詞,南呂宮正曲,金蓮子
3816.2,56,28,True,True,《金蓮子》,月令承應,49,南詞,南呂宮正曲,金蓮子
3817.1,48,23,True,True,《金蓮子》,白兔記,49,南詞,南呂宮正曲,金蓮子
3817.2,47,26,True,True,《金蓮子》,白兔記,49,南詞,南呂宮正曲,金蓮子
3818.1,55,26,True,True,《金蓮子》,荊釵記,49,南詞,南呂宮正曲,金蓮子
3819.1,140,77,True,True,《東甌令（金甌令）》,月令承應,49,南詞,南呂宮正曲,東甌令
3820.1,71,39,True,True,《東甌令（金甌令）》,月令承應,49,南詞,南呂宮正曲,東甌令
3820.2,93,39,True,True,《東甌令（金甌令）》,荊釵記,49,南詞,南呂宮正曲,東甌令
3821.1,69,39,True,True,《東甌令（金甌令）》,拜月亭,49,南詞,南呂宮正曲,東甌令
3821.2,99,40,True,True,《東甌令（金甌令）》,紅梨記,49,南詞,南呂宮正曲,東甌令
3822.1,92,39,True,True,《東甌令（金甌令）》,雍熙樂府,49,南詞,南呂宮正曲,東甌令
3823.1,54,23,True,True,《劉潑帽》,月令承應,49,南詞,南呂宮正曲,劉潑帽
3824.1,52,23,True,True,《劉潑帽》,九九大慶,49,南詞,南呂宮正曲,劉潑帽
3824.2,57,23,True,True,《劉潑帽》,荊釵記,49,南詞,南呂宮正曲,劉潑帽
3825.1,57,22,True,True,《劉潑帽》,荊釵記,49,南詞,南呂宮正曲,劉潑帽
3826.1,174,86,True,True,《宜春令》,九九大慶,49,南詞,南呂宮正曲,宜春令
3826.2,102,48,True,True,《宜春令》,勸善金科,49,南詞,南呂宮正曲,宜春令
3827.1,176,93,True,True,《宜春令》,琵琶記,49,南詞,南呂宮正曲,宜春令
3828.1,103,50,True,True,《宜春令》,琵琶記,49,南詞,南呂宮正曲,宜春令
3828.2,108,48,True,True,《宜春令》,琵琶記,49,南詞,南呂宮正曲,宜春令
3830.1,208,103,True,True,《繡帶兒》,勸善金科,49,南詞,南呂宮正曲,繡帶兒
3831.1,211,107,True,True,《繡帶兒》,琵琶記,49,南詞,南呂宮正曲,繡帶兒
3831.2,225,120,True,True,《繡帶兒》,琵琶記,49,南詞,南呂宮正曲,繡帶兒
3832.1,203,104,True,True,《繡帶兒》,殺狗記,49,南詞,南呂宮正曲,繡帶兒
3833.1,150,62,True,True,《繡帶兒》,殺狗記,49,南詞,南呂宮正曲,繡帶兒
3834.1,231,110,True,True,《繡帶兒》,玉簪記,49,南詞,南呂宮正曲,繡帶兒
3836.1,174,85,True,True,《太師引》,孤兒記,49,南詞,南呂宮正曲,太師引
3836.2,115,46,True,True,《太師引》,孤兒記,49,南詞,南呂宮正曲,太師引
3837.1,206,100,True,True,《太師引》,琵琶記,49,南詞,南呂宮正曲,太師引
3838.1,187,96,True,True,《太師引》,東郭記,49,南詞,南呂宮正曲,太師引
3839.1,106,46,True,True,《太師引》,臥冰記,49,南詞,南呂宮正曲,太師引
3840.1,108,47,True,True,《太師引》,散曲,49,南詞,南呂宮正曲,太師引
3841.1,180,97,True,True,《瑣窓寒（瑣寒窓）》,鄭孔目,49,南詞,南呂宮正曲,瑣窓寒
3842.1,97,51,True,True,《瑣窓寒（瑣寒窓）》,荊釵記,49,南詞,南呂宮正曲,瑣窓寒
3842.2,84,50,True,True,《瑣窓寒（瑣寒窓）》,臥冰記,49,南詞,南呂宮正曲,瑣窓寒
3843.1,91,53,True,True,《瑣窓寒（瑣寒窓）》,紫釵記,49,南詞,南呂宮正曲,瑣窓寒
3844.1,106,54,True,True,《繡衣郎》,荊釵記,49,南詞,南呂宮正曲,繡衣郎
3845.1,94,54,True,True,《繡衣郎》,荊釵記,49,南詞,南呂宮正曲,繡衣郎
3846.1,102,54,True,True,《繡衣郎》,永團圓,49,南詞,南呂宮正曲,繡衣郎
3847.1,128,61,True,True,《梅花塘》,文星現,49,南詞,南呂宮正曲,梅花塘
3847.2,142,64,True,True,《梅花塘》,兒孫福,49,南詞,南呂宮正曲,梅花塘
3869.1,186,97,True,True,《香柳娘》,月令承應,50,南詞,南呂宮正曲,香柳娘
3870.1,110,48,True,True,《香柳娘》,九九大慶,50,南詞,南呂宮正曲,香柳娘
3871.1,120,48,True,True,《香柳娘》,琵琶記,50,南詞,南呂宮正曲,香柳娘
3871.2,242,96,True,True,《香柳娘》,西廂記,50,南詞,南呂宮正曲,香柳娘
3872.1,217,89,True,True,《香柳娘》,西廂記,50,南詞,南呂宮正曲,香柳娘
3873.1,95,47,True,True,《香柳娘》,尋親記,50,南詞,南呂宮正曲,香柳娘
3874.1,96,47,True,True,《香柳娘》,牧羊記,50,南詞,南呂宮正曲,香柳娘
3875.1,103,48,True,True,《香柳娘》,牧羊記,50,南詞,南呂宮正曲,香柳娘
3877.1,212,108,True,True,《香羅帶》,繡襦記,50,南詞,南呂宮正曲,香羅帶
3878.1,232,109,True,True,《香羅帶》,琵琶記,50,南詞,南呂宮正曲,香羅帶
3879.1,124,45,True,True,《香羅帶》,琵琶記,50,南詞,南呂宮正曲,香羅帶
3879.2,103,54,True,True,《香羅帶》,白兔記,50,南詞,南呂宮正曲,香羅帶
3880.1,89,53,True,True,《香羅帶》,八義記,50,南詞,南呂宮正曲,香羅帶
3881.1,56,32,True,True,《燒夜香》,月令承應,50,南詞,南呂宮正曲,燒夜香
3882.1,52,32,True,True,《燒夜香》,琵琶記,50,南詞,南呂宮正曲,燒夜香
3883.1,135,58,True,True,《香遍滿》,散曲,50,南詞,南呂宮正曲,香遍滿
3883.2,141,65,True,True,《香遍滿》,琵琶記,50,南詞,南呂宮正曲,香遍滿
3884.1,134,59,True,True,《香遍滿》,牡丹亭,50,南詞,南呂宮正曲,香遍滿
3884.2,123,57,True,True,《香遍滿》,雙珠記,50,南詞,南呂宮正曲,香遍滿
3885.1,75,33,True,True,《香遍滿》,雙珠記,50,南詞,南呂宮正曲,香遍滿
3887.1,122,52,True,True,《懶畫眉》,月令承應,50,南詞,南呂宮正曲,懶畫眉
3887.2,116,52,True,True,《懶畫眉》,勸善金科,50,南詞,南呂宮正曲,懶畫眉
3888.1,76,27,True,True,《懶畫眉》,散曲,50,南詞,南呂宮正曲,懶畫眉
3889.1,296,110,True,True,《三仙橋》,琵琶記,50,南詞,南呂宮正曲,三仙橋
3890.1,192,63,True,True,《三仙橋》,琵琶記,50,南詞,南呂宮正曲,三仙橋
3891.1,170,61,True,True,《三仙橋》,琵琶記,50,南詞,南呂宮正曲,三仙橋
3892.1,310,102,True,True,《三仙橋》,長生殿,50,南詞,南呂宮正曲,三仙橋
3894.1,211,60,True,True,《三仙橋》,長生殿,50,南詞,南呂宮正曲,三仙橋
3895.1,183,57,True,True,《三仙橋》,長生殿,50,南詞,南呂宮正曲,三仙橋
3896.1,128,56,True,True,《征胡兵》,勸善金科,50,南詞,南呂宮正曲,征胡兵
3897.1,144,56,True,True,《征胡兵》,琵琶記,50,南詞,南呂宮正曲,征胡兵
3898.1,124,56,True,True,《朝天子》,玉合記,50,南詞,南呂宮正曲,朝天子
3899.1,166,78,True,True,《朝天子》,金印記,50,南詞,南呂宮正曲,朝天子
3899.2,168,82,True,True,《朝天子》,金印記,50,南詞,南呂宮正曲,朝天子
3900.1,125,42,True,True,《朝天子》,金印記,50,南詞,南呂宮正曲,朝天子
3902.1,123,48,True,True,《刮鼓令（刮古令）》,勸善金科,50,南詞,南呂宮正曲,刮鼓令
3902.2,188,96,True,True,《刮鼓令（刮古令）》,荊釵記,50,南詞,南呂宮正曲,刮鼓令
3903.1,173,96,True,True,《刮鼓令（刮古令）》,荊釵記,50,南詞,南呂宮正曲,刮鼓令
3904.1,108,48,True,True,《刮鼓令（刮古令）》,荊釵記,50,南詞,南呂宮正曲,刮鼓令
3905.1,89,48,True,True,《刮鼓令（刮古令）》,牧羊記,50,南詞,南呂宮正曲,刮鼓令
3906.1,65,46,True,True,《刮鼓令（刮古令）》,尋親記,50,南詞,南呂宮正曲,刮鼓令
3906.2,40,23,True,True,《金錢花》,月令承應,50,南詞,南呂宮正曲,金錢花
3907.1,45,24,True,True,《金錢花》,荊釵記,50,南詞,南呂宮正曲,金錢花
3908.1,42,23,True,True,《金錢花》,拜月亭,50,南詞,南呂宮正曲,金錢花
3908.2,40,23,True,True,《風檢才（風簡才）》,牧羊記,50,南詞,南呂宮正曲,風檢才
3909.1,37,19,True,True,《風檢才（風簡才）》,荊釵記,50,南詞,南呂宮正曲,風檢才
3910.1,33,20,True,True,《風檢才（風簡才）》,散曲,50,南詞,南呂宮正曲,風檢才
3910.2,49,32,True,True,《引駕行（長春）》,梅嶺記,50,南詞,南呂宮正曲,引駕行
3911.1,49,34,True,True,《引駕行（長春）》,水滸記,50,南詞,南呂宮正曲,引駕行
3912.1,50,30,True,True,《風馬兒》,寶劍記,50,南詞,南呂宮正曲,風馬兒
3912.2,70,39,True,True,《痴冤家》,江流記,50,南詞,南呂宮正曲,痴冤家
3913.1,80,32,True,True,《大迓鼓》,琵琶記,50,南詞,南呂宮正曲,大迓鼓
3913.2,93,32,True,True,《大迓鼓》,西樓記,50,南詞,南呂宮正曲,大迓鼓
3914.1,75,30,True,True,《大迓鼓》,殺狗記,50,南詞,南呂宮正曲,大迓鼓
3915.1,104,50,True,True,《呼喚子》,殺狗記,50,南詞,南呂宮正曲,呼喚子
3916.1,104,48,True,True,《呼喚子》,殺狗記,50,南詞,南呂宮正曲,呼喚子
3917.1,125,54,True,True,《女冠子》,九九大慶,50,南詞,南呂宮正曲,女冠子
3917.2,124,53,True,True,《女冠子》,琵琶記,50,南詞,南呂宮正曲,女冠子
3918.1,103,54,True,True,《女冠子》,尋親記,50,南詞,南呂宮正曲,女冠子
3919.1,93,57,True,True,《女冠子》,八義記,50,南詞,南呂宮正曲,女冠子
3920.1,126,58,True,True,《孤飛鴈（孤鴈飛）》,拜月亭,50,南詞,南呂宮正曲,孤飛鴈
3921.1,117,58,True,True,《孤飛鴈（孤鴈飛）》,露綬記,50,南詞,南呂宮正曲,孤飛鴈
3922.1,112,42,True,True,《三換頭》,勸善金科,50,南詞,南呂宮正曲,三換頭
3923.1,101,43,True,True,《三換頭》,浣紗記,50,南詞,南呂宮正曲,三換頭
3924.1,188,80,True,True,《三換頭》,琵琶記,50,南詞,南呂宮正曲,三換頭
3925.1,179,83,True,True,《五更轉》,荊釵記,50,南詞,南呂宮正曲,五更轉
3926.1,171,69,True,True,《五更轉》,拜月亭,50,南詞,南呂宮正曲,五更轉
3927.1,137,58,True,True,《五更轉》,綵樓記,50,南詞,南呂宮正曲,五更轉
3928.1,145,66,True,True,《紅衫兒》,琵琶記,50,南詞,南呂宮正曲,紅衫兒
3930.1,151,66,True,True,《紅衫兒》,葛衣記,50,南詞,南呂宮正曲,紅衫兒
3930.2,150,71,True,True,《紅衫兒》,紅拂記,50,南詞,南呂宮正曲,紅衫兒
3931.1,134,66,True,True,《紅衫兒》,西廂記,50,南詞,南呂宮正曲,紅衫兒
3932.1,161,71,True,True,《紅衫兒》,尋親記,50,南詞,南呂宮正曲,紅衫兒
3933.1,99,36,True,True,《紅衫兒》,荊釵記,50,南詞,南呂宮正曲,紅衫兒
3933.2,133,66,True,True,《紅衫兒》,墻頭馬上,50,南詞,南呂宮正曲,紅衫兒
3934.1,170,84,True,True,《紅衫兒》,墻頭馬上,50,南詞,南呂宮正曲,紅衫兒
3935.1,125,64,True,True,《紅衫兒》,散曲,50,南詞,南呂宮正曲,紅衫兒
3935.2,82,33,True,True,《紅衫兒》,散曲,50,南詞,南呂宮正曲,紅衫兒
3936.1,123,48,True,True,《紅芍藥》,荊釵記,50,南詞,南呂宮正曲,紅芍藥
3937.1,107,48,True,True,《紅芍藥》,江流記,50,南詞,南呂宮正曲,紅芍藥
3938.1,113,52,True,True,《紅芍藥》,埋劍記,50,南詞,南呂宮正曲,紅芍藥
3939.1,125,44,True,True,《紅芍藥》,孤兒記,50,南詞,南呂宮正曲,紅芍藥
3939.2,104,42,True,True,《紅芍藥》,金印記,50,南詞,南呂宮正曲,紅芍藥
3940.1,106,46,True,True,《紅芍藥》,金印記,50,南詞,南呂宮正曲,紅芍藥
3942.1,54,26,True,True,《駿馬甲》,孤兒記,50,南詞,南呂宮正曲,駿馬甲
3942.2,49,28,True,True,《駿馬甲》,孤兒記,50,南詞,南呂宮正曲,駿馬甲
3943.1,102,44,True,True,《恨蕭郎（排遍第五）》,梅嶺記,50,南詞,南呂宮正曲,恨蕭郎
3944.1,110,44,True,True,《恨蕭郎（排遍第五）》,綵樓記,50,南詞,南呂宮正曲,恨蕭郎
3944.2,100,38,True,True,《恨蕭郎（排遍第五）》,綵樓記,50,南詞,南呂宮正曲,恨蕭郎
3946.1,77,45,True,True,《恨情郎》,孤兒記,50,南詞,南呂宮正曲,恨情郎
3946.2,144,74,True,True,《石竹花（石竹子）》,九九大慶,50,南詞,南呂宮正曲,石竹花
3947.1,76,38,True,True,《石竹花（石竹子）》,梅嶺記,50,南詞,南呂宮正曲,石竹花
3948.1,86,42,True,True,《石竹花（石竹子）》,殺狗記,50,南詞,南呂宮正曲,石竹花
3948.2,154,80,True,True,《石竹花（石竹子）》,孤兒記,50,南詞,南呂宮正曲,石竹花
3949.1,86,37,True,True,《石竹花（石竹子）》,孤兒記,50,南詞,南呂宮正曲,石竹花
3950.1,78,38,True,True,《石竹花（石竹子）》,孤兒記,50,南詞,南呂宮正曲,石竹花
3951.1,39,24,True,True,《搗白練（搗練子）》,風流合,50,南詞,南呂宮正曲,搗白練
3951.2,39,26,True,True,《搗白練（搗練子）》,尋親記,50,南詞,南呂宮正曲,搗白練
3952.1,35,26,True,True,《搗白練（搗練子）》,尋親記,50,南詞,南呂宮正曲,搗白練
3952.2,38,26,True,True,《搗白練（搗練子）》,尋親記,50,南詞,南呂宮正曲,搗白練
3953.1,43,26,True,True,《搗白練（搗練子）》,尋親記,50,南詞,南呂宮正曲,搗白練
3954.1,133,52,True,True,《阮郎歸》,江流記,50,南詞,南呂宮正曲,阮郎歸
3954.2,70,43,True,True,《水唐歌》,臥冰記,50,南詞,南呂宮正曲,水唐歌
3955.1,71,36,True,True,《玉梅花》,孤兒記,50,南詞,南呂宮正曲,玉梅花
3956.1,66,36,True,True,《玉梅花》,孤兒記,50,南詞,南呂宮正曲,玉梅花
3956.2,59,35,True,True,《金字經（閱金經）》,玉簪記,50,南詞,南呂宮正曲,金字經
3957.1,57,35,True,True,《金字經（閱金經）》,玉簪記,50,南詞,南呂宮正曲,金字經
3958.1,59,35,True,True,《金字經（閱金經）》,玉簪記,50,南詞,南呂宮正曲,金字經
3958.2,60,34,True,True,《金字經（閱金經）》,散曲,50,南詞,南呂宮正曲,金字經
3959.1,39,24,True,True,《上春花》,琴心記,50,南詞,南呂宮正曲,上春花
3960.1,40,25,True,True,《中都悄》,孤兒記,50,南詞,南呂宮正曲,中都悄
3960.2,44,23,True,True,《中都悄》,孤兒記,50,南詞,南呂宮正曲,中都悄
3961.1,41,25,True,True,《劉袞》,千金記,50,南詞,南呂宮正曲,劉袞
3961.2,42,25,True,True,《劉袞》,尋親記,50,南詞,南呂宮正曲,劉袞
3962.1,164,90,True,True,《茅山逢故人》,張雨詞,50,南詞,南呂宮正曲,茅山逢故人
3963.1,77,8,True,False,《青衲襖》,八義記,50,南詞,南呂宮正曲,青衲襖
3964.1,94,8,True,False,《青衲襖》,金印記,50,南詞,南呂宮正曲,青衲襖
3965.1,120,9,True,False,《紅衲襖》,勸善金科,50,南詞,南呂宮正曲,紅衲襖
3965.2,111,9,True,False,《紅衲襖》,荊釵記,50,南詞,南呂宮正曲,紅衲襖
3966.1,133,7,True,False,《紅衲襖》,琵琶記,50,南詞,南呂宮正曲,紅衲襖
3967.1,158,10,True,False,《紅衲襖》,琵琶記,50,南詞,南呂宮正曲,紅衲襖
3968.1,155,9,True,False,《紅衲襖》,琵琶記,50,南詞,南呂宮正曲,紅衲襖
3969.1,127,10,True,False,《紅衲襖》,琵琶記,50,南詞,南呂宮正曲,紅衲襖
3971.1,101,26,True,True,《纒花賺》,白兔記,50,南詞,南呂宮正曲,纒花賺
3972.1,95,26,True,True,《纒花賺》,白兔記,50,南詞,南呂宮正曲,纒花賺
3973.1,92,26,True,True,《本宮賺》,鮫綃記,50,南詞,南呂宮正曲,本宮賺
3974.1,104,27,True,True,《本宮賺》,尋親記,50,南詞,南呂宮正曲,本宮賺
3975.1,56,31,True,True,《尚按節拍煞》,琵琶記,50,南詞,南呂宮正曲,尚按節拍煞
3975.2,42,23,True,True,《尚按節拍煞》,全家慶,50,南詞,南呂宮正曲,尚按節拍煞
3975.3,54,24,True,True,《慶餘》,法宮雅奏,50,南詞,南呂宮正曲,慶餘
3976.1,43,24,True,True,《慶餘》,九九大慶,50,南詞,南呂宮正曲,慶餘
3997.1,177,78,False,True,《太師令》,琵琶記,51,南詞,南呂宮集曲,太師令
3998.1,108,47,False,True,《太師令》,滿牀笏,51,南詞,南呂宮集曲,太師令
3999.1,198,96,False,True,《太師垂繡帶》,臥冰記,51,南詞,南呂宮集曲,太師垂繡帶
4000.1,144,45,False,True,《太師垂繡帶》,散曲,51,南詞,南呂宮集曲,太師垂繡帶
4001.1,156,49,True,True,《太師圍繡帶》,夢花酣,51,南詞,南呂宮集曲,太師圍繡帶
4002.1,212,108,True,True,《太師解繡帶》,散曲,51,南詞,南呂宮集曲,太師解繡帶
4003.1,200,92,False,True,《太師醉腰圍》,夢花酣,51,南詞,南呂宮集曲,太師醉腰圍
4004.1,137,44,False,True,《太師入瑣窓》,鴛鴦棒,51,南詞,南呂宮集曲,太師入瑣窓
4004.2,108,46,False,True,《太師見學士》,散曲,51,南詞,南呂宮集曲,太師見學士
4005.1,102,46,False,True,《阮二郎》,蜃中樓,51,南詞,南呂宮集曲,阮二郎
4006.1,324,162,True,True,《六律清音》,九九大慶,51,南詞,南呂宮集曲,六律清音
4008.1,342,162,False,True,《六奏新音》,散曲,51,南詞,南呂宮集曲,六奏新音
4009.1,257,127,False,True,《梁州新郎》,琵琶記,51,南詞,南呂宮集曲,梁州新郎
4010.1,259,135,True,True,《梁州新郎》,琵琶記,51,南詞,南呂宮集曲,梁州新郎
4011.1,156,63,False,True,《梁州新郎》,驚鴻記,51,南詞,南呂宮集曲,梁州新郎
4012.1,203,96,False,True,《梁州錦序》,蝴蝶夢,51,南詞,南呂宮集曲,梁州錦序
4013.1,345,166,False,True,《梁州四集》,散曲,51,南詞,南呂宮集曲,梁州四集
4015.1,143,76,False,True,《柰子宜春》,十孝記,51,南詞,南呂宮集曲,柰子宜春
4016.1,79,42,True,True,《柰子瑣窓》,十孝記,51,南詞,南呂宮集曲,柰子瑣窓
4016.2,173,95,True,True,《柰子五更寒》,散曲,51,南詞,南呂宮集曲,柰子五更寒
4017.1,77,44,False,True,《柰子樂》,灌園記,51,南詞,南呂宮集曲,柰子樂
4018.1,80,43,False,True,《柰子樂》,千金記,51,南詞,南呂宮集曲,柰子樂
4019.1,72,39,True,True,《覓花郎》,西廂記,51,南詞,南呂宮集曲,覓花郎
4019.2,67,36,True,True,《瑣窓郎》,琵琶記,51,南詞,南呂宮集曲,瑣窓郎
4020.1,95,50,True,True,《瑣窓郎》,金印記,51,南詞,南呂宮集曲,瑣窓郎
4021.1,73,40,True,True,《瑣窓花》,散曲,51,南詞,南呂宮集曲,瑣窓花
4022.1,73,41,True,True,《瑣窓花》,金印記,51,南詞,南呂宮集曲,瑣窓花
4022.2,71,34,True,True,《瑣窓帽》,散曲,51,南詞,南呂宮集曲,瑣窓帽
4023.1,85,52,True,True,《瑣窓繡》,鴈翎甲,51,南詞,南呂宮集曲,瑣窓繡
4024.1,191,102,True,True,《瑣窓繡》,散曲,51,南詞,南呂宮集曲,瑣窓繡
4025.1,101,48,True,True,《寒窓解酲》,散曲,51,南詞,南呂宮集曲,寒窓解酲
4026.1,77,44,True,True,《寒窗秋月》,散曲,51,南詞,南呂宮集曲,寒窗秋月
4026.2,92,52,True,True,《大勝棹》,散曲,51,南詞,南呂宮集曲,大勝棹
4027.1,84,46,True,True,《勝寒花》,散曲,51,南詞,南呂宮集曲,勝寒花
4028.1,107,50,True,True,《大勝花》,金印記,51,南詞,南呂宮集曲,大勝花
4029.1,81,49,True,True,《樂瑣窓》,散曲,51,南詞,南呂宮集曲,樂瑣窓
4030.1,109,60,True,True,《大節高》,水滸記,51,南詞,南呂宮集曲,大節高
4031.1,101,60,True,True,《大節高》,水滸記,51,南詞,南呂宮集曲,大節高
4031.2,108,65,True,True,《大節高》,花筵賺,51,南詞,南呂宮集曲,大節高
4032.1,148,74,True,True,《單調風雲會》,竊符記,51,南詞,南呂宮集曲,單調風雲會
4033.1,136,54,True,True,《學士解酲》,西樓記,51,南詞,南呂宮集曲,學士解酲
4034.1,97,40,True,True,《學士解酲》,綠牡丹,51,南詞,南呂宮集曲,學士解酲
4035.1,134,54,False,True,《學士解溪沙》,散曲,51,南詞,南呂宮集曲,學士解溪沙
4036.1,142,53,False,True,《學士醉江風》,散曲,51,南詞,南呂宮集曲,學士醉江風
4037.1,183,88,False,True,《宜春樂》,憐香伴,51,南詞,南呂宮集曲,宜春樂
4038.1,113,54,True,True,《宜春樂》,散曲,51,南詞,南呂宮集曲,宜春樂
4038.2,111,52,True,True,《宜春引》,散曲,51,南詞,南呂宮集曲,宜春引
4039.1,134,62,True,True,《宜春序（宜春鄉子）》,夢花酣,51,南詞,南呂宮集曲,宜春序
4040.1,192,95,True,True,《宜春絳（春太平）》,鴛簪記,51,南詞,南呂宮集曲,宜春絳
4041.1,129,56,True,True,《宜春絳（春太平）》,散曲,51,南詞,南呂宮集曲,宜春絳
4042.1,185,101,True,True,《宜畫兒》,散曲,51,南詞,南呂宮集曲,宜畫兒
4043.1,199,100,True,True,《宜春瑣窓》,一諾媒,51,南詞,南呂宮集曲,宜春瑣窓
4044.1,88,37,True,True,《宜春瑣窓》,芭蕉井,51,南詞,南呂宮集曲,宜春瑣窓
4045.1,76,36,True,True,《春甌帶金蓮》,鴛鴦棒,51,南詞,南呂宮集曲,春甌帶金蓮
4045.2,269,99,True,True,《春錦一端織柳蓮》,散曲,51,南詞,南呂宮集曲,春錦一端織柳蓮
4047.1,197,98,True,True,《繡太平》,慶有餘,51,南詞,南呂宮集曲,繡太平
4048.1,174,92,True,True,《繡帶宜春》,廣寒香,51,南詞,南呂宮集曲,繡帶宜春
4049.1,122,50,True,True,《繡帶宜春》,占花魁,51,南詞,南呂宮集曲,繡帶宜春
4050.1,190,98,True,True,《繡帶引》,吉慶圖,51,南詞,南呂宮集曲,繡帶引
4051.1,169,89,True,True,《繡鍼線》,散曲,51,南詞,南呂宮集曲,繡鍼線
4052.1,188,90,True,True,《帶醉行春》,珍珠衫,51,南詞,南呂宮集曲,帶醉行春
4053.1,208,111,True,True,《帶醉行春》,石麟鏡,51,南詞,南呂宮集曲,帶醉行春
4054.1,848,406,True,True,《十二雕欄》,長生殿,51,南詞,南呂宮集曲,十二雕欄
4058.1,92,39,False,True,《十二雕欄》,永團圓,51,南詞,南呂宮集曲,十二雕欄
4062.1,447,200,False,True,《三十腔》,散曲,51,南詞,南呂宮集曲,三十腔
4067.1,87,38,False,True,《浣溪令》,牡丹亭,51,南詞,南呂宮集曲,浣溪令
4068.1,85,39,False,True,《浣溪蓮》,散曲,51,南詞,南呂宮集曲,浣溪蓮
4069.1,91,39,False,True,《浣溪箱》,一諾媒,51,南詞,南呂宮集曲,浣溪箱
4069.2,102,44,False,True,《浣溪樂》,散曲,51,南詞,南呂宮集曲,浣溪樂
4070.1,94,39,False,True,《浣溪天樂》,散曲,51,南詞,南呂宮集曲,浣溪天樂
4071.1,95,40,False,True,《浣溪帽》,西園記,51,南詞,南呂宮集曲,浣溪帽
4071.2,190,75,False,True,《溪沙四集》,散曲,51,南詞,南呂宮集曲,溪沙四集
4073.1,165,66,False,True,《浣溪劉紅蓮》,綠牡丹,51,南詞,南呂宮集曲,浣溪劉紅蓮
4074.1,54,27,True,True,《秋蓮子》,如是觀,51,南詞,南呂宮集曲,秋蓮子
4075.1,39,22,True,True,《秋夜花》,散曲,51,南詞,南呂宮集曲,秋夜花
4076.1,44,24,True,True,《秋月照東甌》,鴛鴦棒,51,南詞,南呂宮集曲,秋月照東甌
4076.2,115,49,True,True,《秋夜金風》,散曲,51,南詞,南呂宮集曲,秋夜金風
4077.1,62,32,True,True,《金蓮帶東甌》,節孝記,51,南詞,南呂宮集曲,金蓮帶東甌
4078.1,61,31,True,True,《金蓮帶東甌》,萬事足,51,南詞,南呂宮集曲,金蓮帶東甌
4078.2,86,42,True,True,《東甌蓮》,鴈翎甲,51,南詞,南呂宮集曲,東甌蓮
4079.1,98,54,True,True,《令節賞金蓮》,珍珠衫,51,南詞,南呂宮集曲,令節賞金蓮
4080.1,73,46,True,True,《節節令》,散曲,51,南詞,南呂宮集曲,節節令
4081.1,104,53,False,True,《節節金蓮》,一諾媒,51,南詞,南呂宮集曲,節節金蓮
4081.2,78,32,False,True,《潑帽落東甌》,白玉樓,51,南詞,南呂宮集曲,潑帽落東甌
4082.1,80,32,True,True,《潑帽金甌》,散曲,51,南詞,南呂宮集曲,潑帽金甌
4083.1,79,32,False,True,《水潑帽》,散曲,51,南詞,南呂宮集曲,水潑帽
4084.1,92,47,True,True,《香姐姐》,百錬金,51,南詞,南呂宮集曲,香姐姐
4084.2,81,36,False,True,《香南枝》,水滸記,51,南詞,南呂宮集曲,香南枝
4085.1,87,44,False,True,《香嬌枝》,水滸記,51,南詞,南呂宮集曲,香嬌枝
4086.1,73,36,False,True,《大看燈》,金明池,51,南詞,南呂宮集曲,大看燈
4087.1,80,38,False,True,《迓鼓娘》,夢花酣,51,南詞,南呂宮集曲,迓鼓娘
4088.1,213,75,True,True,《羅鼓令（鑼古令）》,琵琶記,51,南詞,南呂宮集曲,羅鼓令
4089.1,148,64,True,True,《羅鼓令（鑼古令）》,萬事足,51,南詞,南呂宮集曲,羅鼓令
4090.1,186,94,True,True,《羅江怨（羅帶風）》,牧羊記,51,南詞,南呂宮集曲,羅江怨
4091.1,199,94,True,True,《羅江怨（羅帶風）》,散曲,51,南詞,南呂宮集曲,羅江怨
4092.1,288,134,True,True,《楚江情（羅江怨）》,西樓記,51,南詞,南呂宮集曲,楚江情
4093.1,183,86,True,True,《羅江月》,雙忠記,51,南詞,南呂宮集曲,羅江月
4094.1,224,113,True,True,《羅帶兒》,拜月亭,51,南詞,南呂宮集曲,羅帶兒
4095.1,241,114,True,True,《二集香羅帶（香風俏臉兒）》,節孝記,51,南詞,南呂宮集曲,二集香羅帶
4096.1,416,205,True,True,《七集玲瓏》,散曲,51,南詞,南呂宮集曲,七集玲瓏
4097.1,544,246,True,True,《九疑山》,雙玉人,51,南詞,南呂宮集曲,九疑山
4100.1,283,105,True,True,《二集五更轉（香遍五更）》,琵琶記,51,南詞,南呂宮集曲,二集五更轉
4101.1,156,82,True,True,《香滿繡窓》,散曲,51,南詞,南呂宮集曲,香滿繡窓
4102.1,181,86,True,True,《遍滿五更香》,木棉庵,51,南詞,南呂宮集曲,遍滿五更香
4103.1,158,58,True,True,《香轉更雲》,雙忠記,51,南詞,南呂宮集曲,香轉更雲
4105.1,131,56,True,True,《懶扶歸（畫眉扶）》,夢花酣,51,南詞,南呂宮集曲,懶扶歸
4105.2,119,63,True,True,《懶鶯兒》,散曲,51,南詞,南呂宮集曲,懶鶯兒
4106.1,131,57,True,True,《懶鍼線》,意中緣,51,南詞,南呂宮集曲,懶鍼線
4107.1,171,71,True,True,《懶鍼酲》,勘皮靴,51,南詞,南呂宮集曲,懶鍼酲
4108.1,169,84,True,True,《溪沙花月畫郎寒（畫眉溪月瑣窓郎）》,散曲,51,南詞,南呂宮集曲,溪沙花月畫郎寒
4110.1,175,84,True,True,《畫眉醉羅袍》,鴛鴦棒,51,南詞,南呂宮集曲,畫眉醉羅袍
4111.1,84,36,True,True,《五更香》,白兔記,51,南詞,南呂宮集曲,五更香
4111.2,195,83,True,True,《五更馬》,寶劍記,51,南詞,南呂宮集曲,五更馬
4112.1,180,99,True,True,《五更歌》,萬事足,51,南詞,南呂宮集曲,五更歌
4113.1,192,96,True,True,《紅衫擊白練（紅白衫）》,花筵賺,51,南詞,南呂宮集曲,紅衫擊白練
4114.1,202,104,True,True,《紅白醉》,夢花酣,51,南詞,南呂宮集曲,紅白醉
4115.1,274,144,True,True,《夜過扶風》,散曲,51,南詞,南呂宮集曲,夜過扶風
4116.1,46,23,True,True,《風撲蛾（金燈蛾）》,如是觀,51,南詞,南呂宮集曲,風撲蛾
4117.1,90,38,True,True,《引劉郎》,夢花酣,51,南詞,南呂宮集曲,引劉郎
4118.1,165,59,True,True,《七賢過關》,太平圖,51,南詞,南呂宮集曲,七賢過關
4119.1,122,50,True,True,《朝天懶（朝天畫眉）》,牡丹亭,51,南詞,南呂宮集曲,朝天懶
4120.1,123,60,True,True,《征胡遍（胡香滿）》,夢花酣,51,南詞,南呂宮集曲,征胡遍
4120.2,178,86,True,True,《三仙序》,散曲,51,南詞,南呂宮集曲,三仙序
4121.1,281,122,True,True,《九重春》,散曲,51,南詞,南呂宮集曲,九重春
4122.1,783,382,True,True,《巫山十二峰》,散曲,51,南詞,南呂宮集曲,巫山十二峰
4126.1,780,392,True,True,《巫山十二峰》,散曲,51,南詞,南呂宮集曲,巫山十二峰
4130.1,850,401,True,True,《巫山十二峰》,西樓記,51,南詞,南呂宮集曲,巫山十二峰
4153.1,79,10,True,False,《一枝花（占春魁）》,月令承應,52,北詞,南呂調隻曲,一枝花
4154.1,84,10,True,False,《一枝花（占春魁）》,元人百種,52,北詞,南呂調隻曲,一枝花
4154.2,109,9,True,False,《一枝花（占春魁）》,元人百種,52,北詞,南呂調隻曲,一枝花
4155.1,99,12,True,False,《一枝花（占春魁）》,散曲,52,北詞,南呂調隻曲,一枝花
4156.1,81,10,True,False,《一枝花（占春魁）》,散曲,52,北詞,南呂調隻曲,一枝花
4157.1,72,10,True,False,《一枝花（占春魁）》,散曲,52,北詞,南呂調隻曲,一枝花
4158.1,101,42,True,True,《一枝花（占春魁）》,散曲,52,北詞,南呂調隻曲,一枝花
4158.2,120,11,True,False,《一枝花（占春魁）》,散曲,52,北詞,南呂調隻曲,一枝花
4159.1,68,9,True,False,《一枝花（占春魁）》,月令承應,52,北詞,南呂調隻曲,一枝花
4160.1,87,10,True,False,《一枝花（占春魁）》,董西廂,52,北詞,南呂調隻曲,一枝花
4161.1,108,40,True,True,《一枝花（占春魁）》,董西廂,52,北詞,南呂調隻曲,一枝花
4162.1,153,19,True,False,《梁州第七》,散曲,52,北詞,南呂調隻曲,梁州第七
4163.1,202,90,True,True,《梁州第七》,散曲,52,北詞,南呂調隻曲,梁州第七
4165.1,214,18,True,False,《梁州第七》,元人百種,52,北詞,南呂調隻曲,梁州第七
4166.1,200,18,True,False,《梁州第七》,元人百種,52,北詞,南呂調隻曲,梁州第七
4168.1,195,63,True,True,《梁州第七》,散曲,52,北詞,南呂調隻曲,梁州第七
4169.1,187,19,True,False,《梁州第七》,雍熙樂府,52,北詞,南呂調隻曲,梁州第七
4171.1,202,18,True,False,《梁州第七》,元人百種,52,北詞,南呂調隻曲,梁州第七
4172.1,158,19,True,False,《梁州第七》,元人百種,52,北詞,南呂調隻曲,梁州第七
4174.1,205,88,True,True,《梁州第七》,元人百種,52,北詞,南呂調隻曲,梁州第七
4176.1,51,7,False,False,《隔尾》,散曲,52,北詞,南呂調隻曲,隔尾
4177.1,67,8,False,False,《隔尾》,散曲,52,北詞,南呂調隻曲,隔尾
4177.2,69,36,False,True,《隔尾》,散曲,52,北詞,南呂調隻曲,隔尾
4178.1,53,6,False,False,《隔尾》,月令承應,52,北詞,南呂調隻曲,隔尾
4178.2,71,5,False,False,《隔尾》,元人百種,52,北詞,南呂調隻曲,隔尾
4179.1,71,9,False,False,《隔尾》,元人百種,52,北詞,南呂調隻曲,隔尾
4180.1,101,40,False,True,《隔尾》,元人百種,52,北詞,南呂調隻曲,隔尾
4181.1,73,7,True,False,《隔尾》,元人百種,52,北詞,南呂調隻曲,隔尾
4182.1,93,7,False,False,《牧羊關》,元人百種,52,北詞,南呂調隻曲,牧羊關
4183.1,101,47,False,True,《牧羊關》,元人百種,52,北詞,南呂調隻曲,牧羊關
4184.1,121,65,False,True,《牧羊關》,元人百種,52,北詞,南呂調隻曲,牧羊關
4185.1,111,11,False,False,《牧羊關》,元人百種,52,北詞,南呂調隻曲,牧羊關
4186.1,139,41,False,True,《牧羊關》,元人百種,52,北詞,南呂調隻曲,牧羊關
4187.1,106,10,False,False,《牧羊關》,滿牀笏,52,北詞,南呂調隻曲,牧羊關
4188.1,93,48,True,True,《紅芍藥》,元人百種,52,北詞,南呂調隻曲,紅芍藥
4189.1,105,50,True,True,《紅芍藥》,元人百種,52,北詞,南呂調隻曲,紅芍藥
4189.2,98,48,True,True,《紅芍藥》,元人百種,52,北詞,南呂調隻曲,紅芍藥
4190.1,120,42,True,True,《紅芍藥》,元人百種,52,北詞,南呂調隻曲,紅芍藥
4192.1,130,62,True,True,《菩薩梁州》,元人百種,52,北詞,南呂調隻曲,菩薩梁州
4193.1,119,54,True,True,《菩薩梁州》,元人百種,52,北詞,南呂調隻曲,菩薩梁州
4193.2,121,57,True,True,《菩薩梁州》,元人百種,52,北詞,南呂調隻曲,菩薩梁州
4194.1,138,51,True,True,《菩薩梁州》,元人百種,52,北詞,南呂調隻曲,菩薩梁州
4195.1,115,52,True,True,《菩薩梁州》,元人百種,52,北詞,南呂調隻曲,菩薩梁州
4197.1,133,59,True,True,《賀新郎》,月令承應,52,北詞,南呂調隻曲,賀新郎
4198.1,142,72,True,True,《賀新郎》,元人百種,52,北詞,南呂調隻曲,賀新郎
4199.1,111,12,True,False,《賀新郎》,元人百種,52,北詞,南呂調隻曲,賀新郎
4200.1,95,54,True,True,《賀新郎》,散曲,52,北詞,南呂調隻曲,賀新郎
4201.1,70,9,True,False,《元鶴鳴（哭皇天）》,太平圖,52,北詞,南呂調隻曲,元鶴鳴
4202.1,108,54,True,True,《元鶴鳴（哭皇天）》,元人百種,52,北詞,南呂調隻曲,元鶴鳴
4203.1,133,13,True,False,《元鶴鳴（哭皇天）》,元人百種,52,北詞,南呂調隻曲,元鶴鳴
4204.1,137,67,True,True,《元鶴鳴（哭皇天）》,元人百種,52,北詞,南呂調隻曲,元鶴鳴
4206.1,79,33,True,True,《謝皇天》,太平圖,52,北詞,南呂調隻曲,謝皇天
4206.2,114,71,True,True,《烏夜啼》,月令承應,52,北詞,南呂調隻曲,烏夜啼
4207.1,131,79,True,True,《烏夜啼》,元人百種,52,北詞,南呂調隻曲,烏夜啼
4208.1,137,75,True,True,《烏夜啼》,元人百種,52,北詞,南呂調隻曲,烏夜啼
4209.1,164,94,True,True,《烏夜啼》,滿牀笏,52,北詞,南呂調隻曲,烏夜啼
4210.1,87,54,True,True,《烏夜啼》,太平圖,52,北詞,南呂調隻曲,烏夜啼
4211.1,143,78,True,True,《烏夜啼》,西川圖,52,北詞,南呂調隻曲,烏夜啼
4212.1,124,68,True,True,《烏夜啼》,雍熙樂府,52,北詞,南呂調隻曲,烏夜啼
4213.1,148,94,True,True,《烏夜啼》,散曲,52,北詞,南呂調隻曲,烏夜啼
4214.1,194,122,True,True,《烏夜啼》,雍熙樂府,52,北詞,南呂調隻曲,烏夜啼
4217.1,46,31,True,True,《四塊玉》,散曲,52,北詞,南呂調隻曲,四塊玉
4217.2,44,6,True,False,《四塊玉》,雍熙樂府,52,北詞,南呂調隻曲,四塊玉
4218.1,105,38,True,True,《四塊玉》,滿牀笏,52,北詞,南呂調隻曲,四塊玉
4219.1,106,38,True,True,《四塊玉》,元人百種,52,北詞,南呂調隻曲,四塊玉
4220.1,108,39,True,True,《四塊玉》,雍熙樂府,52,北詞,南呂調隻曲,四塊玉
4220.2,76,32,True,True,《四塊玉》,散曲,52,北詞,南呂調隻曲,四塊玉
4221.1,54,28,True,True,《四塊玉》,雍熙樂府,52,北詞,南呂調隻曲,四塊玉
4223.1,64,26,True,True,《駡玉郎（瑤華令）》,散曲,52,北詞,南呂調隻曲,駡玉郎
4223.2,77,34,True,True,《駡玉郎（瑤華令）》,元人百種,52,北詞,南呂調隻曲,駡玉郎
4224.1,97,42,True,True,《駡玉郎（瑤華令）》,雍熙樂府,52,北詞,南呂調隻曲,駡玉郎
4224.2,46,24,True,True,《駡玉郎（瑤華令）》,散曲,52,北詞,南呂調隻曲,駡玉郎
4225.1,62,36,True,True,《感皇恩》,散曲,52,北詞,南呂調隻曲,感皇恩
4226.1,80,42,True,True,《感皇恩》,散曲,52,北詞,南呂調隻曲,感皇恩
4227.1,79,37,True,True,《感皇恩》,元人百種,52,北詞,南呂調隻曲,感皇恩
4227.2,101,57,True,True,《感皇恩》,雍熙樂府,52,北詞,南呂調隻曲,感皇恩
4228.1,57,28,True,True,《感皇恩》,董西廂,52,北詞,南呂調隻曲,感皇恩
4229.1,67,32,True,True,《感皇恩》,董西廂,52,北詞,南呂調隻曲,感皇恩
4230.1,51,29,True,True,《採茶歌（楚江秋）》,散曲,52,北詞,南呂調隻曲,採茶歌
4230.2,52,26,True,True,《採茶歌（楚江秋）》,散曲,52,北詞,南呂調隻曲,採茶歌
4231.1,48,25,True,True,《採茶歌（楚江秋）》,太平圖,52,北詞,南呂調隻曲,採茶歌
4232.1,86,35,True,True,《攤破採茶歌》,月令承應,52,北詞,南呂調隻曲,攤破採茶歌
4233.1,226,123,True,True,《草池春（鬭蝦蟆、絮蝦蟆）》,謁魯肅,52,北詞,南呂調隻曲,草池春
4234.1,308,138,True,True,《草池春（鬭蝦蟆、絮蝦蟆）》,雍熙樂府,52,北詞,南呂調隻曲,草池春
4237.1,154,86,True,True,《草池春（鬭蝦蟆、絮蝦蟆）》,西天取經,52,北詞,南呂調隻曲,草池春
4238.1,179,90,True,True,《草池春（鬭蝦蟆、絮蝦蟆）》,欒巴噀酒,52,北詞,南呂調隻曲,草池春
4240.1,165,86,True,True,《草池春（鬭蝦蟆、絮蝦蟆）》,散曲,52,北詞,南呂調隻曲,草池春
4242.1,114,56,True,True,《蝦蟆序》,月令承應,52,北詞,南呂調隻曲,蝦蟆序
4243.1,117,62,True,True,《蝦蟆序》,太平圖,52,北詞,南呂調隻曲,蝦蟆序
4244.1,96,38,True,True,《楚天秋》,太平圖,52,北詞,南呂調隻曲,楚天秋
4244.2,94,48,True,True,《玉嬌枝》,散曲,52,北詞,南呂調隻曲,玉嬌枝
4245.1,112,44,True,True,《玉嬌枝》,太平圖,52,北詞,南呂調隻曲,玉嬌枝
4246.1,99,43,True,True,《玉嬌枝》,月令承應,52,北詞,南呂調隻曲,玉嬌枝
4247.1,110,55,True,True,《玉嬌枝》,月令承應,52,北詞,南呂調隻曲,玉嬌枝
4247.2,99,44,True,True,《玉嬌枝》,雍熙樂府,52,北詞,南呂調隻曲,玉嬌枝
4249.1,80,30,False,True,《鵪鶉兒》,月令承應,52,北詞,南呂調隻曲,鵪鶉兒
4250.1,97,52,False,True,《鵪鶉兒》,雍熙樂府,52,北詞,南呂調隻曲,鵪鶉兒
4251.1,126,50,False,True,《鵪鶉兒》,紙扇記,52,北詞,南呂調隻曲,鵪鶉兒
4252.1,51,24,False,True,《梧桐樹》,月令承應,52,北詞,南呂調隻曲,梧桐樹
4252.2,75,26,False,True,《梧桐樹》,元人百種,52,北詞,南呂調隻曲,梧桐樹
4253.1,72,28,False,True,《閱金經（金字經）》,散曲,52,北詞,南呂調隻曲,閱金經
4254.1,58,28,False,True,《閱金經（金字經）》,散曲,52,北詞,南呂調隻曲,閱金經
4254.2,81,36,False,True,《閱金經（金字經）》,元人百種,52,北詞,南呂調隻曲,閱金經
4255.1,80,27,False,True,《翠盤秋》,散曲,52,北詞,南呂調隻曲,翠盤秋
4256.1,71,26,False,True,《翠盤秋》,散曲,52,北詞,南呂調隻曲,翠盤秋
4257.1,118,56,True,True,《紫靈芝》,太平圖,52,北詞,南呂調隻曲,紫靈芝
4258.1,156,86,True,True,《番竹馬》,九九大慶,52,北詞,南呂調隻曲,番竹馬
4259.1,83,32,True,True,《傀儡兒》,董西廂,52,北詞,南呂調隻曲,傀儡兒
4260.1,84,30,True,True,《傀儡兒》,董西廂,52,北詞,南呂調隻曲,傀儡兒
4261.1,82,32,True,True,《轉山青》,董西廂,52,北詞,南呂調隻曲,轉山青
4261.2,84,35,True,True,《轉山青》,董西廂,52,北詞,南呂調隻曲,轉山青
4262.1,105,46,False,True,《三煞》,元人百種,52,北詞,南呂調隻曲,三煞
4263.1,91,46,False,True,《二煞》,元人百種,52,北詞,南呂調隻曲,二煞
4264.1,108,12,False,False,《煞尾》,元人百種,52,北詞,南呂調隻曲,煞尾
4265.1,108,12,False,False,《煞尾》,散曲,52,北詞,南呂調隻曲,煞尾
4266.1,106,9,False,False,《煞尾》,元人百種,52,北詞,南呂調隻曲,煞尾
4267.1,61,7,False,False,《收尾》,雍熙樂府,52,北詞,南呂調隻曲,收尾
4268.1,82,8,False,False,《收尾》,元人百種,52,北詞,南呂調隻曲,收尾
4268.2,97,11,False,False,《隔尾煞》,散曲,52,北詞,南呂調隻曲,隔尾煞
4269.1,40,4,False,False,《尾聲》,董西廂,52,北詞,南呂調隻曲,尾聲
4279.1,111,10,False,False,《一枝花》,元人百種,53,北詞,南呂調套曲,一枝花
4280.1,199,20,False,False,《梁州第七》,元人百種,53,北詞,南呂調套曲,梁州第七
4281.1,129,40,False,True,《四塊玉》,元人百種,53,北詞,南呂調套曲,四塊玉
4282.1,92,33,False,True,《罵玉郎》,元人百種,53,北詞,南呂調套曲,罵玉郎
4283.1,116,48,False,True,《感皇恩》,元人百種,53,北詞,南呂調套曲,感皇恩
4284.1,85,33,False,True,《採茶歌》,元人百種,53,北詞,南呂調套曲,採茶歌
4284.2,68,33,False,True,《荊山玉》,元人百種,53,北詞,南呂調套曲,荊山玉
4285.1,89,43,False,True,《竹枝歌》,元人百種,53,北詞,南呂調套曲,竹枝歌
4286.1,111,13,False,False,《元鶴鳴》,元人百種,53,北詞,南呂調套曲,元鶴鳴
4287.1,138,82,False,True,《烏夜啼》,元人百種,53,北詞,南呂調套曲,烏夜啼
4288.1,230,19,False,False,《煞尾》,元人百種,53,北詞,南呂調套曲,煞尾
4291.1,94,9,True,False,《一枝花》,元人百種,53,北詞,南呂調套曲,一枝花
4291.2,193,19,False,False,《梁州第七》,元人百種,53,北詞,南呂調套曲,梁州第七
4293.1,97,30,False,True,《隔尾》,元人百種,53,北詞,南呂調套曲,隔尾
4294.1,141,49,False,True,《元鶴鳴》,元人百種,53,北詞,南呂調套曲,元鶴鳴
4295.1,160,71,False,True,《烏夜啼》,元人百種,53,北詞,南呂調套曲,烏夜啼
4296.1,140,62,False,True,《賀新郎》,元人百種,53,北詞,南呂調套曲,賀新郎
4296.2,105,37,False,True,《四塊玉》,元人百種,53,北詞,南呂調套曲,四塊玉
4297.1,80,27,False,True,《罵玉郎》,元人百種,53,北詞,南呂調套曲,罵玉郎
4298.1,102,46,False,True,《感皇恩》,元人百種,53,北詞,南呂調套曲,感皇恩
4299.1,72,36,False,True,《採茶歌》,元人百種,53,北詞,南呂調套曲,採茶歌
4299.2,99,55,False,True,《二煞》,元人百種,53,北詞,南呂調套曲,二煞
4300.1,108,9,False,False,《煞尾》,元人百種,53,北詞,南呂調套曲,煞尾
4303.1,117,10,True,False,《一枝花》,元人百種,53,北詞,南呂調套曲,一枝花
4303.2,222,64,True,True,《梁州第七》,元人百種,53,北詞,南呂調套曲,梁州第七
4305.1,163,64,True,True,《賀新郎》,元人百種,53,北詞,南呂調套曲,賀新郎
4306.1,65,25,True,True,《梧桐樹》,元人百種,53,北詞,南呂調套曲,梧桐樹
4307.1,84,33,True,True,《隔尾》,元人百種,53,北詞,南呂調套曲,隔尾
4307.2,116,10,True,False,《牧羊關》,元人百種,53,北詞,南呂調套曲,牧羊關
4308.1,128,43,True,True,《紅芍藥》,元人百種,53,北詞,南呂調套曲,紅芍藥
4309.1,124,53,True,True,《菩薩梁州》,元人百種,53,北詞,南呂調套曲,菩薩梁州
4310.1,144,20,True,False,《元鶴鳴》,元人百種,53,北詞,南呂調套曲,元鶴鳴
4312.1,149,87,True,True,《烏夜啼》,元人百種,53,北詞,南呂調套曲,烏夜啼
4313.1,91,49,True,True,《三煞》,元人百種,53,北詞,南呂調套曲,三煞
4314.1,108,59,True,True,《二煞》,元人百種,53,北詞,南呂調套曲,二煞
4314.2,109,9,True,False,《煞尾》,元人百種,53,北詞,南呂調套曲,煞尾
4317.1,106,10,False,False,《一枝花》,元人百種,53,北詞,南呂調套曲,一枝花
4318.1,202,21,False,False,《梁州第七》,元人百種,53,北詞,南呂調套曲,梁州第七
4319.1,90,30,False,True,《隔尾》,元人百種,53,北詞,南呂調套曲,隔尾
4320.1,185,74,False,True,《賀新郎》,元人百種,53,北詞,南呂調套曲,賀新郎
4321.1,139,61,False,True,《牧羊關》,元人百種,53,北詞,南呂調套曲,牧羊關
4322.1,123,50,False,True,《二煞》,元人百種,53,北詞,南呂調套曲,二煞
4323.1,99,9,False,False,《煞尾》,元人百種,53,北詞,南呂調套曲,煞尾
4325.1,110,10,False,False,《一枝花》,元人百種,53,北詞,南呂調套曲,一枝花
4326.1,194,21,False,False,《梁州第七》,元人百種,53,北詞,南呂調套曲,梁州第七
4327.1,164,66,False,True,《賀新郎》,元人百種,53,北詞,南呂調套曲,賀新郎
4328.1,77,7,False,False,《隔尾》,元人百種,53,北詞,南呂調套曲,隔尾
4329.1,346,168,False,True,《草池春》,元人百種,53,北詞,南呂調套曲,草池春
4331.1,109,10,False,False,《牧羊關》,元人百種,53,北詞,南呂調套曲,牧羊關
4332.1,76,7,False,False,《隔尾》,元人百種,53,北詞,南呂調套曲,隔尾
4333.1,125,50,False,True,《牧羊關》,元人百種,53,北詞,南呂調套曲,牧羊關
4334.1,94,44,False,True,《紅芍藥》,元人百種,53,北詞,南呂調套曲,紅芍藥
4335.1,133,61,False,True,《菩薩梁州》,元人百種,53,北詞,南呂調套曲,菩薩梁州
4336.1,110,47,False,True,《水仙子》,元人百種,53,北詞,南呂調套曲,水仙子
4337.1,166,17,False,False,《煞尾》,元人百種,53,北詞,南呂調套曲,煞尾
4339.1,96,10,False,False,《一枝花》,元人百種,53,北詞,南呂調套曲,一枝花
4339.2,198,16,False,False,《梁州第七》,元人百種,53,北詞,南呂調套曲,梁州第七
4341.1,85,9,False,False,《隔尾》,元人百種,53,北詞,南呂調套曲,隔尾
4342.1,136,41,False,True,《四塊玉》,元人百種,53,北詞,南呂調套曲,四塊玉
4343.1,85,43,False,True,《罵玉郎》,元人百種,53,北詞,南呂調套曲,罵玉郎
4344.1,116,62,True,True,《感皇恩》,元人百種,53,北詞,南呂調套曲,感皇恩
4344.2,71,35,False,True,《採茶歌》,元人百種,53,北詞,南呂調套曲,採茶歌
4345.1,300,141,False,True,《草池春》,元人百種,53,北詞,南呂調套曲,草池春
4347.1,93,47,False,True,《牧羊關》,元人百種,53,北詞,南呂調套曲,牧羊關
4348.1,80,11,False,False,《隔尾》,元人百種,53,北詞,南呂調套曲,隔尾
4349.1,138,22,False,False,《元鶴鳴》,元人百種,53,北詞,南呂調套曲,元鶴鳴
4350.1,155,91,False,True,《烏夜啼》,元人百種,53,北詞,南呂調套曲,烏夜啼
4351.1,148,14,False,False,《煞尾》,元人百種,53,北詞,南呂調套曲,煞尾
4353.1,91,9,False,False,《一枝花》,天寶遺事,53,北詞,南呂調套曲,一枝花
4353.2,186,86,False,True,《梁州第七》,天寶遺事,53,北詞,南呂調套曲,梁州第七
4355.1,91,47,False,True,《三煞》,天寶遺事,53,北詞,南呂調套曲,三煞
4355.2,96,51,False,True,《二煞》,天寶遺事,53,北詞,南呂調套曲,二煞
4356.1,65,7,False,False,《收尾》,天寶遺事,53,北詞,南呂調套曲,收尾
4359.1,86,10,True,False,《一枝花》,雍熙樂府,53,北詞,南呂調套曲,一枝花
4359.2,175,19,True,False,《梁州第七》,雍熙樂府,53,北詞,南呂調套曲,梁州第七
4361.1,107,44,True,True,《牧羊關》,雍熙樂府,53,北詞,南呂調套曲,牧羊關
4362.1,64,32,True,True,《罵玉郎》,雍熙樂府,53,北詞,南呂調套曲,罵玉郎
4362.2,87,48,True,True,《感皇恩》,雍熙樂府,53,北詞,南呂調套曲,感皇恩
4363.1,39,27,True,True,《採茶歌》,雍熙樂府,53,北詞,南呂調套曲,採茶歌
4364.1,123,63,True,True,《元鶴鳴》,雍熙樂府,53,北詞,南呂調套曲,元鶴鳴
4365.1,127,73,True,True,《烏夜啼》,雍熙樂府,53,北詞,南呂調套曲,烏夜啼
4366.1,77,7,True,False,《煞尾》,雍熙樂府,53,北詞,南呂調套曲,煞尾
4369.1,100,10,True,False,《一枝花》,雍熙樂府,53,北詞,南呂調套曲,一枝花
4369.2,214,18,True,False,《梁州第七》,雍熙樂府,53,北詞,南呂調套曲,梁州第七
4371.1,63,8,True,False,《隔尾》,雍熙樂府,53,北詞,南呂調套曲,隔尾
4372.1,120,36,True,True,《牧羊關》,雍熙樂府,53,北詞,南呂調套曲,牧羊關
4373.1,77,31,True,True,《罵玉郎》,雍熙樂府,53,北詞,南呂調套曲,罵玉郎
4374.1,84,44,True,True,《感皇恩》,雍熙樂府,53,北詞,南呂調套曲,感皇恩
4374.2,60,31,True,True,《採茶歌》,雍熙樂府,53,北詞,南呂調套曲,採茶歌
4375.1,153,76,True,True,《賀新郎》,雍熙樂府,53,北詞,南呂調套曲,賀新郎
4376.1,140,75,True,True,《元鶴鳴》,雍熙樂府,53,北詞,南呂調套曲,元鶴鳴
4377.1,132,76,True,True,《烏夜啼》,雍熙樂府,53,北詞,南呂調套曲,烏夜啼
4378.1,193,18,True,False,《煞尾》,雍熙樂府,53,北詞,南呂調套曲,煞尾
4381.1,78,10,True,False,《一枝花》,雍熙樂府,53,北詞,南呂調套曲,一枝花
4381.2,76,10,True,False,《玉嬌枝》,雍熙樂府,53,北詞,南呂調套曲,玉嬌枝
4382.1,117,67,True,True,《烏夜啼》,雍熙樂府,53,北詞,南呂調套曲,烏夜啼
4383.1,68,38,True,True,《鵪鶉兒》,雍熙樂府,53,北詞,南呂調套曲,鵪鶉兒
4383.2,84,8,True,False,《煞尾》,雍熙樂府,53,北詞,南呂調套曲,煞尾
4385.1,80,10,True,False,《一枝花》,北宮詞紀,53,北詞,南呂調套曲,一枝花
4385.2,174,19,True,False,《梁州第七》,北宮詞紀,53,北詞,南呂調套曲,梁州第七
4387.1,82,36,True,True,《罵玉郎》,北宮詞紀,53,北詞,南呂調套曲,罵玉郎
4387.2,97,57,True,True,《感皇恩》,北宮詞紀,53,北詞,南呂調套曲,感皇恩
4388.1,63,35,True,True,《採茶歌》,北宮詞紀,53,北詞,南呂調套曲,採茶歌
4389.1,100,10,True,False,《煞尾》,北宮詞紀,53,北詞,南呂調套曲,煞尾
4391.1,90,9,True,False,《一枝花》,北宮詞紀,53,北詞,南呂調套曲,一枝花
4391.2,195,66,True,True,《梁州第七》,北宮詞紀,53,北詞,南呂調套曲,梁州第七
4393.1,85,41,True,True,《罵玉郎》,北宮詞紀,53,北詞,南呂調套曲,罵玉郎
4393.2,103,51,True,True,《感皇恩》,北宮詞紀,53,北詞,南呂調套曲,感皇恩
4394.1,59,35,True,True,《採茶歌》,北宮詞紀,53,北詞,南呂調套曲,採茶歌
4395.1,67,7,True,False,《收尾》,北宮詞紀,53,北詞,南呂調套曲,收尾
4397.1,133,43,True,True,《一枝花》,法宮雅奏,53,北詞,南呂調套曲,一枝花
4397.2,227,87,True,True,《梁州第七》,法宮雅奏,53,北詞,南呂調套曲,梁州第七
4399.1,248,93,True,True,《梁州第七》,法宮雅奏,53,北詞,南呂調套曲,梁州第七
4401.1,80,42,True,True,《收尾》,法宮雅奏,53,北詞,南呂調套曲,收尾
4411.1,95,10,True,False,《一枝花》,九九大慶,54,北詞,南呂調套曲,一枝花
4412.1,110,50,True,True,《玉嬌枝》,九九大慶,54,北詞,南呂調套曲,玉嬌枝
4413.1,118,53,True,True,《玉嬌枝》,九九大慶,54,北詞,南呂調套曲,玉嬌枝
4413.2,148,81,True,True,《烏夜啼》,九九大慶,54,北詞,南呂調套曲,烏夜啼
4415.1,149,78,True,True,《烏夜啼》,九九大慶,54,北詞,南呂調套曲,烏夜啼
4416.1,115,61,True,True,《鵪鶉兒》,九九大慶,54,北詞,南呂調套曲,鵪鶉兒
4417.1,101,56,True,True,《鵪鶉兒》,九九大慶,54,北詞,南呂調套曲,鵪鶉兒
4417.2,93,8,True,False,《慶餘》,九九大慶,54,北詞,南呂調套曲,慶餘
4419.1,75,10,True,False,《一枝花》,西天取經,54,北詞,南呂調套曲,一枝花
4419.2,163,18,True,False,《梁州第七》,西天取經,54,北詞,南呂調套曲,梁州第七
4421.1,73,9,True,False,《隔尾》,西天取經,54,北詞,南呂調套曲,隔尾
4421.2,88,10,True,False,《牧羊關》,西天取經,54,北詞,南呂調套曲,牧羊關
4422.1,97,56,True,True,《罵玉郎》,西天取經,54,北詞,南呂調套曲,罵玉郎
4423.1,101,66,True,True,《感皇恩》,西天取經,54,北詞,南呂調套曲,感皇恩
4424.1,71,43,True,True,《採茶歌》,西天取經,54,北詞,南呂調套曲,採茶歌
4424.2,144,29,True,True,《元鶴鳴》,西天取經,54,北詞,南呂調套曲,元鶴鳴
4425.1,157,87,True,True,《烏夜啼》,西天取經,54,北詞,南呂調套曲,烏夜啼
4426.1,93,46,True,True,《紅芍藥》,西天取經,54,北詞,南呂調套曲,紅芍藥
4427.1,116,63,True,True,《菩薩梁州》,西天取經,54,北詞,南呂調套曲,菩薩梁州
4428.1,58,6,True,False,《煞尾》,西天取經,54,北詞,南呂調套曲,煞尾
4431.1,108,10,True,False,《一枝花》,浣紗記,54,北詞,南呂調套曲,一枝花
4431.2,203,22,True,False,《梁州第七》,浣紗記,54,北詞,南呂調套曲,梁州第七
4433.1,110,12,True,False,《牧羊關》,浣紗記,54,北詞,南呂調套曲,牧羊關
4434.1,110,40,True,True,《四塊玉》,浣紗記,54,北詞,南呂調套曲,四塊玉
4435.1,127,18,True,False,《元鶴鳴》,浣紗記,54,北詞,南呂調套曲,元鶴鳴
4436.1,153,91,True,True,《烏夜啼》,浣紗記,54,北詞,南呂調套曲,烏夜啼
4437.1,67,7,True,False,《收尾》,浣紗記,54,北詞,南呂調套曲,收尾
4439.1,107,10,True,False,《一枝花》,紅梅記,54,北詞,南呂調套曲,一枝花
4440.1,208,19,True,False,《梁州第七》,紅梅記,54,北詞,南呂調套曲,梁州第七
4441.1,181,76,True,True,《牧羊關》,紅梅記,54,北詞,南呂調套曲,牧羊關
4442.1,125,53,True,True,《四塊玉》,紅梅記,54,北詞,南呂調套曲,四塊玉
4443.1,78,37,True,True,《罵玉郎》,紅梅記,54,北詞,南呂調套曲,罵玉郎
4444.1,119,61,True,True,《元鶴鳴》,紅梅記,54,北詞,南呂調套曲,元鶴鳴
4445.1,131,83,True,True,《烏夜啼》,紅梅記,54,北詞,南呂調套曲,烏夜啼
4446.1,91,8,True,False,《收尾》,紅梅記,54,北詞,南呂調套曲,收尾
4449.1,119,10,True,False,《一枝花》,長生殿,54,北詞,南呂調套曲,一枝花
4450.1,230,71,True,True,《梁州第七》,長生殿,54,北詞,南呂調套曲,梁州第七
4451.1,78,7,True,False,《九轉貨郎兒》,長生殿,54,北詞,南呂調套曲,九轉貨郎兒
4452.1,124,57,True,True,《二轉》,長生殿,54,北詞,南呂調套曲,二轉
4453.1,164,80,True,True,《三轉》,長生殿,54,北詞,南呂調套曲,三轉
4454.1,189,90,True,True,《四轉》,長生殿,54,北詞,南呂調套曲,四轉
4455.1,280,81,True,True,《五轉》,長生殿,54,北詞,南呂調套曲,五轉
4457.1,198,109,True,True,《六轉》,長生殿,54,北詞,南呂調套曲,六轉
4458.1,153,48,True,True,《七轉》,長生殿,54,北詞,南呂調套曲,七轉
4459.1,237,103,True,True,《八轉》,長生殿,54,北詞,南呂調套曲,八轉
4461.1,257,106,True,True,《九轉》,長生殿,54,北詞,南呂調套曲,九轉
4462.1,96,40,True,True,《收尾》,長生殿,54,北詞,南呂調套曲,收尾
4465.1,106,10,True,False,《一枝花》,勸善金科,54,北詞,南呂調套曲,一枝花
4465.2,91,38,True,True,《九轉貨郎兒》,勸善金科,54,北詞,南呂調套曲,九轉貨郎兒
4466.1,105,49,True,True,《二轉》,勸善金科,54,北詞,南呂調套曲,二轉
4467.1,108,57,True,True,《三轉》,勸善金科,54,北詞,南呂調套曲,三轉
4468.1,146,77,True,True,《四轉》,勸善金科,54,北詞,南呂調套曲,四轉
4469.1,183,98,True,True,《五轉》,勸善金科,54,北詞,南呂調套曲,五轉
4470.1,181,96,True,True,《六轉》,勸善金科,54,北詞,南呂調套曲,六轉
4472.1,120,63,True,True,《七轉》,勸善金科,54,北詞,南呂調套曲,七轉
4473.1,171,91,True,True,《八轉》,勸善金科,54,北詞,南呂調套曲,八轉
4474.1,208,106,True,True,《九轉》,勸善金科,54,北詞,南呂調套曲,九轉
4476.1,44,5,True,False,《煞尾》,勸善金科,54,北詞,南呂調套曲,煞尾
4477.1,54,6,True,False,《四塊玉》,月令承應,54,北詞,南呂調套曲,四塊玉
4477.2,79,42,True,True,《罵玉郎》,月令承應,54,北詞,南呂調套曲,罵玉郎
4478.1,103,51,True,True,《感皇恩》,月令承應,54,北詞,南呂調套曲,感皇恩
4479.1,69,36,True,True,《採茶歌》,月令承應,54,北詞,南呂調套曲,採茶歌
4479.2,91,51,True,True,《感皇恩》,月令承應,54,北詞,南呂調套曲,感皇恩
4480.1,38,4,True,False,《尾聲》,月令承應,54,北詞,南呂調套曲,尾聲
4481.1,108,41,True,True,《楚天秋》,月令承應,54,北詞,南呂調套曲,楚天秋
4481.2,102,42,True,True,《紅芍藥》,月令承應,54,北詞,南呂調套曲,紅芍藥
4482.1,82,40,True,True,《醉鄉春》,月令承應,54,北詞,南呂調套曲,醉鄉春
4483.1,107,58,True,True,《烏夜啼》,月令承應,54,北詞,南呂調套曲,烏夜啼
4484.1,50,5,True,False,《煞尾》,月令承應,54,北詞,南呂調套曲,煞尾
4485.1,107,42,True,True,《四塊玉》,法宮雅奏,54,北詞,南呂調套曲,四塊玉
4485.2,80,30,True,True,《罵玉郎》,法宮雅奏,54,北詞,南呂調套曲,罵玉郎
4486.1,83,31,True,True,《罵玉郎》,法宮雅奏,54,北詞,南呂調套曲,罵玉郎
4487.1,88,44,True,True,《感皇恩》,法宮雅奏,54,北詞,南呂調套曲,感皇恩
4487.2,74,37,True,True,《感皇恩》,法宮雅奏,54,北詞,南呂調套曲,感皇恩
4488.1,56,31,True,True,《採茶歌》,法宮雅奏,54,北詞,南呂調套曲,採茶歌
4489.1,65,5,True,False,《煞尾》,法宮雅奏,54,北詞,南呂調套曲,煞尾
4491.1,65,9,True,False,《四塊玉》,盛世新聲,54,北詞,南呂調套曲,四塊玉
4491.2,71,26,True,True,《罵玉郎》,盛世新聲,54,北詞,南呂調套曲,罵玉郎
4492.1,69,33,True,True,《感皇恩》,盛世新聲,54,北詞,南呂調套曲,感皇恩
4492.2,58,26,True,True,《採茶歌》,盛世新聲,54,北詞,南呂調套曲,採茶歌
4493.1,54,22,True,True,《梧桐樹》,盛世新聲,54,北詞,南呂調套曲,梧桐樹
4493.2,106,54,True,True,《賀新郎》,盛世新聲,54,北詞,南呂調套曲,賀新郎
4494.1,64,34,True,True,《謝皇天》,盛世新聲,54,北詞,南呂調套曲,謝皇天
4495.1,87,55,True,True,《烏夜啼》,盛世新聲,54,北詞,南呂調套曲,烏夜啼
4496.1,53,7,True,False,《收尾》,盛世新聲,54,北詞,南呂調套曲,收尾
4497.1,96,48,True,True,《玉嬌枝》,西天取經,54,北詞,南呂調套曲,玉嬌枝
4497.2,80,42,False,True,《四塊玉》,西天取經,54,北詞,南呂調套曲,四塊玉
4498.1,98,49,False,True,《玉嬌枝》,西天取經,54,北詞,南呂調套曲,玉嬌枝
4499.1,81,41,False,True,《四塊玉》,西天取經,54,北詞,南呂調套曲,四塊玉
4500.1,95,48,False,True,《玉嬌枝》,西天取經,54,北詞,南呂調套曲,玉嬌枝
4500.2,80,41,False,True,《四塊玉》,西天取經,54,北詞,南呂調套曲,四塊玉
4501.1,101,50,False,True,《玉嬌枝》,西天取經,54,北詞,南呂調套曲,玉嬌枝
4502.1,83,41,False,True,《四塊玉》,西天取經,54,北詞,南呂調套曲,四塊玉
4502.2,74,40,False,True,《醉鄉春》,西天取經,54,北詞,南呂調套曲,醉鄉春
4503.1,48,30,False,True,《小將軍》,西天取經,54,北詞,南呂調套曲,小將軍
4504.1,68,29,False,True,《清江引》,西天取經,54,北詞,南呂調套曲,清江引
4504.2,87,46,False,True,《碧玉蕭》,西天取經,54,北詞,南呂調套曲,碧玉蕭
4505.1,55,30,False,True,《隨尾》,西天取經,54,北詞,南呂調套曲,隨尾
4507.1,211,95,True,True,《梁州第七》,北宮詞紀,54,北詞,南呂調套曲,梁州第七
4508.1,95,38,True,True,《一枝花》,北宮詞紀,54,北詞,南呂調套曲,一枝花
4509.1,74,8,True,False,《煞尾》,北宮詞紀,54,北詞,南呂調套曲,煞尾
4513.1,104,36,False,True,《北四塊玉》,法宮雅奏,55,合套,南呂調合套,北四塊玉
4514.1,160,72,False,True,《南柰子花》,法宮雅奏,55,合套,南呂調合套,南柰子花
4514.2,66,26,False,True,《北梧桐樹》,法宮雅奏,55,合套,南呂調合套,北梧桐樹
4515.1,175,56,False,True,《南金梧桐》,法宮雅奏,55,合套,南呂調合套,南金梧桐
4516.1,82,31,False,True,《北罵玉郎》,法宮雅奏,55,合套,南呂調合套,北罵玉郎
4516.2,159,75,False,True,《南東甌令》,法宮雅奏,55,合套,南呂調合套,南東甌令
4517.1,92,42,False,True,《北感皇恩》,法宮雅奏,55,合套,南呂調合套,北感皇恩
4517.2,154,58,False,True,《南大勝樂》,法宮雅奏,55,合套,南呂調合套,南大勝樂
4518.1,81,41,False,True,《北採茶歌》,法宮雅奏,55,合套,南呂調合套,北採茶歌
4519.1,101,41,False,True,《南祝九如》,法宮雅奏,55,合套,南呂調合套,南祝九如
4520.1,126,57,False,True,《北紫靈芝》,法宮雅奏,55,合套,南呂調合套,北紫靈芝
4521.1,147,56,False,True,《南解三酲》,法宮雅奏,55,合套,南呂調合套,南解三酲
4522.1,170,97,False,True,《北烏夜啼》,法宮雅奏,55,合套,南呂調合套,北烏夜啼
4523.1,52,21,False,True,《南尾聲》,法宮雅奏,55,合套,南呂調合套,南尾聲
4525.1,116,48,True,True,《北一枝花》,雍熙樂府,55,合套,南呂調合套,北一枝花
4525.2,128,39,True,True,《南一江風》,雍熙樂府,55,合套,南呂調合套,南一江風
4526.1,121,44,True,True,《北紅芍藥》,雍熙樂府,55,合套,南呂調合套,北紅芍藥
4527.1,193,72,True,True,《南夜過扶風》,雍熙樂府,55,合套,南呂調合套,南夜過扶風
4528.1,72,28,True,True,《北罵玉郎》,雍熙樂府,55,合套,南呂調合套,北罵玉郎
4529.1,89,54,True,True,《南節節高》,雍熙樂府,55,合套,南呂調合套,南節節高
4530.1,117,60,True,True,《北感皇恩帶採茶歌》,雍熙樂府,55,合套,南呂調合套,北感皇恩帶採茶歌
4531.1,76,52,True,True,《南節節高》,雍熙樂府,55,合套,南呂調合套,南節節高
4531.2,32,4,True,False,《北尾聲》,雍熙樂府,55,合套,南呂調合套,北尾聲
4539.1,58,6,False,False,《鳳凰閣》,月令承應,56,南詞,商調引,鳳凰閣
4540.1,39,4,False,False,《三臺令》,月令承應,56,南詞,商調引,三臺令
4540.2,48,6,False,False,《逍遙樂》,月令承應,56,南詞,商調引,逍遙樂
4541.1,40,5,False,False,《逍遙樂》,勸善金科,56,南詞,商調引,逍遙樂
4541.2,40,5,False,False,《憶秦娥》,勸善金科,56,南詞,商調引,憶秦娥
4542.1,85,5,False,False,《憶秦娥》,琵琶記,56,南詞,商調引,憶秦娥
4543.1,82,11,False,False,《高陽臺》,琵琶記,56,南詞,商調引,高陽臺
4543.2,84,10,False,False,《高陽臺》,琵琶記,56,南詞,商調引,高陽臺
4544.1,47,5,False,False,《慶青春》,白兔記,56,南詞,商調引,慶青春
4545.1,79,7,False,False,《熙州三臺（伊州三臺）》,王魁舊傳,56,南詞,商調引,熙州三臺
4545.2,58,6,False,False,《遶池遊（遶地遊）》,浣紗記,56,南詞,商調引,遶池遊
4546.1,92,8,False,False,《秋夜雨》,蔣捷詞,56,南詞,商調引,秋夜雨
4547.1,182,26,False,False,《解連環》,周邦彥詞,56,南詞,商調引,解連環
4548.1,63,6,False,False,《十二時》,琵琶記,56,南詞,商調引,十二時
4549.1,58,6,False,False,《十二時》,王魁舊傳,56,南詞,商調引,十二時
4549.2,102,12,False,False,《二郎神慢》,西樓記,56,南詞,商調引,二郎神慢
4550.1,186,15,False,False,《二郎神慢》,柳永詞,56,南詞,商調引,二郎神慢
4552.1,91,11,False,False,《集賢賓（接賢賓）》,毛文錫詞,56,南詞,商調引,集賢賓
4552.2,100,11,False,False,《集賢賓（接賢賓）》,柳永詞,56,南詞,商調引,集賢賓
4553.1,22,3,False,False,《接雲鶴》,勸善金科,56,南詞,商調引,接雲鶴
4554.1,53,4,False,False,《牧犢歌》,寶劍記,56,南詞,商調引,牧犢歌
4554.2,78,9,True,False,《意遲遲》,南柯夢,56,南詞,商調引,意遲遲
4555.1,59,9,False,False,《折梧桐》,太平圖,56,南詞,商調引,折梧桐
4555.2,57,7,False,False,《長相思》,明珠記,56,南詞,商調引,長相思
4556.1,72,8,False,False,《永遇樂》,蘇軾詞,56,南詞,商調引,永遇樂
4557.1,138,13,True,False,《望梅花》,蒲宗孟詞,56,南詞,商調引,望梅花
4558.1,62,7,True,False,《太平春》,晬盤記,56,南詞,商調引,太平春
4579.1,219,98,False,True,《二郎神》,太平圖,57,南詞,商調正曲,二郎神
4580.1,233,97,False,True,《二郎神》,散曲,57,南詞,商調正曲,二郎神
4580.2,225,104,False,True,《二郎神》,金雀記,57,南詞,商調正曲,二郎神
4581.1,151,58,False,True,《二郎神》,太平圖,57,南詞,商調正曲,二郎神
4582.1,252,114,False,True,《二郎神》,散曲,57,南詞,商調正曲,二郎神
4583.1,219,110,False,True,《二郎神》,金雀記,57,南詞,商調正曲,二郎神
4584.1,210,90,False,True,《二郎神慢》,拜月亭,57,南詞,商調正曲,二郎神慢
4585.1,226,101,True,True,《二郎神慢》,牡丹亭,57,南詞,商調正曲,二郎神慢
4586.1,206,105,False,True,《集賢賓》,月令承應,57,南詞,商調正曲,集賢賓
4587.1,211,105,False,True,《集賢賓》,散曲,57,南詞,商調正曲,集賢賓
4588.1,142,53,False,True,《集賢賓》,拜月亭,57,南詞,商調正曲,集賢賓
4589.1,205,94,False,True,《集賢賓》,牡丹亭,57,南詞,商調正曲,集賢賓
4589.2,146,53,False,True,《集賢賓》,散曲,57,南詞,商調正曲,集賢賓
4590.1,178,86,False,True,《鶯啼序》,月令承應,57,南詞,商調正曲,鶯啼序
4591.1,126,52,False,True,《鶯啼序》,金雀記,57,南詞,商調正曲,鶯啼序
4592.1,198,96,False,True,《鶯啼序》,荊釵記,57,南詞,商調正曲,鶯啼序
4592.2,207,104,False,True,《鶯啼序》,散曲,57,南詞,商調正曲,鶯啼序
4593.1,115,48,False,True,《鶯啼序》,散曲,57,南詞,商調正曲,鶯啼序
4594.1,205,100,False,True,《囀林鶯》,月令承應,57,南詞,商調正曲,囀林鶯
4595.1,202,103,True,True,《囀林鶯》,法宮雅奏,57,南詞,商調正曲,囀林鶯
4595.2,131,52,True,True,《囀林鶯》,九九大慶,57,南詞,商調正曲,囀林鶯
4596.1,195,104,True,True,《囀林鶯》,四喜記,57,南詞,商調正曲,囀林鶯
4597.1,162,84,False,True,《黃鶯兒（金衣公子）》,散曲,57,南詞,商調正曲,黃鶯兒
4598.1,180,86,False,True,《黃鶯兒（金衣公子）》,荊釵記,57,南詞,商調正曲,黃鶯兒
4599.1,116,46,False,True,《黃鶯兒（金衣公子）》,散曲,57,南詞,商調正曲,黃鶯兒
4599.2,106,46,False,True,《黃鶯兒（金衣公子）》,散曲,57,南詞,商調正曲,黃鶯兒
4600.1,145,78,True,True,《簇御林》,法宮雅奏,57,南詞,商調正曲,簇御林
4601.1,88,39,False,True,《簇御林》,荊釵記,57,南詞,商調正曲,簇御林
4602.1,87,41,False,True,《簇御林》,牡丹亭,57,南詞,商調正曲,簇御林
4603.1,71,39,False,True,《琥珀貓兒墜》,月令承應,57,南詞,商調正曲,琥珀貓兒墜
4603.2,68,38,False,True,《琥珀貓兒墜》,勸善金科,57,南詞,商調正曲,琥珀貓兒墜
4604.1,185,100,False,True,《高陽臺》,勸善金科,57,南詞,商調正曲,高陽臺
4605.1,173,102,False,True,《高陽臺》,長生殿,57,南詞,商調正曲,高陽臺
4605.2,202,114,False,True,《高陽臺》,長生殿,57,南詞,商調正曲,高陽臺
4606.1,115,58,True,True,《高陽臺》,勸善金科,57,南詞,商調正曲,高陽臺
4607.1,367,167,True,True,《字字錦》,月令承應,57,南詞,商調正曲,字字錦
4609.1,373,168,True,True,《字字錦》,散曲,57,南詞,商調正曲,字字錦
4610.1,369,168,True,True,《字字錦》,長生殿,57,南詞,商調正曲,字字錦
4612.1,360,164,True,True,《字字錦》,散曲,57,南詞,商調正曲,字字錦
4613.1,293,140,True,True,《字字錦》,雍熙樂府,57,南詞,商調正曲,字字錦
4614.1,181,65,True,True,《字字錦》,雍熙樂府,57,南詞,商調正曲,字字錦
4616.1,172,65,True,True,《字字錦》,雍熙樂府,57,南詞,商調正曲,字字錦
4617.1,356,159,True,True,《字字錦》,紫釵記,57,南詞,商調正曲,字字錦
4618.1,130,54,True,True,《滿園春（雪獅子、鵲踏枝）》,長生殿,57,南詞,商調正曲,滿園春
4619.1,118,54,True,True,《滿園春（雪獅子、鵲踏枝）》,散曲,57,南詞,商調正曲,滿園春
4620.1,115,50,True,True,《滿園春（雪獅子、鵲踏枝）》,散曲,57,南詞,商調正曲,滿園春
4621.1,145,63,True,True,《滿園春（雪獅子、鵲踏枝）》,散曲,57,南詞,商調正曲,滿園春
4622.1,90,54,True,True,《滿園春（雪獅子、鵲踏枝）》,牧羊記,57,南詞,商調正曲,滿園春
4623.1,208,98,True,True,《山坡裏羊》,月令承應,57,南詞,商調正曲,山坡裏羊
4624.1,229,98,True,True,《山坡裏羊》,散曲,57,南詞,商調正曲,山坡裏羊
4625.1,214,106,True,True,《山坡裏羊》,拜月亭,57,南詞,商調正曲,山坡裏羊
4626.1,177,55,True,True,《山坡裏羊》,拜月亭,57,南詞,商調正曲,山坡裏羊
4627.1,230,106,True,True,《山坡羊》,四賢記,57,南詞,商調正曲,山坡羊
4628.1,229,103,True,True,《山坡羊》,荊釵記,57,南詞,商調正曲,山坡羊
4629.1,246,105,True,True,《山坡羊》,荊釵記,57,南詞,商調正曲,山坡羊
4630.1,242,106,True,True,《山坡羊》,琵琶記,57,南詞,商調正曲,山坡羊
4631.1,168,54,True,True,《山坡羊》,琵琶記,57,南詞,商調正曲,山坡羊
4632.1,231,106,True,True,《山坡羊》,拜月亭,57,南詞,商調正曲,山坡羊
4633.1,80,45,True,True,《水紅花》,紅梨記,57,南詞,商調正曲,水紅花
4634.1,79,45,True,True,《水紅花》,散曲,57,南詞,商調正曲,水紅花
4635.1,190,89,True,True,《水紅花》,散曲,57,南詞,商調正曲,水紅花
4636.1,76,46,True,True,《水紅花》,拜月亭,57,南詞,商調正曲,水紅花
4636.2,111,46,True,True,《水紅花》,牡丹亭,57,南詞,商調正曲,水紅花
4637.1,177,89,True,True,《水紅花》,雍熙樂府,57,南詞,商調正曲,水紅花
4638.1,49,31,True,True,《水紅花》,精忠記,57,南詞,商調正曲,水紅花
4639.1,398,185,True,True,《漁父第一》,散曲,57,南詞,商調正曲,漁父第一
4641.1,314,157,True,True,《寄生子》,散曲,57,南詞,商調正曲,寄生子
4642.1,194,80,True,True,《寄生子》,太平圖,57,南詞,商調正曲,寄生子
4644.1,92,38,True,True,《五團花》,散曲,57,南詞,商調正曲,五團花
4645.1,67,32,True,True,《五團花》,臥冰記,57,南詞,商調正曲,五團花
4645.2,47,29,True,True,《吳小四》,琵琶記,57,南詞,商調正曲,吳小四
4646.1,44,29,True,True,《吳小四》,殺狗記,57,南詞,商調正曲,吳小四
4647.1,51,29,True,True,《吳小四》,江天雪,57,南詞,商調正曲,吳小四
4647.2,151,76,True,True,《梧桐葉（梧桐花、梧桐枝）》,拜月亭,57,南詞,商調正曲,梧桐葉
4648.1,100,37,True,True,《梧桐葉（梧桐花、梧桐枝）》,紫釵記,57,南詞,商調正曲,梧桐葉
4649.1,161,73,True,True,《梧桐葉（梧桐花、梧桐枝）》,散曲,57,南詞,商調正曲,梧桐葉
4650.1,157,63,True,True,《梧桐樹》,殺狗記,57,南詞,商調正曲,梧桐樹
4651.1,170,65,True,True,《梧桐樹》,雍熙樂府,57,南詞,商調正曲,梧桐樹
4651.2,149,65,True,True,《梧桐樹》,殺狗記,57,南詞,商調正曲,梧桐樹
4652.1,153,65,True,True,《梧桐樹》,太平錢,57,南詞,商調正曲,梧桐樹
4653.1,133,57,True,True,《金梧桐》,葛衣記,57,南詞,商調正曲,金梧桐
4654.1,152,57,True,True,《金梧桐》,散曲,57,南詞,商調正曲,金梧桐
4655.1,100,29,True,True,《金梧桐》,拜月亭,57,南詞,商調正曲,金梧桐
4655.2,163,64,True,True,《喜梧桐》,詞林摘艷,57,南詞,商調正曲,喜梧桐
4656.1,164,65,True,True,《喜梧桐》,詞林摘艷,57,南詞,商調正曲,喜梧桐
4657.1,104,31,True,True,《喜梧桐》,詞林摘艷,57,南詞,商調正曲,喜梧桐
4658.1,170,69,True,True,《喜梧桐》,雍熙樂府,57,南詞,商調正曲,喜梧桐
4659.1,160,69,True,True,《喜梧桐》,雍熙樂府,57,南詞,商調正曲,喜梧桐
4660.1,168,71,True,True,《擊梧桐》,散曲,57,南詞,商調正曲,擊梧桐
4660.2,140,59,True,True,《擊梧桐》,散曲,57,南詞,商調正曲,擊梧桐
4661.1,129,55,True,True,《擊梧桐》,詞林摘艷,57,南詞,商調正曲,擊梧桐
4662.1,112,49,True,True,《哭梧桐》,綵樓記,57,南詞,商調正曲,哭梧桐
4663.1,47,31,True,True,《梧葉兒（知秋令）》,散曲,57,南詞,商調正曲,梧葉兒
4663.2,63,32,True,True,《梧葉兒（知秋令）》,雍熙樂府,57,南詞,商調正曲,梧葉兒
4664.1,57,31,True,True,《梧葉兒（知秋令）》,雍熙樂府,57,南詞,商調正曲,梧葉兒
4665.1,54,31,True,True,《梧葉兒（知秋令）》,荊釵記,57,南詞,商調正曲,梧葉兒
4665.2,57,32,True,True,《梧葉兒（知秋令）》,白兔記,57,南詞,商調正曲,梧葉兒
4666.1,60,32,True,True,《梧葉兒（知秋令）》,散曲,57,南詞,商調正曲,梧葉兒
4666.2,57,31,True,True,《梧葉兒（知秋令）》,綵樓記,57,南詞,商調正曲,梧葉兒
4667.1,57,33,True,True,《梧葉兒（知秋令）》,尋親記,57,南詞,商調正曲,梧葉兒
4668.1,182,84,True,True,《索兒序》,牧羊記,57,南詞,商調正曲,索兒序
4669.1,182,102,True,True,《三臺令》,法宮雅奏,57,南詞,商調正曲,三臺令
4669.2,124,52,True,True,《三臺令》,法宮雅奏,57,南詞,商調正曲,三臺令
4670.1,84,32,True,True,《秋夜雨》,散曲,57,南詞,商調正曲,秋夜雨
4671.1,351,177,True,True,《高山流水》,吳文英詞,57,南詞,商調正曲,高山流水
4672.1,335,167,True,True,《西湖月》,黃子行詞,57,南詞,商調正曲,西湖月
4674.1,167,81,True,True,《迎春樂》,柳永詞,57,南詞,商調正曲,迎春樂
4675.1,128,32,True,True,《二郎賺》,白兔記,57,南詞,商調正曲,二郎賺
4676.1,112,26,True,True,《本調賺》,長生殿,57,南詞,商調正曲,本調賺
4676.2,35,22,True,True,《尚遶梁煞》,白兔記,57,南詞,商調正曲,尚遶梁煞
4677.1,64,31,True,True,《尚遶梁煞》,拜月亭,57,南詞,商調正曲,尚遶梁煞
4677.2,44,23,True,True,《慶餘》,月令承應,57,南詞,商調正曲,慶餘
4678.1,44,23,True,True,《慶餘》,月令承應,57,南詞,商調正曲,慶餘
4697.1,96,39,True,True,《御林鶯（簇林鶯）》,九九大慶,58,南詞,商調集曲,御林鶯
4698.1,101,48,True,True,《御林鶯（簇林鶯）》,散曲,58,南詞,商調集曲,御林鶯
4698.2,106,48,True,True,《御林鶯（簇林鶯）》,散曲,58,南詞,商調集曲,御林鶯
4699.1,136,63,True,True,《御袍黃（簇袍鶯）》,十孝記,58,南詞,商調集曲,御袍黃
4700.1,121,64,True,True,《御袍黃（簇袍鶯）》,四元記,58,南詞,商調集曲,御袍黃
4701.1,108,51,True,True,《攤破簇御林》,節孝記,58,南詞,商調集曲,攤破簇御林
4702.1,191,80,True,True,《御林花木集（玉啄四時賓）》,鴛鴦棒,58,南詞,商調集曲,御林花木集
4703.1,96,42,True,True,《簇御袍》,萬事足,58,南詞,商調集曲,簇御袍
4704.1,74,35,True,True,《御林出隊》,散曲,58,南詞,商調集曲,御林出隊
4705.1,103,45,True,True,《御林啄木》,散曲,58,南詞,商調集曲,御林啄木
4705.2,94,50,True,True,《林間三巧音》,散曲,58,南詞,商調集曲,林間三巧音
4706.1,196,88,True,True,《清商七集》,節孝記,58,南詞,商調集曲,清商七集
4708.1,197,101,True,True,《二賢賓》,鑿井記,58,南詞,商調集曲,二賢賓
4708.2,189,90,True,True,《二鶯兒》,尋親記,58,南詞,商調集曲,二鶯兒
4709.1,122,54,True,True,《二郎抱公子》,尋親記,58,南詞,商調集曲,二郎抱公子
4711.1,199,97,True,True,《二郎試畫眉》,一合相,58,南詞,商調集曲,二郎試畫眉
4712.1,864,411,True,True,《聚十八（鬧十八）》,散曲,58,南詞,商調集曲,聚十八
4716.1,194,97,True,True,《集鶯花》,散曲,58,南詞,商調集曲,集鶯花
4717.1,243,135,True,True,《集鶯花》,一合相,58,南詞,商調集曲,集鶯花
4718.1,179,104,True,True,《集賢降黃龍》,散曲,58,南詞,商調集曲,集賢降黃龍
4719.1,198,108,True,True,《集賢聽畫眉》,散曲,58,南詞,商調集曲,集賢聽畫眉
4719.2,195,108,True,True,《集賢醉公子》,散曲,58,南詞,商調集曲,集賢醉公子
4720.1,237,117,True,True,《集賢郎》,散曲,58,南詞,商調集曲,集賢郎
4721.1,99,50,True,True,《集鶯郎》,摘金園,58,南詞,商調集曲,集鶯郎
4722.1,167,107,True,True,《賢郎聽黃鶯》,明珠記,58,南詞,商調集曲,賢郎聽黃鶯
4723.1,169,73,True,True,《集賢雙聽鶯》,散曲,58,南詞,商調集曲,集賢雙聽鶯
4724.1,167,90,True,True,《鶯鶯兒（啼鶯兒）》,白兔記,58,南詞,商調集曲,鶯鶯兒
4725.1,131,48,True,True,《鶯鶯兒（啼鶯兒）》,白兔記,58,南詞,商調集曲,鶯鶯兒
4726.1,178,98,True,True,《鶯啼春色》,節孝記,58,南詞,商調集曲,鶯啼春色
4727.1,138,54,True,True,《鶯啼春色》,西樓記,58,南詞,商調集曲,鶯啼春色
4727.2,182,103,True,True,《鶯集御林》,風流夢,58,南詞,商調集曲,鶯集御林
4728.1,180,101,True,True,《鶯啼御林》,牡丹亭,58,南詞,商調集曲,鶯啼御林
4729.1,200,104,True,True,《鶯集御林囀（鶯集御林春）》,拜月亭,58,南詞,商調集曲,鶯集御林囀
4730.1,223,94,True,True,《鶯賀簇賢賓》,寶劍記,58,南詞,商調集曲,鶯賀簇賢賓
4731.1,98,44,True,True,《啼鶯喚啄木》,散曲,58,南詞,商調集曲,啼鶯喚啄木
4732.1,440,218,True,True,《鶯集園林二月花》,散曲,58,南詞,商調集曲,鶯集園林二月花
4734.1,184,104,True,True,《囀鶯兒》,玉合記,58,南詞,商調集曲,囀鶯兒
4735.1,123,52,True,True,《囀鶯兒》,玉合記,58,南詞,商調集曲,囀鶯兒
4736.1,166,68,True,True,《囀調近榴紅（林鶯泣榴紅）》,太平圖,58,南詞,商調集曲,囀調近榴紅
4737.1,116,56,True,True,《公子穿皂袍（黃鶯穿皂羅）》,勸善金科,58,南詞,商調集曲,公子穿皂袍
4738.1,206,112,True,True,《公子穿皂袍（黃鶯穿皂羅）》,散曲,58,南詞,商調集曲,公子穿皂袍
4739.1,168,68,True,True,《公子送花袍（御林賞皂袍）》,紅梨記,58,南詞,商調集曲,公子送花袍
4740.1,146,64,True,True,《金衣間皂袍》,南柯夢,58,南詞,商調集曲,金衣間皂袍
4741.1,113,54,True,True,《黃鶯玉羅袍》,春燈謎,58,南詞,商調集曲,黃鶯玉羅袍
4742.1,141,66,True,True,《鶯啄花（鶯啄羅）》,雙金榜,58,南詞,商調集曲,鶯啄花
4743.1,173,90,True,True,《鶯花皂》,海潮音,58,南詞,商調集曲,鶯花皂
4743.2,154,70,True,True,《雙文哢》,鴛鴦棒,58,南詞,商調集曲,雙文哢
4745.1,113,48,True,True,《黃玉鶯兒（黃鶯玉肚兒）》,牡丹亭,58,南詞,商調集曲,黃玉鶯兒
4745.2,108,44,True,True,《黃鶯帶一封》,療妬羹,58,南詞,商調集曲,黃鶯帶一封
4746.1,169,89,True,True,《黃鶯逐山羊》,散曲,58,南詞,商調集曲,黃鶯逐山羊
4747.1,95,46,True,True,《黃鶯學畫眉》,散曲,58,南詞,商調集曲,黃鶯學畫眉
4748.1,101,44,True,True,《黃鶯學畫眉》,邯鄲夢,58,南詞,商調集曲,黃鶯學畫眉
4749.1,183,101,True,True,《黃老虎（黃鶯啄山虎）》,春燈謎,58,南詞,商調集曲,黃老虎
4750.1,208,89,True,True,《鶯入御林》,散曲,58,南詞,商調集曲,鶯入御林
4750.2,107,46,True,True,《鶯入御林》,長生殿,58,南詞,商調集曲,鶯入御林
4751.1,79,38,True,True,《黃貓兒（鶯貓兒）》,萬事足,58,南詞,商調集曲,黃貓兒
4752.1,101,48,True,True,《黃貓兒（鶯貓兒）》,丹晶墜,58,南詞,商調集曲,黃貓兒
4753.1,110,49,True,True,《公子簪花（金衣插宮花）》,散曲,58,南詞,商調集曲,公子簪花
4753.2,106,48,True,True,《黃鶯四序（四犯黃鶯兒）》,廣寒香,58,南詞,商調集曲,黃鶯四序
4754.1,158,64,True,True,《鶯簇一金羅》,金明池,58,南詞,商調集曲,鶯簇一金羅
4755.1,163,86,True,True,《公子集賢賓（黃鶯呌集賢）》,散曲,58,南詞,商調集曲,公子集賢賓
4756.1,188,68,True,True,《鶯袍間鳳花》,花眉旦,58,南詞,商調集曲,鶯袍間鳳花
4757.1,151,56,True,True,《黃貓宿芙蓉坡（金衣芙蓉）》,西廂記,58,南詞,商調集曲,黃貓宿芙蓉坡
4759.1,243,118,True,True,《清商十二音》,散曲,58,南詞,商調集曲,清商十二音
4760.1,101,48,True,True,《貓兒墜玉枝》,水滸記,58,南詞,商調集曲,貓兒墜玉枝
4761.1,98,36,True,True,《貓兒墜桐花》,紅蕖記,58,南詞,商調集曲,貓兒墜桐花
4761.2,105,40,True,True,《貓兒出隊》,紅梨記,58,南詞,商調集曲,貓兒出隊
4762.1,107,52,True,True,《貓兒墜梧枝》,西樓記,58,南詞,商調集曲,貓兒墜梧枝
4763.1,75,40,True,True,《貓兒戲芙蓉》,風流院,58,南詞,商調集曲,貓兒戲芙蓉
4764.1,132,73,True,True,《貓兒逐黃鶯》,散曲,58,南詞,商調集曲,貓兒逐黃鶯
4764.2,81,36,True,True,《貓兒逐黃鶯》,後七國,58,南詞,商調集曲,貓兒逐黃鶯
4765.1,145,80,True,True,《貓兒趕畫眉》,散曲,58,南詞,商調集曲,貓兒趕畫眉
4766.1,65,37,True,True,《貓兒戲獅子》,散曲,58,南詞,商調集曲,貓兒戲獅子
4766.2,71,37,True,True,《雙貓出隊》,夢花酣,58,南詞,商調集曲,雙貓出隊
4767.1,67,28,True,True,《貓兒撲公子（貓兒入御林）》,散曲,58,南詞,商調集曲,貓兒撲公子
4768.1,63,42,True,True,《貓兒撥棹》,醉月緣,58,南詞,商調集曲,貓兒撥棹
4768.2,93,54,True,True,《貓兒節節高》,春燈謎,58,南詞,商調集曲,貓兒節節高
4769.1,82,46,True,True,《貓兒拖尾》,丹晶墜,58,南詞,商調集曲,貓兒拖尾
4770.1,277,136,True,True,《字字啼春色》,散曲,58,南詞,商調集曲,字字啼春色
4771.1,174,74,True,True,《雪簇望鄉台》,太平圖,58,南詞,商調集曲,雪簇望鄉台
4772.1,266,107,True,True,《山羊轉五更》,勸善金科,58,南詞,商調集曲,山羊轉五更
4773.1,192,80,True,True,《山羊轉五更》,散曲,58,南詞,商調集曲,山羊轉五更
4774.1,234,101,True,True,《山羊嵌五更》,雙忠記,58,南詞,商調集曲,山羊嵌五更
4776.1,285,125,True,True,《二集山坡羊》,梅映蟾,58,南詞,商調集曲,二集山坡羊
4777.1,506,251,True,True,《九姑娘》,花筵賺,58,南詞,商調集曲,九姑娘
4779.1,730,341,True,True,《十二紅（十二樓）》,散曲,58,南詞,商調集曲,十二紅
4783.1,628,327,True,True,《十二紅（十二樓）》,勸善金科,58,南詞,商調集曲,十二紅
4787.1,257,125,True,True,《金絡索（金鎖掛梧桐）》,勸善金科,58,南詞,商調集曲,金絡索
4789.1,260,116,True,True,《金絡索（金鎖掛梧桐）》,散曲,58,南詞,商調集曲,金絡索
4790.1,279,125,True,True,《金絡索（金鎖掛梧桐）》,琵琶記,58,南詞,商調集曲,金絡索
4791.1,269,125,True,True,《金絡索（金鎖掛梧桐）》,浣紗記,58,南詞,商調集曲,金絡索
4792.1,113,47,True,True,《金甌解酲》,虎囊彈,58,南詞,商調集曲,金甌解酲
4793.1,78,27,True,True,《金梧擊山羊（梧坡羊）》,白兔記,58,南詞,商調集曲,金梧擊山羊
4794.1,154,81,True,True,《金梧擊山羊（梧坡羊）》,忠良鑑,58,南詞,商調集曲,金梧擊山羊
4795.1,135,61,True,True,《金梧落粧臺》,散曲,58,南詞,商調集曲,金梧落粧臺
4796.1,175,64,True,True,《雙梧秋夜雨（梧桐秋雨桂枝香）》,太平圖,58,南詞,商調集曲,雙梧秋夜雨
4797.1,152,52,True,True,《金甌鍼線解（金甌線解酲）》,尋親記,58,南詞,商調集曲,金甌鍼線解
4798.1,129,37,True,True,《金梧落五更》,西樓記,58,南詞,商調集曲,金梧落五更
4799.1,211,97,True,True,《七賢過關》,殺狗記,58,南詞,商調集曲,七賢過關
4800.1,244,109,True,True,《七賢過關》,合鏡記,58,南詞,商調集曲,七賢過關
4801.1,334,149,True,True,《七賢過關》,散曲,58,南詞,商調集曲,七賢過關
4803.1,311,142,True,True,《七賢過關》,巧團圓,58,南詞,商調集曲,七賢過關
4805.1,325,149,True,True,《八寶粧》,散曲,58,南詞,商調集曲,八寶粧
4806.1,171,73,True,True,《梧桐樹集（梧桐墜五更）》,散曲,58,南詞,商調集曲,梧桐樹集
4807.1,143,69,True,True,《梧桐樹集（梧桐墜五更）》,狀元旗,58,南詞,商調集曲,梧桐樹集
4808.1,186,85,True,True,《梧桐秋葉寒（梧桐秋月上寒窓）》,散曲,58,南詞,商調集曲,梧桐秋葉寒
4809.1,219,108,True,True,《桐樹東溪劉大娘（六宮春）》,散曲,58,南詞,商調集曲,桐樹東溪劉大娘
4811.1,250,108,True,True,《梧桐結子芙蓉紅（梧桐半折芙蓉花）》,金印記,58,南詞,商調集曲,梧桐結子芙蓉紅
4812.1,256,108,True,True,《梧桐滿山坡》,西樓記,58,南詞,商調集曲,梧桐滿山坡
4813.1,303,142,True,True,《金井水紅花（梧蓼金羅）》,浣紗記,58,南詞,商調集曲,金井水紅花
4814.1,296,143,True,True,《金井水紅花（梧蓼金羅）》,白兔記,58,南詞,商調集曲,金井水紅花
4816.1,77,40,True,True,《梧蓼照金江（梧蓼搖金風）》,節孝記,58,南詞,商調集曲,梧蓼照金江
4817.1,177,68,True,True,《梧蓼映金坡（梧蓼搖金坡）》,勘皮靴,58,南詞,商調集曲,梧蓼映金坡
4818.1,70,34,True,True,《梧葉覆羅袍》,散曲,58,南詞,商調集曲,梧葉覆羅袍
4819.1,71,36,True,True,《梧葉襯紅花》,散曲,58,南詞,商調集曲,梧葉襯紅花
4819.2,58,33,True,True,《梧葉入江水》,江天雪,58,南詞,商調集曲,梧葉入江水
4820.1,134,55,True,True,《梧蓼水銷香》,勘皮靴,58,南詞,商調集曲,梧蓼水銷香
4821.1,112,50,True,True,《梧桐枝》,永團圓,58,南詞,商調集曲,梧桐枝
4822.1,88,42,True,True,《花鶯皂》,海潮音,58,南詞,商調集曲,花鶯皂
4823.1,84,49,True,True,《紅羅帶（水紅梧葉）》,散曲,58,南詞,商調集曲,紅羅帶
4845.1,104,11,True,False,《集賢賓》,法宮雅奏,59,北詞,商角隻曲,集賢賓
4846.1,133,48,True,True,《集賢賓》,九九大慶,59,北詞,商角隻曲,集賢賓
4847.1,158,70,True,True,《集賢賓》,元人百種,59,北詞,商角隻曲,集賢賓
4848.1,112,13,True,False,《集賢賓》,散曲,59,北詞,商角隻曲,集賢賓
4848.2,160,68,True,True,《集賢賓》,雍熙樂府,59,北詞,商角隻曲,集賢賓
4849.1,103,11,True,False,《集賢賓》,散曲,59,北詞,商角隻曲,集賢賓
4851.1,95,11,True,False,《逍遙樂》,散曲,59,北詞,商角隻曲,逍遙樂
4852.1,96,45,True,True,《逍遙樂》,散曲,59,北詞,商角隻曲,逍遙樂
4853.1,107,11,True,False,《逍遙樂》,雍熙樂府,59,北詞,商角隻曲,逍遙樂
4853.2,77,11,True,False,《逍遙樂》,雍熙樂府,59,北詞,商角隻曲,逍遙樂
4854.1,89,42,True,True,《逍遙樂》,雍熙樂府,59,北詞,商角隻曲,逍遙樂
4855.1,79,10,True,False,《逍遙樂》,散曲,59,北詞,商角隻曲,逍遙樂
4856.1,110,11,True,False,《逍遙樂》,散曲,59,北詞,商角隻曲,逍遙樂
4856.2,101,47,True,True,《逍遙樂》,盛世新聲,59,北詞,商角隻曲,逍遙樂
4857.1,91,9,True,False,《逍遙樂》,雍熙樂府,59,北詞,商角隻曲,逍遙樂
4859.1,49,6,True,False,《金菊香》,九九大慶,59,北詞,商角隻曲,金菊香
4859.2,62,34,True,True,《金菊香》,散曲,59,北詞,商角隻曲,金菊香
4860.1,56,28,True,True,《金菊香》,雍熙樂府,59,北詞,商角隻曲,金菊香
4860.2,62,31,True,True,《金菊香》,雍熙樂府,59,北詞,商角隻曲,金菊香
4861.1,62,7,True,False,《金菊香》,雍熙樂府,59,北詞,商角隻曲,金菊香
4862.1,59,28,True,True,《金菊香》,散曲,59,北詞,商角隻曲,金菊香
4862.2,71,27,True,True,《金菊香》,散曲,59,北詞,商角隻曲,金菊香
4864.1,61,30,True,True,《上京馬（尚京馬）》,月令承應,59,北詞,商角隻曲,上京馬
4864.2,56,30,True,True,《上京馬（尚京馬）》,月令承應,59,北詞,商角隻曲,上京馬
4865.1,83,42,True,True,《上京馬（尚京馬）》,雍熙樂府,59,北詞,商角隻曲,上京馬
4865.2,78,36,True,True,《上京馬（尚京馬）》,散曲,59,北詞,商角隻曲,上京馬
4867.1,59,7,True,False,《醋葫蘆》,散曲,59,北詞,商角隻曲,醋葫蘆
4868.1,51,7,True,False,《醋葫蘆》,散曲,59,北詞,商角隻曲,醋葫蘆
4868.2,82,46,True,True,《醋葫蘆》,散曲,59,北詞,商角隻曲,醋葫蘆
4869.1,62,8,True,False,《醋葫蘆》,散曲,59,北詞,商角隻曲,醋葫蘆
4870.1,155,37,True,True,《増字醋葫蘆》,雍熙樂府,59,北詞,商角隻曲,増字醋葫蘆
4871.1,55,5,True,False,《浪裏來》,散曲,59,北詞,商角隻曲,浪裏來
4872.1,76,34,True,True,《浪裏來》,散曲,59,北詞,商角隻曲,浪裏來
4872.2,64,30,True,True,《浪裏來》,雍熙樂府,59,北詞,商角隻曲,浪裏來
4873.1,91,48,True,True,《浪裏來》,長生殿,59,北詞,商角隻曲,浪裏來
4874.1,64,31,True,True,《梧葉兒》,散曲,59,北詞,商角隻曲,梧葉兒
4874.2,116,40,True,True,《梧葉兒》,散曲,59,北詞,商角隻曲,梧葉兒
4875.1,94,32,True,True,《梧葉兒》,元人百種,59,北詞,商角隻曲,梧葉兒
4876.1,77,8,True,False,《梧葉兒》,散曲,59,北詞,商角隻曲,梧葉兒
4876.2,81,40,True,True,《梧葉兒》,散曲,59,北詞,商角隻曲,梧葉兒
4877.1,71,8,True,False,《梧葉兒》,雍熙樂府,59,北詞,商角隻曲,梧葉兒
4878.1,82,35,True,True,《梧葉兒》,散曲,59,北詞,商角隻曲,梧葉兒
4879.1,75,8,True,False,《梧葉兒》,雍熙樂府,59,北詞,商角隻曲,梧葉兒
4879.2,65,9,True,False,《梧葉兒》,雍熙樂府,59,北詞,商角隻曲,梧葉兒
4880.1,57,11,True,False,《梧葉兒》,雍熙樂府,59,北詞,商角隻曲,梧葉兒
4880.2,171,42,True,True,《百字知秋令》,散曲,59,北詞,商角隻曲,百字知秋令
4882.1,70,38,True,True,《掛金索》,月令承應,59,北詞,商角隻曲,掛金索
4883.1,75,36,True,True,《掛金索》,夢天台,59,北詞,商角隻曲,掛金索
4883.2,82,38,True,True,《掛金索》,元人百種,59,北詞,商角隻曲,掛金索
4884.1,78,38,True,True,《掛金索》,太平圖,59,北詞,商角隻曲,掛金索
4885.1,61,7,True,False,《掛金索》,雍熙樂府,59,北詞,商角隻曲,掛金索
4885.2,69,30,True,True,《掛金索》,雍熙樂府,59,北詞,商角隻曲,掛金索
4886.1,71,36,True,True,《掛金索》,散曲,59,北詞,商角隻曲,掛金索
4887.1,46,26,True,True,《雙鴈兒（雙燕子）》,散曲,59,北詞,商角隻曲,雙鴈兒
4887.2,54,26,True,True,《雙鴈兒（雙燕子）》,水裏報冤,59,北詞,商角隻曲,雙鴈兒
4888.1,51,26,True,True,《雙鴈兒（雙燕子）》,雍熙樂府,59,北詞,商角隻曲,雙鴈兒
4889.1,73,30,True,True,《雙鴈兒（雙燕子）》,元人百種,59,北詞,商角隻曲,雙鴈兒
4890.1,145,62,True,True,《望遠行》,散曲,59,北詞,商角隻曲,望遠行
4891.1,131,58,True,True,《望遠行》,元人百種,59,北詞,商角隻曲,望遠行
4892.1,134,50,True,True,《望遠行》,散曲,59,北詞,商角隻曲,望遠行
4893.1,141,54,True,True,《望遠行》,散曲,59,北詞,商角隻曲,望遠行
4894.1,139,50,True,True,《望遠行》,散曲,59,北詞,商角隻曲,望遠行
4895.1,137,60,True,True,《望遠行》,月令承應,59,北詞,商角隻曲,望遠行
4896.1,123,56,True,True,《望遠行》,法宮雅奏,59,北詞,商角隻曲,望遠行
4897.1,94,44,True,True,《鳳鸞吟》,散曲,59,北詞,商角隻曲,鳳鸞吟
4898.1,81,39,True,True,《鳳鸞吟》,雍熙樂府,59,北詞,商角隻曲,鳳鸞吟
4899.1,72,42,True,True,《鳳鸞吟》,散曲,59,北詞,商角隻曲,鳳鸞吟
4899.2,108,60,True,True,《鳳鸞吟》,散曲,59,北詞,商角隻曲,鳳鸞吟
4900.1,101,48,True,True,《鳳鸞吟》,元人百種,59,北詞,商角隻曲,鳳鸞吟
4902.1,82,44,True,True,《賢聖吉》,元人百種,59,北詞,商角隻曲,賢聖吉
4902.2,93,46,True,True,《賢聖吉》,太平圖,59,北詞,商角隻曲,賢聖吉
4903.1,87,50,True,True,《秦樓月（憶秦娥）》,散曲,59,北詞,商角隻曲,秦樓月
4904.1,166,62,True,True,《玉胞肚》,散曲,59,北詞,商角隻曲,玉胞肚
4905.1,151,67,True,True,《玉胞肚》,散曲,59,北詞,商角隻曲,玉胞肚
4906.1,58,26,True,True,《玉胞肚》,散曲,59,北詞,商角隻曲,玉胞肚
4907.1,78,31,True,True,《河西後庭花》,元人百種,59,北詞,商角隻曲,河西後庭花
4909.1,222,94,True,True,《河西後庭花》,月令承應,59,北詞,商角隻曲,河西後庭花
4911.1,61,32,True,True,《河西六娘子》,散曲,59,北詞,商角隻曲,河西六娘子
4911.2,64,32,True,True,《河西六娘子》,散曲,59,北詞,商角隻曲,河西六娘子
4912.1,66,34,True,True,《河西六娘子》,雍熙樂府,59,北詞,商角隻曲,河西六娘子
4912.2,58,34,True,True,《河西六娘子》,雍熙樂府,59,北詞,商角隻曲,河西六娘子
4913.1,130,60,True,True,《秋江送》,散曲,59,北詞,商角隻曲,秋江送
4914.1,115,12,True,False,《秋江送》,雍熙樂府,59,北詞,商角隻曲,秋江送
4916.1,50,20,True,True,《皂旗兒（酒旗兒）》,九九大慶,59,北詞,商角隻曲,皂旗兒
4916.2,100,41,True,True,《賀聖朝》,月令承應,59,北詞,商角隻曲,賀聖朝
4917.1,88,38,True,True,《賀聖朝》,元人百種,59,北詞,商角隻曲,賀聖朝
4918.1,88,33,True,True,《賀聖朝》,法宮雅奏,59,北詞,商角隻曲,賀聖朝
4919.1,84,36,True,True,《賀聖朝》,太平圖,59,北詞,商角隻曲,賀聖朝
4919.2,65,10,True,False,《賀聖朝》,太平圖,59,北詞,商角隻曲,賀聖朝
4921.1,81,42,True,True,《凉亭樂》,元人百種,59,北詞,商角隻曲,凉亭樂
4921.2,122,48,True,True,《凉亭樂》,散曲,59,北詞,商角隻曲,凉亭樂
4922.1,81,41,True,True,《凉亭樂》,散曲,59,北詞,商角隻曲,凉亭樂
4923.1,91,38,True,True,《滿堂紅（滿堂春）》,九九大慶,59,北詞,商角隻曲,滿堂紅
4924.1,47,27,True,True,《芭蕉延壽》,元人百種,59,北詞,商角隻曲,芭蕉延壽
4924.2,215,81,True,True,《八寶粧》,法宮雅奏,59,北詞,商角隻曲,八寶粧
4925.1,127,50,True,True,《侍香金童》,太平圖,59,北詞,商角隻曲,侍香金童
4926.1,83,46,True,True,《水紅花》,九九大慶,59,北詞,商角隻曲,水紅花
4927.1,84,46,True,True,《水紅花》,法宮雅奏,59,北詞,商角隻曲,水紅花
4928.1,79,30,True,True,《定風波（定風流）》,月令承應,59,北詞,商角隻曲,定風波
4928.2,61,26,True,True,《定風波（定風流）》,散曲,59,北詞,商角隻曲,定風波
4929.1,41,7,True,False,《黃鶯兒》,散曲,59,北詞,商角隻曲,黃鶯兒
4930.1,72,28,True,True,《踏莎行》,散曲,59,北詞,商角隻曲,踏莎行
4930.2,64,25,True,True,《踏莎行》,散曲,59,北詞,商角隻曲,踏莎行
4931.1,57,23,True,True,《踏莎行》,散曲,59,北詞,商角隻曲,踏莎行
4931.2,54,24,True,True,《垂絲釣》,散曲,59,北詞,商角隻曲,垂絲釣
4932.1,63,28,True,True,《蓋天旗》,散曲,59,北詞,商角隻曲,蓋天旗
4933.1,56,26,True,True,《蓋天旗》,散曲,59,北詞,商角隻曲,蓋天旗
4933.2,60,33,True,True,《應天長》,散曲,59,北詞,商角隻曲,應天長
4934.1,55,22,True,True,《應天長》,散曲,59,北詞,商角隻曲,應天長
4935.1,66,34,True,True,《春閨怨》,散曲,59,北詞,商角隻曲,春閨怨
4935.2,71,34,True,True,《春閨怨》,元人百種,59,北詞,商角隻曲,春閨怨
4936.1,48,24,True,True,《牡丹春》,散曲,59,北詞,商角隻曲,牡丹春
4936.2,63,29,True,True,《牡丹春》,元人百種,59,北詞,商角隻曲,牡丹春
4937.1,128,53,True,True,《二郎神》,散曲,59,北詞,商角隻曲,二郎神
4938.1,75,35,True,True,《二郎神》,散曲,59,北詞,商角隻曲,二郎神
4939.1,72,35,True,True,《水仙子》,散曲,59,北詞,商角隻曲,水仙子
4939.2,93,38,True,True,《二段》,散曲,59,北詞,商角隻曲,二段
4940.1,58,22,True,True,《三段》,散曲,59,北詞,商角隻曲,三段
4941.1,62,24,True,True,《四段》,散曲,59,北詞,商角隻曲,四段
4942.1,54,7,True,False,《浪裏來煞》,雍熙樂府,59,北詞,商角隻曲,浪裏來煞
4942.2,61,7,True,False,《浪裏來煞》,散曲,59,北詞,商角隻曲,浪裏來煞
4943.1,71,7,True,False,《浪裏來煞》,雍熙樂府,59,北詞,商角隻曲,浪裏來煞
4944.1,90,8,True,False,《浪裏來煞》,雍熙樂府,59,北詞,商角隻曲,浪裏來煞
4944.2,71,8,True,False,《浪裏來煞》,散曲,59,北詞,商角隻曲,浪裏來煞
4946.1,76,9,True,False,《隨調煞》,散曲,59,北詞,商角隻曲,隨調煞
4946.2,53,6,True,False,《隨調煞》,元人百種,59,北詞,商角隻曲,隨調煞
4947.1,34,3,True,False,《隨調煞》,散曲,59,北詞,商角隻曲,隨調煞
4948.1,104,12,True,False,《高過浪裏來煞》,散曲,59,北詞,商角隻曲,高過浪裏來煞
4949.1,116,51,True,True,《高過浪裏來煞》,散曲,59,北詞,商角隻曲,高過浪裏來煞
4950.1,114,13,True,False,《高過浪裏來煞》,元人百種,59,北詞,商角隻曲,高過浪裏來煞
4951.1,105,12,True,False,《高過浪裏來煞》,雍熙樂府,59,北詞,商角隻曲,高過浪裏來煞
4952.1,137,61,True,True,《高過浪裏來煞》,月令承應,59,北詞,商角隻曲,高過浪裏來煞
4953.1,65,5,True,False,《尾聲》,散曲,59,北詞,商角隻曲,尾聲
4954.1,54,5,True,False,《尾聲》,散曲,59,北詞,商角隻曲,尾聲
4954.2,60,26,True,True,《尾聲》,散曲,59,北詞,商角隻曲,尾聲
4955.1,57,7,True,False,《尾聲》,散曲,59,北詞,商角隻曲,尾聲
4955.2,38,5,True,False,《尾聲》,董西廂,59,北詞,商角隻曲,尾聲
4956.1,35,4,True,False,《尾聲》,董西廂,59,北詞,商角隻曲,尾聲
4967.1,134,56,True,True,《集賢賓》,月令承應,60,北詞,商角套曲,集賢賓
4968.1,102,44,True,True,《逍遙樂》,月令承應,60,北詞,商角套曲,逍遙樂
4969.1,65,31,True,True,《金菊香》,月令承應,60,北詞,商角套曲,金菊香
4969.2,84,42,True,True,《煞尾》,月令承應,60,北詞,商角套曲,煞尾
4971.1,124,11,True,False,《集賢賓》,元人百種,60,北詞,商角套曲,集賢賓
4972.1,95,11,True,False,《逍遙樂》,元人百種,60,北詞,商角套曲,逍遙樂
4972.2,65,6,True,False,《上京馬》,元人百種,60,北詞,商角套曲,上京馬
4973.1,101,32,True,True,《梧葉兒》,元人百種,60,北詞,商角套曲,梧葉兒
4974.1,98,57,True,True,《醋葫蘆》,元人百種,60,北詞,商角套曲,醋葫蘆
4974.2,64,35,True,True,《金菊香》,元人百種,60,北詞,商角套曲,金菊香
4975.1,87,49,True,True,《醋葫蘆》,元人百種,60,北詞,商角套曲,醋葫蘆
4976.1,139,69,True,True,《後庭花》,元人百種,60,北詞,商角套曲,後庭花
4977.1,65,36,True,True,《金菊香》,元人百種,60,北詞,商角套曲,金菊香
4978.1,79,43,True,True,《柳葉兒》,元人百種,60,北詞,商角套曲,柳葉兒
4978.2,77,41,True,True,《浪裏來》,元人百種,60,北詞,商角套曲,浪裏來
4979.1,95,7,True,False,《浪裏來煞》,元人百種,60,北詞,商角套曲,浪裏來煞
4981.1,144,11,True,False,《集賢賓》,元人百種,60,北詞,商角套曲,集賢賓
4982.1,120,11,True,False,《逍遙樂》,元人百種,60,北詞,商角套曲,逍遙樂
4983.1,87,32,True,True,《金菊香》,元人百種,60,北詞,商角套曲,金菊香
4983.2,116,36,True,True,《梧葉兒》,元人百種,60,北詞,商角套曲,梧葉兒
4984.1,115,49,True,True,《掛金索》,元人百種,60,北詞,商角套曲,掛金索
4985.1,136,56,True,True,《村裏迓鼓》,元人百種,60,北詞,商角套曲,村裏迓鼓
4986.1,85,49,True,True,《元和令》,元人百種,60,北詞,商角套曲,元和令
4987.1,61,35,True,True,《上馬嬌》,元人百種,60,北詞,商角套曲,上馬嬌
4987.2,68,38,True,True,《遊四門》,元人百種,60,北詞,商角套曲,遊四門
4988.1,83,44,True,True,《勝葫蘆》,元人百種,60,北詞,商角套曲,勝葫蘆
4989.1,145,72,True,True,《後庭花》,元人百種,60,北詞,商角套曲,後庭花
4990.1,122,67,True,True,《青歌兒》,元人百種,60,北詞,商角套曲,青歌兒
4991.1,67,33,True,True,《柳葉兒》,元人百種,60,北詞,商角套曲,柳葉兒
4991.2,104,50,True,True,《醋葫蘆》,元人百種,60,北詞,商角套曲,醋葫蘆
4992.1,104,51,True,True,《醋葫蘆》,元人百種,60,北詞,商角套曲,醋葫蘆
4993.1,99,48,True,True,《醋葫蘆》,元人百種,60,北詞,商角套曲,醋葫蘆
4994.1,148,13,True,False,《高過浪裏來》,元人百種,60,北詞,商角套曲,高過浪裏來
4995.1,63,7,True,False,《浪裏來煞》,元人百種,60,北詞,商角套曲,浪裏來煞
4997.1,140,10,True,False,《集賢賓》,元人百種,60,北詞,商角套曲,集賢賓
4998.1,73,7,True,False,《金菊香》,元人百種,60,北詞,商角套曲,金菊香
4998.2,97,31,True,True,《梧葉兒》,元人百種,60,北詞,商角套曲,梧葉兒
4999.1,182,101,True,True,《後庭花》,元人百種,60,北詞,商角套曲,後庭花
5000.1,79,45,True,True,《柳葉兒》,元人百種,60,北詞,商角套曲,柳葉兒
5001.1,92,44,True,True,《醋葫蘆》,元人百種,60,北詞,商角套曲,醋葫蘆
5002.1,63,31,True,True,《金菊香》,元人百種,60,北詞,商角套曲,金菊香
5003.1,76,7,True,False,《浪裏來煞》,元人百種,60,北詞,商角套曲,浪裏來煞
5005.1,128,12,True,False,《集賢賓》,元人百種,60,北詞,商角套曲,集賢賓
5006.1,99,11,True,False,《逍遙樂》,元人百種,60,北詞,商角套曲,逍遙樂
5007.1,88,36,True,True,《掛金索》,元人百種,60,北詞,商角套曲,掛金索
5007.2,102,48,True,True,《山坡羊》,元人百種,60,北詞,商角套曲,山坡羊
5008.1,90,35,True,True,《梧葉兒》,元人百種,60,北詞,商角套曲,梧葉兒
5009.1,74,6,True,False,《金菊香》,元人百種,60,北詞,商角套曲,金菊香
5009.2,79,8,True,False,《醋葫蘆》,元人百種,60,北詞,商角套曲,醋葫蘆
5010.1,121,58,True,True,《後庭花》,元人百種,60,北詞,商角套曲,後庭花
5011.1,53,27,True,True,《雙鴈兒》,元人百種,60,北詞,商角套曲,雙鴈兒
5012.1,125,71,True,True,《青歌兒》,元人百種,60,北詞,商角套曲,青歌兒
5013.1,80,43,True,True,《醋葫蘆》,元人百種,60,北詞,商角套曲,醋葫蘆
5013.2,67,35,True,True,《金菊香》,元人百種,60,北詞,商角套曲,金菊香
5014.1,77,35,True,True,《醋葫蘆》,元人百種,60,北詞,商角套曲,醋葫蘆
5015.1,64,31,True,True,《金菊香》,元人百種,60,北詞,商角套曲,金菊香
5015.2,77,39,True,True,《醋葫蘆》,元人百種,60,北詞,商角套曲,醋葫蘆
5016.1,82,6,True,False,《浪裏來煞》,元人百種,60,北詞,商角套曲,浪裏來煞
5019.1,129,11,True,False,《集賢賓》,元人百種,60,北詞,商角套曲,集賢賓
5020.1,96,9,True,False,《逍遙樂》,元人百種,60,北詞,商角套曲,逍遙樂
5021.1,103,36,True,True,《梧葉兒》,元人百種,60,北詞,商角套曲,梧葉兒
5021.2,77,35,True,True,《醋葫蘆》,元人百種,60,北詞,商角套曲,醋葫蘆
5022.1,87,35,True,True,《醋葫蘆》,元人百種,60,北詞,商角套曲,醋葫蘆
5023.1,93,42,True,True,《醋葫蘆》,元人百種,60,北詞,商角套曲,醋葫蘆
5024.1,54,26,True,True,《窮河西》,元人百種,60,北詞,商角套曲,窮河西
5024.2,125,66,True,True,《鳳鸞吟》,元人百種,60,北詞,商角套曲,鳳鸞吟
5026.1,87,8,True,False,《浪裏來煞》,元人百種,60,北詞,商角套曲,浪裏來煞
5027.1,115,11,True,False,《集賢賓》,天寶遺事,60,北詞,商角套曲,集賢賓
5027.2,53,16,True,True,《上京馬》,天寶遺事,60,北詞,商角套曲,上京馬
5028.1,115,52,True,True,《後庭花》,天寶遺事,60,北詞,商角套曲,後庭花
5029.1,53,29,True,True,《金菊香》,天寶遺事,60,北詞,商角套曲,金菊香
5029.2,57,32,True,True,《金菊香》,天寶遺事,60,北詞,商角套曲,金菊香
5030.1,47,5,True,False,《隨調煞》,天寶遺事,60,北詞,商角套曲,隨調煞
5031.1,166,67,True,True,《集賢賓》,雍熙樂府,60,北詞,商角套曲,集賢賓
5032.1,118,59,True,True,《逍遙樂》,雍熙樂府,60,北詞,商角套曲,逍遙樂
5032.2,67,30,True,True,《金菊香》,雍熙樂府,60,北詞,商角套曲,金菊香
5033.1,80,44,True,True,《梧葉兒》,雍熙樂府,60,北詞,商角套曲,梧葉兒
5034.1,80,42,True,True,《醋葫蘆》,雍熙樂府,60,北詞,商角套曲,醋葫蘆
5035.1,73,43,True,True,《醋葫蘆》,雍熙樂府,60,北詞,商角套曲,醋葫蘆
5035.2,84,43,True,True,《醋葫蘆》,雍熙樂府,60,北詞,商角套曲,醋葫蘆
5036.1,92,47,True,True,《醋葫蘆》,雍熙樂府,60,北詞,商角套曲,醋葫蘆
5037.1,84,43,True,True,《醋葫蘆》,雍熙樂府,60,北詞,商角套曲,醋葫蘆
5038.1,149,64,True,True,《後庭花》,雍熙樂府,60,北詞,商角套曲,後庭花
5038.2,54,27,True,True,《雙鴈兒》,雍熙樂府,60,北詞,商角套曲,雙鴈兒
5039.1,83,8,True,False,《浪裏來煞》,雍熙樂府,60,北詞,商角套曲,浪裏來煞
5041.1,159,11,True,False,《集賢賓》,雍熙樂府,60,北詞,商角套曲,集賢賓
5042.1,69,6,True,False,《金菊香》,雍熙樂府,60,北詞,商角套曲,金菊香
5043.1,116,32,True,True,《梧葉兒》,雍熙樂府,60,北詞,商角套曲,梧葉兒
5043.2,92,35,True,True,《醋葫蘆》,雍熙樂府,60,北詞,商角套曲,醋葫蘆
5044.1,84,37,True,True,《醋葫蘆》,雍熙樂府,60,北詞,商角套曲,醋葫蘆
5045.1,81,31,True,True,《上京馬》,雍熙樂府,60,北詞,商角套曲,上京馬
5046.1,82,37,True,True,《醋葫蘆》,雍熙樂府,60,北詞,商角套曲,醋葫蘆
5046.2,94,38,True,True,《醋葫蘆》,雍熙樂府,60,北詞,商角套曲,醋葫蘆
5047.1,80,7,True,False,《醋葫蘆》,雍熙樂府,60,北詞,商角套曲,醋葫蘆
5048.1,142,70,True,True,《後庭花》,雍熙樂府,60,北詞,商角套曲,後庭花
5049.1,110,65,True,True,《青歌兒》,雍熙樂府,60,北詞,商角套曲,青歌兒
5050.1,84,7,True,False,《浪裏來煞》,雍熙樂府,60,北詞,商角套曲,浪裏來煞
5051.1,124,11,True,False,《集賢賓》,雍熙樂府,60,北詞,商角套曲,集賢賓
5052.1,97,12,True,False,《逍遙樂》,雍熙樂府,60,北詞,商角套曲,逍遙樂
5052.2,59,6,True,False,《上京馬》,雍熙樂府,60,北詞,商角套曲,上京馬
5053.1,60,7,True,False,《醋葫蘆》,雍熙樂府,60,北詞,商角套曲,醋葫蘆
5054.1,65,7,True,False,《醋葫蘆》,雍熙樂府,60,北詞,商角套曲,醋葫蘆
5054.2,66,7,True,False,《醋葫蘆》,雍熙樂府,60,北詞,商角套曲,醋葫蘆
5055.1,64,7,True,False,《醋葫蘆》,雍熙樂府,60,北詞,商角套曲,醋葫蘆
5055.2,113,47,True,True,《村裏迓鼓》,雍熙樂府,60,北詞,商角套曲,村裏迓鼓
5056.1,79,39,True,True,《元和令》,雍熙樂府,60,北詞,商角套曲,元和令
5057.1,57,33,True,True,《上馬嬌》,雍熙樂府,60,北詞,商角套曲,上馬嬌
5058.1,67,29,True,True,《遊四門》,雍熙樂府,60,北詞,商角套曲,遊四門
5058.2,62,28,True,True,《賞花時》,雍熙樂府,60,北詞,商角套曲,賞花時
5059.1,68,34,True,True,《賞花時》,雍熙樂府,60,北詞,商角套曲,賞花時
5059.2,84,40,True,True,《勝葫蘆》,雍熙樂府,60,北詞,商角套曲,勝葫蘆
5060.1,73,39,True,True,《勝葫蘆》,雍熙樂府,60,北詞,商角套曲,勝葫蘆
5061.1,139,73,True,True,《後庭花》,雍熙樂府,60,北詞,商角套曲,後庭花
5062.1,55,28,True,True,《雙鴈兒》,雍熙樂府,60,北詞,商角套曲,雙鴈兒
5062.2,70,7,True,False,《煞尾》,雍熙樂府,60,北詞,商角套曲,煞尾
5065.1,112,10,True,False,《集賢賓》,雍熙樂府,60,北詞,商角套曲,集賢賓
5066.1,85,11,True,False,《逍遙樂》,雍熙樂府,60,北詞,商角套曲,逍遙樂
5066.2,54,6,True,False,《金菊香》,雍熙樂府,60,北詞,商角套曲,金菊香
5067.1,77,33,True,True,《醋葫蘆》,雍熙樂府,60,北詞,商角套曲,醋葫蘆
5068.1,77,35,True,True,《醋葫蘆》,雍熙樂府,60,北詞,商角套曲,醋葫蘆
5068.2,76,35,True,True,《醋葫蘆》,雍熙樂府,60,北詞,商角套曲,醋葫蘆
5069.1,83,34,True,True,《醋葫蘆》,雍熙樂府,60,北詞,商角套曲,醋葫蘆
5070.1,74,33,True,True,《梧葉兒》,雍熙樂府,60,北詞,商角套曲,梧葉兒
5070.2,169,86,True,True,《後庭花》,雍熙樂府,60,北詞,商角套曲,後庭花
5071.1,110,56,True,True,《青歌兒》,雍熙樂府,60,北詞,商角套曲,青歌兒
5072.1,76,7,True,False,《浪裏來煞》,雍熙樂府,60,北詞,商角套曲,浪裏來煞
5075.1,46,6,True,False,《黃鶯兒》,雍熙樂府,60,北詞,商角套曲,黃鶯兒
5075.2,57,22,True,True,《黃鶯兒》,雍熙樂府,60,北詞,商角套曲,黃鶯兒
5075.3,63,30,True,True,《垂絲釣》,雍熙樂府,60,北詞,商角套曲,垂絲釣
5076.1,73,33,True,True,《應天長》,雍熙樂府,60,北詞,商角套曲,應天長
5077.1,59,7,True,False,《尾聲》,雍熙樂府,60,北詞,商角套曲,尾聲
5079.1,105,11,True,False,《集賢賓》,盛世新聲,60,北詞,商角套曲,集賢賓
5080.1,74,11,True,False,《逍遙樂》,盛世新聲,60,北詞,商角套曲,逍遙樂
5080.2,70,26,True,True,《梧葉兒》,盛世新聲,60,北詞,商角套曲,梧葉兒
5081.1,70,34,True,True,《醋葫蘆》,盛世新聲,60,北詞,商角套曲,醋葫蘆
5082.1,59,26,True,True,《雙鴈兒》,盛世新聲,60,北詞,商角套曲,雙鴈兒
5082.2,54,30,True,True,《金菊香》,盛世新聲,60,北詞,商角套曲,金菊香
5083.1,109,52,True,True,《鳳鸞吟》,盛世新聲,60,北詞,商角套曲,鳳鸞吟
5084.1,78,44,True,True,《山坡羊》,盛世新聲,60,北詞,商角套曲,山坡羊
5084.2,40,16,True,True,《皂旗兒》,盛世新聲,60,北詞,商角套曲,皂旗兒
5085.1,57,30,True,True,《四季花》,盛世新聲,60,北詞,商角套曲,四季花
5085.2,57,6,True,False,《浪裏來煞》,盛世新聲,60,北詞,商角套曲,浪裏來煞
5087.1,144,11,True,False,《集賢賓》,西天取經,60,北詞,商角套曲,集賢賓
5088.1,120,11,True,False,《逍遙樂》,西天取經,60,北詞,商角套曲,逍遙樂
5089.1,63,6,True,False,《金菊香》,西天取經,60,北詞,商角套曲,金菊香
5089.2,125,40,True,True,《梧葉兒》,西天取經,60,北詞,商角套曲,梧葉兒
5090.1,76,7,True,False,《醋葫蘆》,西天取經,60,北詞,商角套曲,醋葫蘆
5091.1,65,7,True,False,《醋葫蘆》,西天取經,60,北詞,商角套曲,醋葫蘆
5091.2,67,7,True,False,《醋葫蘆》,西天取經,60,北詞,商角套曲,醋葫蘆
5092.1,77,8,True,False,《醋葫蘆》,西天取經,60,北詞,商角套曲,醋葫蘆
5093.1,155,76,True,True,《後庭花》,西天取經,60,北詞,商角套曲,後庭花
5094.1,86,52,True,True,《柳葉兒》,西天取經,60,北詞,商角套曲,柳葉兒
5094.2,78,7,True,False,《浪裏來煞》,西天取經,60,北詞,商角套曲,浪裏來煞
5099.1,118,11,True,False,《北集賢賓》,雍熙樂府,61,合套,商角合套,北集賢賓
5100.1,328,140,True,True,《南八寶粧》,雍熙樂府,61,合套,商角合套,南八寶粧
5101.1,100,33,True,True,《北梧葉兒》,雍熙樂府,61,合套,商角合套,北梧葉兒
5102.1,153,50,True,True,《南侍香金童》,雍熙樂府,61,合套,商角合套,南侍香金童
5103.1,92,37,True,True,《北賀聖朝》,雍熙樂府,61,合套,商角合套,北賀聖朝
5103.2,112,43,True,True,《南水紅花》,雍熙樂府,61,合套,商角合套,南水紅花
5104.1,107,66,True,True,《北青歌兒》,雍熙樂府,61,合套,商角合套,北青歌兒
5105.1,44,21,True,True,《南尾聲》,雍熙樂府,61,合套,商角合套,南尾聲
5107.1,152,64,True,True,《北集賢賓》,雍熙樂府,61,合套,商角合套,北集賢賓
5108.1,112,33,True,True,《南梧桐樹》,雍熙樂府,61,合套,商角合套,南梧桐樹
5108.2,93,31,True,True,《北梧葉兒》,雍熙樂府,61,合套,商角合套,北梧葉兒
5109.1,146,50,True,True,《南山坡裏羊》,雍熙樂府,61,合套,商角合套,南山坡裏羊
5110.1,72,32,True,True,《北賀聖朝》,雍熙樂府,61,合套,商角合套,北賀聖朝
5111.1,83,42,True,True,《南水紅花》,雍熙樂府,61,合套,商角合套,南水紅花
5111.2,88,42,True,True,《北滿堂紅》,雍熙樂府,61,合套,商角合套,北滿堂紅
5112.1,111,50,True,True,《南一封書》,雍熙樂府,61,合套,商角合套,南一封書
5113.1,126,62,True,True,《北金菊香帶醋葫蘆》,雍熙樂府,61,合套,商角合套,北金菊香帶醋葫蘆
5114.1,95,40,True,True,《南梧桐葉》,雍熙樂府,61,合套,商角合套,南梧桐葉
5114.2,71,33,True,True,《北節節高》,雍熙樂府,61,合套,商角合套,北節節高
5115.1,97,39,True,True,《南簇御林》,雍熙樂府,61,合套,商角合套,南簇御林
5116.1,170,94,True,True,《北元和上馬勝》,雍熙樂府,61,合套,商角合套,北元和上馬勝
5117.1,89,47,True,True,《南御林鶯》,雍熙樂府,61,合套,商角合套,南御林鶯
5118.1,110,53,True,True,《北梧葉兒帶雙鴈兒》,雍熙樂府,61,合套,商角合套,北梧葉兒帶雙鴈兒
5119.1,105,50,True,True,《南皂羅袍》,雍熙樂府,61,合套,商角合套,南皂羅袍
5120.1,34,4,True,False,《北尾聲》,雍熙樂府,61,合套,商角合套,北尾聲
5127.1,55,7,True,False,《新水令》,月令承應,62,南詞,雙調引,新水令
5128.1,101,11,True,False,《寶鼎現（寶鼎兒）》,琵琶記,62,南詞,雙調引,寶鼎現
5129.1,104,11,True,False,《寶鼎現（寶鼎兒）》,南柯夢,62,南詞,雙調引,寶鼎現
5130.1,88,10,True,False,《眞珠簾》,牡丹亭,62,南詞,雙調引,眞珠簾
5130.2,74,9,True,False,《眞珠簾》,荊釵記,62,南詞,雙調引,眞珠簾
5131.1,48,5,True,False,《秋蘂香（秋葉香）》,拜月亭,62,南詞,雙調引,秋蘂香
5132.1,45,5,True,False,《秋蘂香（秋葉香）》,四喜記,62,南詞,雙調引,秋蘂香
5132.2,34,4,True,False,《賀聖朝》,荊釵記,62,南詞,雙調引,賀聖朝
5133.1,36,5,True,False,《賀聖朝》,紫釵記,62,南詞,雙調引,賀聖朝
5133.2,45,6,True,False,《醉落魄》,勸善金科,62,南詞,雙調引,醉落魄
5134.1,54,6,True,False,《梅子黃時雨（黃梅雨）》,殺狗記,62,南詞,雙調引,梅子黃時雨
5134.2,53,6,True,False,《梅子黃時雨（黃梅雨）》,梅嶺記,62,南詞,雙調引,梅子黃時雨
5135.1,64,8,True,False,《紅林檎慢（紅林檎近）》,鳴鳳記,62,南詞,雙調引,紅林檎慢
5136.1,71,8,True,False,《紅林檎慢（紅林檎近）》,明珠記,62,南詞,雙調引,紅林檎慢
5136.2,36,5,True,False,《玉井蓮》,折桂記,62,南詞,雙調引,玉井蓮
5137.1,40,5,True,False,《玉井蓮》,折桂記,62,南詞,雙調引,玉井蓮
5137.2,19,3,True,False,《玉井蓮》,琵琶記,62,南詞,雙調引,玉井蓮
5138.1,19,3,True,False,《玉井蓮》,釵釧記,62,南詞,雙調引,玉井蓮
5138.2,66,7,True,False,《桃源憶故人》,邯鄲夢,62,南詞,雙調引,桃源憶故人
5139.1,66,7,True,False,《桃源憶故人》,千金記,62,南詞,雙調引,桃源憶故人
5139.2,87,9,True,False,《桃源憶故人》,歐陽修詞,62,南詞,雙調引,桃源憶故人
5140.1,90,8,True,False,《灞陵橋》,八義記,62,南詞,雙調引,灞陵橋
5141.1,56,8,True,False,《豆葉黃》,孤兒記,62,南詞,雙調引,豆葉黃
5142.1,51,6,True,False,《採蓮船（船入荷花蓮）》,生死夫妻,62,南詞,雙調引,採蓮船
5142.2,44,5,True,False,《採蓮船（船入荷花蓮）》,生死夫妻,62,南詞,雙調引,採蓮船
5143.1,56,7,True,False,《鎖柳烟》,運甓記,62,南詞,雙調引,鎖柳烟
5143.2,58,7,True,False,《眞珠馬》,翫江樓,62,南詞,雙調引,眞珠馬
5144.1,19,3,True,False,《旋風子》,拜月亭,62,南詞,雙調引,旋風子
5144.2,53,7,True,False,《小重山》,龍泉記,62,南詞,雙調引,小重山
5145.1,88,9,True,False,《隔重山》,西樓記,62,南詞,雙調引,隔重山
5146.1,61,7,True,False,《海棠嬌》,金雀記,62,南詞,雙調引,海棠嬌
5167.1,180,103,True,True,《五馬江兒水》,月令承應,63,南詞,雙調正曲,五馬江兒水
5168.1,146,86,True,True,《五馬江兒水》,銀瓶記,63,南詞,雙調正曲,五馬江兒水
5169.1,149,86,True,True,《五馬江兒水》,精忠記,63,南詞,雙調正曲,五馬江兒水
5170.1,179,97,True,True,《柳搖金》,白兔記,63,南詞,雙調正曲,柳搖金
5170.2,172,96,True,True,《柳搖金》,白兔記,63,南詞,雙調正曲,柳搖金
5171.1,181,97,True,True,《柳搖金》,雍熙樂府,63,南詞,雙調正曲,柳搖金
5172.1,149,71,True,True,《柳搖金》,詞林摘艷,63,南詞,雙調正曲,柳搖金
5173.1,127,37,True,True,《柳搖金》,詞林摘艷,63,南詞,雙調正曲,柳搖金
5174.1,148,72,True,True,《柳搖金》,邯鄲夢,63,南詞,雙調正曲,柳搖金
5175.1,223,111,True,True,《朝元令》,琵琶記,63,南詞,雙調正曲,朝元令
5176.1,192,104,True,True,《朝元令》,琵琶記,63,南詞,雙調正曲,朝元令
5177.1,199,108,True,True,《朝元令》,琵琶記,63,南詞,雙調正曲,朝元令
5178.1,134,46,True,True,《朝元令》,琵琶記,63,南詞,雙調正曲,朝元令
5179.1,228,112,True,True,《朝元令》,荊釵記,63,南詞,雙調正曲,朝元令
5180.1,199,102,True,True,《朝元令》,香囊記,63,南詞,雙調正曲,朝元令
5181.1,245,111,True,True,《朝元令》,玉簪記,63,南詞,雙調正曲,朝元令
5182.1,240,110,True,True,《朝元令》,玉簪記,63,南詞,雙調正曲,朝元令
5184.1,197,99,True,True,《夜雨打梧桐》,長生殿,63,南詞,雙調正曲,夜雨打梧桐
5185.1,146,50,True,True,《夜雨打梧桐》,長生殿,63,南詞,雙調正曲,夜雨打梧桐
5186.1,195,98,True,True,《夜雨打梧桐》,綵樓記,63,南詞,雙調正曲,夜雨打梧桐
5187.1,140,49,True,True,《夜雨打梧桐》,邯鄲夢,63,南詞,雙調正曲,夜雨打梧桐
5188.1,236,123,True,True,《對美人》,詞林摘艷,63,南詞,雙調正曲,對美人
5189.1,248,122,True,True,《對美人》,詞林摘艷,63,南詞,雙調正曲,對美人
5190.1,244,118,True,True,《對美人》,詞林摘艷,63,南詞,雙調正曲,對美人
5191.1,176,60,True,True,《對美人》,詞林摘艷,63,南詞,雙調正曲,對美人
5193.1,198,111,True,True,《金字令》,月令承應,63,南詞,雙調正曲,金字令
5194.1,165,54,True,True,《金字令》,月令承應,63,南詞,雙調正曲,金字令
5195.1,197,111,True,True,《金字令》,釵釧記,63,南詞,雙調正曲,金字令
5196.1,144,77,True,True,《四塊金》,法宮雅奏,63,南詞,雙調正曲,四塊金
5197.1,143,74,True,True,《四塊金》,散曲,63,南詞,雙調正曲,四塊金
5197.2,130,37,True,True,《四塊金》,詞林摘艷,63,南詞,雙調正曲,四塊金
5198.1,125,62,True,True,《灞陵橋》,金鎖記,63,南詞,雙調正曲,灞陵橋
5199.1,127,67,True,True,《灞陵橋》,拜月亭,63,南詞,雙調正曲,灞陵橋
5200.1,86,31,True,True,《灞陵橋》,拜月亭,63,南詞,雙調正曲,灞陵橋
5201.1,156,73,True,True,《灞陵橋》,尋親記,63,南詞,雙調正曲,灞陵橋
5202.1,103,37,True,True,《灞陵橋》,臥冰記,63,南詞,雙調正曲,灞陵橋
5203.1,107,42,True,True,《柳梢青》,江流記,63,南詞,雙調正曲,柳梢青
5203.2,105,44,True,True,《柳梢青》,江流記,63,南詞,雙調正曲,柳梢青
5204.1,141,69,True,True,《柳梢青》,孤兒記,63,南詞,雙調正曲,柳梢青
5205.1,104,39,True,True,《柳梢青》,孤兒記,63,南詞,雙調正曲,柳梢青
5205.2,159,84,True,True,《柳梢青》,散曲,63,南詞,雙調正曲,柳梢青
5206.1,103,42,True,True,《柳梢青》,散曲,63,南詞,雙調正曲,柳梢青
5207.1,158,82,True,True,《柳梢青》,秦觀詞,63,南詞,雙調正曲,柳梢青
5208.1,107,44,True,True,《柳梢青》,謝無逸詞,63,南詞,雙調正曲,柳梢青
5209.1,277,134,True,True,《四朝元》,散曲,63,南詞,雙調正曲,四朝元
5210.1,276,132,True,True,《四朝元》,散曲,63,南詞,雙調正曲,四朝元
5211.1,270,129,True,True,《四朝元》,散曲,63,南詞,雙調正曲,四朝元
5212.1,195,65,True,True,《四朝元》,散曲,63,南詞,雙調正曲,四朝元
5214.1,161,79,True,True,《嬌鶯兒》,散曲,63,南詞,雙調正曲,嬌鶯兒
5215.1,160,76,True,True,《朝天歌》,詞林摘艷,63,南詞,雙調正曲,朝天歌
5216.1,159,76,True,True,《朝天歌》,詞林摘艷,63,南詞,雙調正曲,朝天歌
5216.2,125,38,True,True,《朝天歌》,詞林摘艷,63,南詞,雙調正曲,朝天歌
5217.1,132,36,True,True,《朝天歌》,詞林摘艷,63,南詞,雙調正曲,朝天歌
5218.1,149,73,True,True,《銷金帳》,拜月亭,63,南詞,雙調正曲,銷金帳
5219.1,121,37,True,True,《銷金帳》,拜月亭,63,南詞,雙調正曲,銷金帳
5220.1,168,76,True,True,《銷金帳》,琵琶記,63,南詞,雙調正曲,銷金帳
5221.1,150,76,True,True,《銷金帳》,琵琶記,63,南詞,雙調正曲,銷金帳
5222.1,144,72,True,True,《銷金帳》,琵琶記,63,南詞,雙調正曲,銷金帳
5223.1,112,35,True,True,《銷金帳》,琵琶記,63,南詞,雙調正曲,銷金帳
5223.2,162,73,True,True,《銷金帳》,牧羊記,63,南詞,雙調正曲,銷金帳
5224.1,148,70,True,True,《錦法經》,盛世新聲,63,南詞,雙調正曲,錦法經
5225.1,121,36,True,True,《錦法經》,燕子箋,63,南詞,雙調正曲,錦法經
5226.1,113,51,True,True,《羅帳裏坐》,琵琶記,63,南詞,雙調正曲,羅帳裏坐
5227.1,101,52,True,True,《羅帳裏坐》,琵琶記,63,南詞,雙調正曲,羅帳裏坐
5228.1,68,26,True,True,《羅帳裏坐》,琵琶記,63,南詞,雙調正曲,羅帳裏坐
5228.2,54,23,True,True,《鎖南枝》,法宮雅奏,63,南詞,雙調正曲,鎖南枝
5229.1,57,24,True,True,《鎖南枝》,荊釵記,63,南詞,雙調正曲,鎖南枝
5230.1,125,48,True,True,《鎖南枝》,白兔記,63,南詞,雙調正曲,鎖南枝
5230.2,62,21,True,True,《鎖南枝》,殺狗記,63,南詞,雙調正曲,鎖南枝
5231.1,71,23,True,True,《鎖南枝》,琵琶記,63,南詞,雙調正曲,鎖南枝
5232.1,67,22,True,True,《鎖南枝》,如是觀,63,南詞,雙調正曲,鎖南枝
5233.1,138,65,True,True,《孝順歌》,月令承應,63,南詞,雙調正曲,孝順歌
5234.1,88,34,True,True,《孝順歌》,勸善金科,63,南詞,雙調正曲,孝順歌
5234.2,147,66,True,True,《孝順歌》,李寶傳奇,63,南詞,雙調正曲,孝順歌
5235.1,120,62,True,True,《孝順歌》,李寶傳奇,63,南詞,雙調正曲,孝順歌
5236.1,131,60,True,True,《荷葉鋪水面（驟雨打新荷）》,月令承應,63,南詞,雙調正曲,荷葉鋪水面
5237.1,74,30,True,True,《荷葉鋪水面（驟雨打新荷）》,八義記,63,南詞,雙調正曲,荷葉鋪水面
5238.1,87,34,True,True,《荷葉鋪水面（驟雨打新荷）》,明珠記,63,南詞,雙調正曲,荷葉鋪水面
5238.2,147,68,True,True,《荷葉鋪水面（驟雨打新荷）》,綵樓記,63,南詞,雙調正曲,荷葉鋪水面
5239.1,157,72,True,True,《荷葉鋪水面（驟雨打新荷）》,節孝記,63,南詞,雙調正曲,荷葉鋪水面
5240.1,106,59,True,True,《普賢歌》,月令承應,63,南詞,雙調正曲,普賢歌
5241.1,49,31,True,True,《普賢歌》,勸善金科,63,南詞,雙調正曲,普賢歌
5241.2,108,61,True,True,《普賢歌》,法宮雅奏,63,南詞,雙調正曲,普賢歌
5242.1,55,23,True,True,《撼動山》,雙忠記,63,南詞,雙調正曲,撼動山
5243.1,49,43,True,True,《字字雙》,法宮雅奏,63,南詞,雙調正曲,字字雙
5243.2,49,41,True,True,《字字雙》,琵琶記,63,南詞,雙調正曲,字字雙
5244.1,84,40,True,True,《櫻桃花》,散曲,63,南詞,雙調正曲,櫻桃花
5246.1,66,26,True,True,《蛾郎兒》,八義記,63,南詞,雙調正曲,蛾郎兒
5246.2,56,19,True,True,《蛾郎兒》,金鎖記,63,南詞,雙調正曲,蛾郎兒
5247.1,150,82,True,True,《玉蘭花》,題紅記,63,南詞,雙調正曲,玉蘭花
5248.1,152,81,True,True,《玉蘭花》,題紅記,63,南詞,雙調正曲,玉蘭花
5249.1,81,35,True,True,《泛蘭舟（蘭舟近）》,王魁舊傳,63,南詞,雙調正曲,泛蘭舟
5250.1,60,43,True,True,《三棒鼓》,法宮雅奏,63,南詞,雙調正曲,三棒鼓
5251.1,63,43,True,True,《三棒鼓》,拜月亭,63,南詞,雙調正曲,三棒鼓
5251.2,69,43,True,True,《三棒鼓》,拜月亭,63,南詞,雙調正曲,三棒鼓
5252.1,71,47,True,True,《三棒鼓》,連環記,63,南詞,雙調正曲,三棒鼓
5253.1,37,31,True,True,《華嚴海會》,香囊記,63,南詞,雙調正曲,華嚴海會
5254.1,41,16,True,True,《華嚴海會》,牧羊記,63,南詞,雙調正曲,華嚴海會
5254.2,34,15,True,True,《華嚴海會》,牧羊記,63,南詞,雙調正曲,華嚴海會
5255.1,67,36,True,True,《四國朝序》,臥冰記,63,南詞,雙調正曲,四國朝序
5256.1,65,35,True,True,《四國朝序》,臥冰記,63,南詞,雙調正曲,四國朝序
5257.1,61,28,True,True,《清江引》,虎符記,63,南詞,雙調正曲,清江引
5257.2,57,29,True,True,《清江引》,虎符記,63,南詞,雙調正曲,清江引
5258.1,42,15,True,True,《清江引》,琵琶記,63,南詞,雙調正曲,清江引
5259.1,58,29,True,True,《清江引》,荊釵記,63,南詞,雙調正曲,清江引
5259.2,63,31,True,True,《清江引》,尋親記,63,南詞,雙調正曲,清江引
5260.1,57,29,True,True,《清江引》,尋親記,63,南詞,雙調正曲,清江引
5261.1,104,46,True,True,《回回舞》,四美記,63,南詞,雙調正曲,回回舞
5262.1,60,28,True,True,《回回舞》,如是觀,63,南詞,雙調正曲,回回舞
5263.1,41,16,True,True,《回回舞》,牧羊記,63,南詞,雙調正曲,回回舞
5263.2,40,21,True,True,《回回曲》,牧羊記,63,南詞,雙調正曲,回回曲
5264.1,43,21,True,True,《駐馬聽》,散曲,63,南詞,雙調正曲,駐馬聽
5265.1,48,30,True,True,《駐馬聽》,雍熙樂府,63,南詞,雙調正曲,駐馬聽
5266.1,238,157,True,True,《駐馬聽》,元人百種,63,南詞,雙調正曲,駐馬聽
5267.1,138,62,True,True,《駐馬聽》,雍熙樂府,63,南詞,雙調正曲,駐馬聽
5267.2,136,62,True,True,《駐馬聽》,單刀會,63,南詞,雙調正曲,駐馬聽
5268.1,96,67,True,True,《駐馬聽》,散曲,63,南詞,雙調正曲,駐馬聽
5269.1,109,23,True,True,《駐馬聽》,散曲,63,南詞,雙調正曲,駐馬聽
5270.1,102,29,True,True,《海棠賺》,散曲,63,南詞,雙調正曲,海棠賺
5271.1,112,26,True,True,《海棠賺》,崔護傳奇,63,南詞,雙調正曲,海棠賺
5272.1,104,27,True,True,《海棠賺》,崔護傳奇,63,南詞,雙調正曲,海棠賺
5272.2,48,22,True,True,《本音隨煞》,法宮雅奏,63,南詞,雙調正曲,本音隨煞
5273.1,44,22,True,True,《本音隨煞》,爛柯山,63,南詞,雙調正曲,本音隨煞
5273.2,51,22,True,True,《雙煞》,蕉帕記,63,南詞,雙調正曲,雙煞
5274.1,57,22,True,True,《雙煞》,散曲,63,南詞,雙調正曲,雙煞
5275.1,44,22,True,True,《慶餘》,月令承應,63,南詞,雙調正曲,慶餘
5275.2,24,16,True,True,《慶餘》,法宮雅奏,63,南詞,雙調正曲,慶餘
5283.1,168,92,True,True,《金江風》,法宮雅奏,64,南詞,雙調集曲,金江風
5284.1,210,103,True,True,《金江風》,臥冰記,64,南詞,雙調集曲,金江風
5285.1,179,97,True,True,《淘金令》,幻奇緣,64,南詞,雙調集曲,淘金令
5286.1,212,105,True,True,《金馬朝元令》,勘皮靴,64,南詞,雙調集曲,金馬朝元令
5287.1,255,133,True,True,《金柳嬌鶯》,夢花酣,64,南詞,雙調集曲,金柳嬌鶯
5288.1,158,81,True,True,《金三段》,法宮雅奏,64,南詞,雙調集曲,金三段
5289.1,214,107,True,True,《金水柳》,青衫記,64,南詞,雙調集曲,金水柳
5290.1,247,117,True,True,《金雲令》,西廂記,64,南詞,雙調集曲,金雲令
5291.1,207,97,True,True,《金江水》,八義記,64,南詞,雙調集曲,金江水
5292.1,258,137,True,True,《金江水》,散曲,64,南詞,雙調集曲,金江水
5293.1,234,125,True,True,《雙金令（重疊金水令）》,生死夫妻,64,南詞,雙調集曲,雙金令
5294.1,194,95,True,True,《金風曲》,散曲,64,南詞,雙調集曲,金風曲
5295.1,241,115,True,True,《江頭金桂》,勸善金科,64,南詞,雙調集曲,江頭金桂
5297.1,248,116,True,True,《江頭金桂》,琵琶記,64,南詞,雙調集曲,江頭金桂
5298.1,195,98,True,True,《雙令江兒水（二犯江兒水）》,詞林摘艷,64,南詞,雙調集曲,雙令江兒水
5299.1,91,49,True,True,《雙令江兒水（二犯江兒水）》,一捧雪,64,南詞,雙調集曲,雙令江兒水
5301.1,348,158,True,True,《風雲會四朝元》,長生殿,64,南詞,雙調集曲,風雲會四朝元
5302.1,80,24,True,True,《風雲會四朝元》,長生殿,64,南詞,雙調集曲,風雲會四朝元
5304.1,199,101,True,True,《五馬搖金》,存孤記,64,南詞,雙調集曲,五馬搖金
5305.1,148,74,True,True,《水金令（金水令）》,綵樓記,64,南詞,雙調集曲,水金令
5306.1,261,131,True,True,《朝金羅鼓令》,明珠記,64,南詞,雙調集曲,朝金羅鼓令
5307.1,32,15,True,True,《金蓼朝元歌》,散曲,64,南詞,雙調集曲,金蓼朝元歌
5309.1,188,84,True,True,《孝南枝》,錦香亭,64,南詞,雙調集曲,孝南枝
5309.2,131,64,True,True,《孝南枝》,玉簪記,64,南詞,雙調集曲,孝南枝
5310.1,215,101,True,True,《孝順兒》,琵琶記,64,南詞,雙調集曲,孝順兒
5311.1,132,50,True,True,《孝順兒》,琵琶記,64,南詞,雙調集曲,孝順兒
5312.1,131,68,True,True,《孝金經（孝金歌）》,牡丹亭,64,南詞,雙調集曲,孝金經
5313.1,86,34,True,True,《孝金經（孝金歌）》,牡丹亭,64,南詞,雙調集曲,孝金經
5314.1,137,50,True,True,《孝南兒（孝順兒）》,節孝記,64,南詞,雙調集曲,孝南兒
5315.1,153,72,True,True,《南枝金桂》,春燈謎,64,南詞,雙調集曲,南枝金桂
5315.2,88,36,True,True,《南枝金桂》,人獸關,64,南詞,雙調集曲,南枝金桂
5316.1,179,80,True,True,《鎖順南枝（鎖順枝）》,鴛鴦棒,64,南詞,雙調集曲,鎖順南枝
5317.1,78,30,True,True,《南枝歌》,柳永傳奇,64,南詞,雙調集曲,南枝歌
5318.1,113,59,True,True,《南枝映水清（二犯孝順歌）》,拜月亭,64,南詞,雙調集曲,南枝映水清
5319.1,81,30,True,True,《南枝映水清（二犯孝順歌）》,拜月亭,64,南詞,雙調集曲,南枝映水清
5320.1,54,25,True,True,《清南枝》,法宮雅奏,64,南詞,雙調集曲,清南枝
5320.2,66,25,True,True,《清南枝》,牡丹亭,64,南詞,雙調集曲,清南枝
5351.1,67,7,True,False,《新水令》,月令承應,65,北詞,雙角隻曲,新水令
5351.2,74,5,True,False,《新水令》,元人百種,65,北詞,雙角隻曲,新水令
5352.1,71,9,True,False,《新水令》,雍熙樂府,65,北詞,雙角隻曲,新水令
5353.1,91,7,True,False,《新水令》,散曲,65,北詞,雙角隻曲,新水令
5354.1,88,9,True,False,《新水令》,蘇武還鄉,65,北詞,雙角隻曲,新水令
5354.2,107,38,True,True,《新水令》,雍熙樂府,65,北詞,雙角隻曲,新水令
5355.1,98,12,True,False,《新水令》,雍熙樂府,65,北詞,雙角隻曲,新水令
5356.1,80,6,True,False,《新水令》,天寶遺事,65,北詞,雙角隻曲,新水令
5357.1,64,27,True,True,《新水令》,散曲,65,北詞,雙角隻曲,新水令
5357.2,74,7,True,False,《新水令》,雍熙樂府,65,北詞,雙角隻曲,新水令
5358.1,102,8,True,False,《新水令》,單刀會,65,北詞,雙角隻曲,新水令
5359.1,54,7,True,False,《新水令》,散曲,65,北詞,雙角隻曲,新水令
5359.2,80,35,True,True,《新水令》,太平圖,65,北詞,雙角隻曲,新水令
5360.1,84,36,True,True,《新水令》,太平圖,65,北詞,雙角隻曲,新水令
5361.1,89,7,True,False,《新水令》,雍熙樂府,65,北詞,雙角隻曲,新水令
5361.2,59,6,True,False,《新水令》,散曲,65,北詞,雙角隻曲,新水令
5362.1,55,6,True,False,《新水令》,散曲,65,北詞,雙角隻曲,新水令
5362.2,63,23,True,True,《新水令》,散曲,65,北詞,雙角隻曲,新水令
5363.1,70,9,True,False,《駐馬聽》,元人百種,65,北詞,雙角隻曲,駐馬聽
5371.1,69,10,True,False,《駐馬聽近》,散曲,65,北詞,雙角隻曲,駐馬聽近
5371.2,56,8,True,False,《駐馬聽近》,散曲,65,北詞,雙角隻曲,駐馬聽近
5372.1,88,9,True,False,《駐馬聽近》,雍熙樂府,65,北詞,雙角隻曲,駐馬聽近
5372.2,96,39,True,True,《駐馬聽近》,雍熙樂府,65,北詞,雙角隻曲,駐馬聽近
5374.1,53,7,True,False,《步步嬌（潘妃曲）》,散曲,65,北詞,雙角隻曲,步步嬌
5374.2,74,28,True,True,《步步嬌（潘妃曲）》,散曲,65,北詞,雙角隻曲,步步嬌
5375.1,94,36,True,True,《步步嬌（潘妃曲）》,散曲,65,北詞,雙角隻曲,步步嬌
5375.2,73,7,True,False,《步步嬌（潘妃曲）》,元人百種,65,北詞,雙角隻曲,步步嬌
5376.1,87,7,True,False,《步步嬌（潘妃曲）》,七國記,65,北詞,雙角隻曲,步步嬌
5377.1,85,32,True,True,《步步嬌（潘妃曲）》,元人百種,65,北詞,雙角隻曲,步步嬌
5378.1,93,33,True,True,《沉醉東風》,散曲,65,北詞,雙角隻曲,沉醉東風
5379.1,98,38,True,True,《沉醉東風》,雍熙樂府,65,北詞,雙角隻曲,沉醉東風
5380.1,92,36,True,True,《沉醉東風》,元人百種,65,北詞,雙角隻曲,沉醉東風
5380.2,124,41,True,True,《沉醉東風》,元人百種,65,北詞,雙角隻曲,沉醉東風
5381.1,68,8,True,False,《沉醉東風》,七國記,65,北詞,雙角隻曲,沉醉東風
5382.1,107,35,True,True,《沉醉東風》,單刀會,65,北詞,雙角隻曲,沉醉東風
5383.1,97,46,True,True,《沉醉東風》,太平圖,65,北詞,雙角隻曲,沉醉東風
5384.1,66,8,True,False,《沉醉東風》,元人百種,65,北詞,雙角隻曲,沉醉東風
5384.2,81,36,True,True,《沉醉東風》,雍熙樂府,65,北詞,雙角隻曲,沉醉東風
5385.1,95,49,True,True,《沉醉東風》,太平圖,65,北詞,雙角隻曲,沉醉東風
5386.1,36,16,True,True,《鴈兒落（平沙落雁）》,散曲,65,北詞,雙角隻曲,鴈兒落
5387.1,56,27,True,True,《鴈兒落（平沙落雁）》,雍熙樂府,65,北詞,雙角隻曲,鴈兒落
5387.2,59,27,True,True,《鴈兒落（平沙落雁）》,元人百種,65,北詞,雙角隻曲,鴈兒落
5388.1,59,28,True,True,《鴈兒落（平沙落雁）》,散曲,65,北詞,雙角隻曲,鴈兒落
5388.2,63,22,True,True,《鴈兒落（平沙落雁）》,散曲,65,北詞,雙角隻曲,鴈兒落
5389.1,53,27,True,True,《鴈兒落（平沙落雁）》,元人百種,65,北詞,雙角隻曲,鴈兒落
5390.1,52,22,True,True,《鴈兒落（平沙落雁）》,雍熙樂府,65,北詞,雙角隻曲,鴈兒落
5390.2,67,26,True,True,《鴈兒落（平沙落雁）》,雍熙樂府,65,北詞,雙角隻曲,鴈兒落
5391.1,73,40,True,True,《得勝令（凱歌回、陣陣贏）》,散曲,65,北詞,雙角隻曲,得勝令
5391.2,103,56,True,True,《得勝令（凱歌回、陣陣贏）》,雍熙樂府,65,北詞,雙角隻曲,得勝令
5392.1,95,46,True,True,《得勝令（凱歌回、陣陣贏）》,元人百種,65,北詞,雙角隻曲,得勝令
5393.1,88,45,True,True,《得勝令（凱歌回、陣陣贏）》,元人百種,65,北詞,雙角隻曲,得勝令
5394.1,104,46,True,True,《得勝令（凱歌回、陣陣贏）》,元人百種,65,北詞,雙角隻曲,得勝令
5395.1,105,44,True,True,《得勝令（凱歌回、陣陣贏）》,雍熙樂府,65,北詞,雙角隻曲,得勝令
5396.1,159,80,True,True,《鴈兒落帶得勝令》,長生殿,65,北詞,雙角隻曲,鴈兒落帶得勝令
5397.1,445,107,True,True,《鴈兒落帶得勝令》,散曲,65,北詞,雙角隻曲,鴈兒落帶得勝令
5401.1,53,18,True,True,《喬牌兒》,散曲,65,北詞,雙角隻曲,喬牌兒
5401.2,58,30,True,True,《喬牌兒》,元人百種,65,北詞,雙角隻曲,喬牌兒
5402.1,50,23,True,True,《喬牌兒》,散曲,65,北詞,雙角隻曲,喬牌兒
5402.2,46,26,True,True,《喬牌兒》,雍熙樂府,65,北詞,雙角隻曲,喬牌兒
5403.1,75,26,True,True,《滴滴金（甜水令）》,元人百種,65,北詞,雙角隻曲,滴滴金
5403.2,93,35,True,True,《滴滴金（甜水令）》,元人百種,65,北詞,雙角隻曲,滴滴金
5404.1,75,8,True,False,《折桂令（秋風第一枝、天香引）》,散曲,65,北詞,雙角隻曲,折桂令
5405.1,106,44,True,True,《折桂令（秋風第一枝、天香引）》,散曲,65,北詞,雙角隻曲,折桂令
5406.1,137,52,True,True,《折桂令（秋風第一枝、天香引）》,散曲,65,北詞,雙角隻曲,折桂令
5406.2,144,48,True,True,《折桂令（秋風第一枝、天香引）》,散曲,65,北詞,雙角隻曲,折桂令
5407.1,156,55,True,True,《折桂令（秋風第一枝、天香引）》,元人百種,65,北詞,雙角隻曲,折桂令
5408.1,170,92,True,True,《折桂令（秋風第一枝、天香引）》,散曲,65,北詞,雙角隻曲,折桂令
5409.1,143,54,True,True,《折桂令（秋風第一枝、天香引）》,元人百種,65,北詞,雙角隻曲,折桂令
5410.1,149,53,True,True,《折桂令（秋風第一枝、天香引）》,元人百種,65,北詞,雙角隻曲,折桂令
5411.1,149,51,True,True,《折桂令（秋風第一枝、天香引）》,太平圖,65,北詞,雙角隻曲,折桂令
5412.1,197,71,True,True,《折桂令（秋風第一枝、天香引）》,雍熙樂府,65,北詞,雙角隻曲,折桂令
5414.1,167,52,True,True,《折桂令（秋風第一枝、天香引）》,雍熙樂府,65,北詞,雙角隻曲,折桂令
5415.1,144,50,True,True,《折桂令（秋風第一枝、天香引）》,散曲,65,北詞,雙角隻曲,折桂令
5416.1,194,55,True,True,《百字折桂令》,散曲,65,北詞,雙角隻曲,百字折桂令
5417.1,150,58,True,True,《蟾宮曲（步蟾宮）》,散曲,65,北詞,雙角隻曲,蟾宮曲
5419.1,58,31,True,True,《沽美酒（瓊林宴）》,法宮雅奏,65,北詞,雙角隻曲,沽美酒
5419.2,55,34,True,True,《沽美酒（瓊林宴）》,元人百種,65,北詞,雙角隻曲,沽美酒
5420.1,56,34,True,True,《沽美酒（瓊林宴）》,元人百種,65,北詞,雙角隻曲,沽美酒
5420.2,63,35,True,True,《沽美酒（瓊林宴）》,雍熙樂府,65,北詞,雙角隻曲,沽美酒
5421.1,70,36,True,True,《沽美酒（瓊林宴）》,散曲,65,北詞,雙角隻曲,沽美酒
5422.1,71,40,True,True,《太平令》,雍熙樂府,65,北詞,雙角隻曲,太平令
5423.1,77,46,True,True,《太平令》,法宮雅奏,65,北詞,雙角隻曲,太平令
5424.1,77,44,True,True,《太平令》,散曲,65,北詞,雙角隻曲,太平令
5424.2,110,52,True,True,《太平令》,單刀會,65,北詞,雙角隻曲,太平令
5425.1,75,41,True,True,《太平令》,雍熙樂府,65,北詞,雙角隻曲,太平令
5426.1,89,46,True,True,《太平令》,散曲,65,北詞,雙角隻曲,太平令
5427.1,95,44,True,True,《太平令》,雍熙樂府,65,北詞,雙角隻曲,太平令
5428.1,69,38,True,True,《太平令》,散曲,65,北詞,雙角隻曲,太平令
5429.1,153,94,True,True,《沽美酒帶太平令》,艷雲亭,65,北詞,雙角隻曲,沽美酒帶太平令
5430.1,46,21,True,True,《銀漢浮槎（喬木查）》,散曲,65,北詞,雙角隻曲,銀漢浮槎
5431.1,48,24,True,True,《銀漢浮槎（喬木查）》,散曲,65,北詞,雙角隻曲,銀漢浮槎
5431.2,74,30,True,True,《銀漢浮槎（喬木查）》,長生殿,65,北詞,雙角隻曲,銀漢浮槎
5432.1,52,24,True,True,《銀漢浮槎（喬木查）》,太平圖,65,北詞,雙角隻曲,銀漢浮槎
5432.2,48,22,True,True,《銀漢浮槎（喬木查）》,雍熙樂府,65,北詞,雙角隻曲,銀漢浮槎
5433.1,52,25,True,True,《銀漢浮槎（喬木查）》,散曲,65,北詞,雙角隻曲,銀漢浮槎
5433.2,48,26,True,True,《銀漢浮槎（喬木查）》,太平圖,65,北詞,雙角隻曲,銀漢浮槎
5434.1,69,35,True,True,《銀漢浮槎（喬木查）》,太平圖,65,北詞,雙角隻曲,銀漢浮槎
5435.1,45,17,True,True,《落梅風（壽陽曲）》,散曲,65,北詞,雙角隻曲,落梅風
5435.2,65,31,True,True,《落梅風（壽陽曲）》,元人百種,65,北詞,雙角隻曲,落梅風
5436.1,64,28,True,True,《落梅風（壽陽曲）》,雍熙樂府,65,北詞,雙角隻曲,落梅風
5437.1,58,26,True,True,《落梅風（壽陽曲）》,長生殿,65,北詞,雙角隻曲,落梅風
5437.2,80,32,True,True,《落梅風（壽陽曲）》,元人百種,65,北詞,雙角隻曲,落梅風
5438.1,64,30,True,True,《落梅風（壽陽曲）》,散曲,65,北詞,雙角隻曲,落梅風
5439.1,60,30,True,True,《月上海棠》,散曲,65,北詞,雙角隻曲,月上海棠
5439.2,66,31,True,True,《月上海棠》,散曲,65,北詞,雙角隻曲,月上海棠
5440.1,64,28,True,True,《月上海棠》,雍熙樂府,65,北詞,雙角隻曲,月上海棠
5440.2,63,29,True,True,《月上海棠》,雍熙樂府,65,北詞,雙角隻曲,月上海棠
5441.1,69,33,True,True,《攪箏琶》,散曲,65,北詞,雙角隻曲,攪箏琶
5442.1,79,33,True,True,《攪箏琶》,雍熙樂府,65,北詞,雙角隻曲,攪箏琶
5442.2,95,41,True,True,《攪箏琶》,元人百種,65,北詞,雙角隻曲,攪箏琶
5443.1,94,44,True,True,《攪箏琶》,元人百種,65,北詞,雙角隻曲,攪箏琶
5444.1,103,12,True,False,《攪箏琶》,七國記,65,北詞,雙角隻曲,攪箏琶
5445.1,74,37,True,True,《攪箏琶》,雍熙樂府,65,北詞,雙角隻曲,攪箏琶
5446.1,108,10,True,False,《攪箏琶》,元人百種,65,北詞,雙角隻曲,攪箏琶
5447.1,90,48,True,True,《攪箏琶》,元人百種,65,北詞,雙角隻曲,攪箏琶
5448.1,91,40,True,True,《攪箏琶》,散曲,65,北詞,雙角隻曲,攪箏琶
5448.2,80,34,True,True,《攪箏琶》,董西廂,65,北詞,雙角隻曲,攪箏琶
5449.1,102,49,True,True,《攪箏琶》,董西廂,65,北詞,雙角隻曲,攪箏琶
5450.1,59,32,True,True,《天仙令（天仙子）》,散曲,65,北詞,雙角隻曲,天仙令
5451.1,85,38,True,True,《天仙令（天仙子）》,散曲,65,北詞,雙角隻曲,天仙令
5452.1,56,29,True,True,《撥不斷（續斷絃）》,散曲,65,北詞,雙角隻曲,撥不斷
5453.1,97,31,True,True,《撥不斷（續斷絃）》,元人百種,65,北詞,雙角隻曲,撥不斷
5453.2,79,46,True,True,《撥不斷（續斷絃）》,元人百種,65,北詞,雙角隻曲,撥不斷
5454.1,35,20,True,True,《慶宣和》,散曲,65,北詞,雙角隻曲,慶宣和
5455.1,46,22,True,True,《慶宣和》,散曲,65,北詞,雙角隻曲,慶宣和
5455.2,46,24,True,True,《慶宣和》,散曲,65,北詞,雙角隻曲,慶宣和
5456.1,43,22,True,True,《慶宣和》,散曲,65,北詞,雙角隻曲,慶宣和
5456.2,41,22,True,True,《慶宣和》,董西廂,65,北詞,雙角隻曲,慶宣和
5457.1,54,9,True,False,《慶東原（慶東園）》,散曲,65,北詞,雙角隻曲,慶東原
5457.2,88,35,True,True,《慶東原（慶東園）》,雍熙樂府,65,北詞,雙角隻曲,慶東原
5458.1,88,41,True,True,《慶東原（慶東園）》,雍熙樂府,65,北詞,雙角隻曲,慶東原
5459.1,116,41,True,True,《慶東原（慶東園）》,雍熙樂府,65,北詞,雙角隻曲,慶東原
5460.1,81,34,True,True,《慶東原（慶東園）》,太平圖,65,北詞,雙角隻曲,慶東原
5460.2,71,27,True,True,《慶東原（慶東園）》,雍熙樂府,65,北詞,雙角隻曲,慶東原
5461.1,73,32,True,True,《慶豐年》,火燒阿房,65,北詞,雙角隻曲,慶豐年
5462.1,109,39,True,True,《殿前歡（小婦孩兒、鳳將雛）》,散曲,65,北詞,雙角隻曲,殿前歡
5463.1,113,52,True,True,《殿前歡（小婦孩兒、鳳將雛）》,散曲,65,北詞,雙角隻曲,殿前歡
5464.1,148,52,True,True,《殿前歡（小婦孩兒、鳳將雛）》,七國記,65,北詞,雙角隻曲,殿前歡
5465.1,86,10,True,False,《殿前歡（小婦孩兒、鳳將雛）》,元人百種,65,北詞,雙角隻曲,殿前歡
5466.1,89,45,True,True,《掛玉鉤》,散曲,65,北詞,雙角隻曲,掛玉鉤
5466.2,97,64,True,True,《掛玉鉤》,蘇武還鄉,65,北詞,雙角隻曲,掛玉鉤
5467.1,105,60,True,True,《掛玉鉤》,散曲,65,北詞,雙角隻曲,掛玉鉤
5469.1,107,55,True,True,《掛玉鉤序》,雍熙樂府,65,北詞,雙角隻曲,掛玉鉤序
5470.1,113,59,True,True,《掛玉鉤序》,雍熙樂府,65,北詞,雙角隻曲,掛玉鉤序
5470.2,88,53,True,True,《掛玉鉤序》,雍熙樂府,65,北詞,雙角隻曲,掛玉鉤序
5472.1,105,53,True,True,《掛搭沽》,太平圖,65,北詞,雙角隻曲,掛搭沽
5472.2,80,32,True,True,《掛搭沽序》,散曲,65,北詞,雙角隻曲,掛搭沽序
5473.1,130,54,True,True,《掛搭沽序》,散曲,65,北詞,雙角隻曲,掛搭沽序
5474.1,128,56,True,True,《掛搭沽序》,散曲,65,北詞,雙角隻曲,掛搭沽序
5475.1,121,64,True,True,《掛打燈》,太平圖,65,北詞,雙角隻曲,掛打燈
5476.1,66,36,True,True,《亂柳葉》,雍熙樂府,65,北詞,雙角隻曲,亂柳葉
5477.1,108,55,True,True,《亂柳葉》,散曲,65,北詞,雙角隻曲,亂柳葉
5478.1,104,44,True,True,《亂柳葉》,元人百種,65,北詞,雙角隻曲,亂柳葉
5478.2,72,31,True,True,《亂柳葉》,太平圖,65,北詞,雙角隻曲,亂柳葉
5479.1,67,40,True,True,《川撥棹》,法宮雅奏,65,北詞,雙角隻曲,川撥棹
5480.1,66,33,True,True,《川撥棹》,元人百種,65,北詞,雙角隻曲,川撥棹
5481.1,52,32,True,True,《川撥棹》,元人百種,65,北詞,雙角隻曲,川撥棹
5481.2,57,31,True,True,《川撥棹》,散曲,65,北詞,雙角隻曲,川撥棹
5482.1,77,45,True,True,《川撥棹》,元人百種,65,北詞,雙角隻曲,川撥棹
5482.2,101,59,True,True,《川撥棹》,元人百種,65,北詞,雙角隻曲,川撥棹
5483.1,61,40,True,True,《川撥棹》,雍熙樂府,65,北詞,雙角隻曲,川撥棹
5484.1,49,26,True,True,《七弟兄》,雍熙樂府,65,北詞,雙角隻曲,七弟兄
5485.1,47,25,True,True,《七弟兄》,元人百種,65,北詞,雙角隻曲,七弟兄
5485.2,55,32,True,True,《七弟兄》,元人百種,65,北詞,雙角隻曲,七弟兄
5486.1,72,38,True,True,《七弟兄》,元人百種,65,北詞,雙角隻曲,七弟兄
5487.1,58,39,True,True,《梅花酒》,元人百種,65,北詞,雙角隻曲,梅花酒
5488.1,103,56,True,True,《梅花酒》,元人百種,65,北詞,雙角隻曲,梅花酒
5489.1,120,67,True,True,《梅花酒》,散曲,65,北詞,雙角隻曲,梅花酒
5490.1,95,55,True,True,《梅花酒》,元人百種,65,北詞,雙角隻曲,梅花酒
5491.1,116,63,True,True,《梅花酒》,散曲,65,北詞,雙角隻曲,梅花酒
5492.1,82,48,True,True,《梅花酒》,散曲,65,北詞,雙角隻曲,梅花酒
5492.2,49,27,True,True,《梅花酒》,雍熙樂府,65,北詞,雙角隻曲,梅花酒
5493.1,56,34,True,True,《梅花酒》,雍熙樂府,65,北詞,雙角隻曲,梅花酒
5494.1,111,66,True,True,《梅花酒》,元人百種,65,北詞,雙角隻曲,梅花酒
5495.1,161,94,True,True,《梅花酒》,元人百種,65,北詞,雙角隻曲,梅花酒
5496.1,157,97,True,True,《梅花酒》,伯道棄子,65,北詞,雙角隻曲,梅花酒
5497.1,79,45,True,True,《梅花酒》,元人百種,65,北詞,雙角隻曲,梅花酒
5498.1,81,42,True,True,《梅花酒》,雍熙樂府,65,北詞,雙角隻曲,梅花酒
5499.1,55,32,True,True,《收江南（喜江南）》,月令承應,65,北詞,雙角隻曲,收江南
5500.1,77,46,True,True,《收江南（喜江南）》,雍熙樂府,65,北詞,雙角隻曲,收江南
5500.2,71,43,True,True,《收江南（喜江南）》,元人百種,65,北詞,雙角隻曲,收江南
5501.1,52,25,True,True,《收江南（喜江南）》,元人百種,65,北詞,雙角隻曲,收江南
5539.1,49,6,True,False,《夜行船》,雍熙樂府,66,北詞,雙角隻曲,夜行船
5539.2,57,26,True,True,《夜行船》,散曲,66,北詞,雙角隻曲,夜行船
5540.1,50,6,True,False,《夜行船》,散曲,66,北詞,雙角隻曲,夜行船
5540.2,69,6,True,False,《夜行船》,元人百種,66,北詞,雙角隻曲,夜行船
5541.1,72,8,True,False,《夜行船》,元人百種,66,北詞,雙角隻曲,夜行船
5542.1,62,7,True,False,《風入松》,雍熙樂府,66,北詞,雙角隻曲,風入松
5543.1,80,34,True,True,《風入松》,散曲,66,北詞,雙角隻曲,風入松
5543.2,73,36,True,True,《風入松》,散曲,66,北詞,雙角隻曲,風入松
5544.1,57,7,True,False,《風入松》,散曲,66,北詞,雙角隻曲,風入松
5544.2,63,5,True,False,《風入松》,雍熙樂府,66,北詞,雙角隻曲,風入松
5545.1,75,7,True,False,《風入松》,元人百種,66,北詞,雙角隻曲,風入松
5545.2,80,32,True,True,《風入松》,元人百種,66,北詞,雙角隻曲,風入松
5546.1,81,34,True,True,《風入松》,天寶遺事,66,北詞,雙角隻曲,風入松
5547.1,76,38,True,True,《風入松》,雍熙樂府,66,北詞,雙角隻曲,風入松
5548.1,113,38,True,True,《五供養》,元人百種,66,北詞,雙角隻曲,五供養
5549.1,136,48,True,True,《五供養》,元人百種,66,北詞,雙角隻曲,五供養
5550.1,146,59,True,True,《朝元樂》,太平圖,66,北詞,雙角隻曲,朝元樂
5550.2,69,34,True,True,《豆葉黃》,雍熙樂府,66,北詞,雙角隻曲,豆葉黃
5551.1,65,43,True,True,《豆葉黃》,董西廂,66,北詞,雙角隻曲,豆葉黃
5552.1,86,42,True,True,《豆葉黃》,散曲,66,北詞,雙角隻曲,豆葉黃
5552.2,104,40,True,True,《豆葉黃》,元人百種,66,北詞,雙角隻曲,豆葉黃
5553.1,33,4,True,False,《豆葉黃》,元人百種,66,北詞,雙角隻曲,豆葉黃
5555.1,114,46,True,True,《雕刺雞》,太平圖,66,北詞,雙角隻曲,雕刺雞
5556.1,94,35,True,True,《水仙子（凌波仙、馮夷曲）》,散曲,66,北詞,雙角隻曲,水仙子
5556.2,98,43,True,True,《水仙子（凌波仙、馮夷曲）》,散曲,66,北詞,雙角隻曲,水仙子
5557.1,139,42,True,True,《水仙子（凌波仙、馮夷曲）》,元人百種,66,北詞,雙角隻曲,水仙子
5558.1,99,46,True,True,《水仙子（凌波仙、馮夷曲）》,雍熙樂府,66,北詞,雙角隻曲,水仙子
5559.1,124,44,True,True,《水仙子（凌波仙、馮夷曲）》,散曲,66,北詞,雙角隻曲,水仙子
5559.2,96,42,True,True,《水仙子（凌波仙、馮夷曲）》,散曲,66,北詞,雙角隻曲,水仙子
5560.1,115,42,True,True,《水仙子（凌波仙、馮夷曲）》,雍熙樂府,66,北詞,雙角隻曲,水仙子
5561.1,143,41,True,True,《水仙子（凌波仙、馮夷曲）》,千金記,66,北詞,雙角隻曲,水仙子
5562.1,44,24,True,True,《河西水仙子》,月令承應,66,北詞,雙角隻曲,河西水仙子
5563.1,46,24,True,True,《河西水仙子》,散曲,66,北詞,雙角隻曲,河西水仙子
5564.1,50,27,True,True,《錦上花》,散曲,66,北詞,雙角隻曲,錦上花
5564.2,57,25,True,True,《錦上花》,散曲,66,北詞,雙角隻曲,錦上花
5565.1,63,26,True,True,《錦上花》,雍熙樂府,66,北詞,雙角隻曲,錦上花
5565.2,74,28,True,True,《錦上花》,雍熙樂府,66,北詞,雙角隻曲,錦上花
5566.1,55,27,True,True,《錦上花》,雍熙樂府,66,北詞,雙角隻曲,錦上花
5566.2,58,25,True,True,《錦上花》,雍熙樂府,66,北詞,雙角隻曲,錦上花
5567.1,81,31,True,True,《錦上花》,太平圖,66,北詞,雙角隻曲,錦上花
5568.1,78,29,True,True,《錦上花》,太平圖,66,北詞,雙角隻曲,錦上花
5569.1,77,30,True,True,《碧玉蕭》,散曲,66,北詞,雙角隻曲,碧玉蕭
5569.2,80,35,True,True,《碧玉蕭》,散曲,66,北詞,雙角隻曲,碧玉蕭
5570.1,80,32,True,True,《碧玉蕭》,散曲,66,北詞,雙角隻曲,碧玉蕭
5571.1,69,31,True,True,《碧玉蕭》,散曲,66,北詞,雙角隻曲,碧玉蕭
5571.2,77,34,True,True,《碧玉蕭》,元人百種,66,北詞,雙角隻曲,碧玉蕭
5572.1,82,33,True,True,《碧玉蕭》,散曲,66,北詞,雙角隻曲,碧玉蕭
5573.1,73,33,True,True,《對玉環》,散曲,66,北詞,雙角隻曲,對玉環
5574.1,75,29,True,True,《清江引（江兒水）》,散曲,66,北詞,雙角隻曲,清江引
5575.1,59,28,True,True,《清江引（江兒水）》,散曲,66,北詞,雙角隻曲,清江引
5575.2,155,65,True,True,《沙子攤破清江引》,散曲,66,北詞,雙角隻曲,沙子攤破清江引
5577.1,59,26,True,True,《小陽關》,哭秦少游,66,北詞,雙角隻曲,小陽關
5577.2,50,23,True,True,《小陽關》,月令承應,66,北詞,雙角隻曲,小陽關
5578.1,63,26,True,True,《小將軍》,元人百種,66,北詞,雙角隻曲,小將軍
5579.1,66,22,True,True,《小將軍》,元人百種,66,北詞,雙角隻曲,小將軍
5580.1,56,20,True,True,《小將軍》,月令承應,66,北詞,雙角隻曲,小將軍
5580.2,105,53,True,True,《太清歌（太平歌）》,越娘背燈,66,北詞,雙角隻曲,太清歌
5581.1,138,63,True,True,《太清歌（太平歌）》,元人百種,66,北詞,雙角隻曲,太清歌
5582.1,137,65,True,True,《太清歌（太平歌）》,元人百種,66,北詞,雙角隻曲,太清歌
5584.1,138,70,True,True,《太清歌（太平歌）》,天寶遺事,66,北詞,雙角隻曲,太清歌
5585.1,137,35,True,True,《太清歌（太平歌）》,元人百種,66,北詞,雙角隻曲,太清歌
5586.1,139,60,True,True,《太清歌（太平歌）》,天寶遺事,66,北詞,雙角隻曲,太清歌
5587.1,62,32,True,True,《殿前喜》,散曲,66,北詞,雙角隻曲,殿前喜
5588.1,65,33,True,True,《早鄉詞（棗鄉詞）》,雍熙樂府,66,北詞,雙角隻曲,早鄉詞
5589.1,70,32,True,True,《早鄉詞（棗鄉詞）》,散曲,66,北詞,雙角隻曲,早鄉詞
5590.1,89,40,True,True,《醉鄉春（添春色）》,月令承應,66,北詞,雙角隻曲,醉鄉春
5590.2,44,24,True,True,《石竹子》,散曲,66,北詞,雙角隻曲,石竹子
5591.1,52,29,True,True,《石竹子》,雍熙樂府,66,北詞,雙角隻曲,石竹子
5592.1,40,17,True,True,《山石榴》,散曲,66,北詞,雙角隻曲,山石榴
5592.2,38,21,True,True,《山石榴》,散曲,66,北詞,雙角隻曲,山石榴
5592.3,42,23,True,True,《山石榴》,雍熙樂府,66,北詞,雙角隻曲,山石榴
5593.1,43,22,True,True,《山石榴》,雍熙樂府,66,北詞,雙角隻曲,山石榴
5593.2,38,19,True,True,《山石榴》,元人百種,66,北詞,雙角隻曲,山石榴
5594.1,44,20,True,True,《山石榴》,元人百種,66,北詞,雙角隻曲,山石榴
5594.2,37,14,True,True,《醉娘子（眞箇醉）》,散曲,66,北詞,雙角隻曲,醉娘子
5595.1,51,33,True,True,《醉娘子（眞箇醉）》,元人百種,66,北詞,雙角隻曲,醉娘子
5595.2,67,30,True,True,《醉娘子（眞箇醉）》,雍熙樂府,66,北詞,雙角隻曲,醉娘子
5596.1,48,22,True,True,《醉娘子（眞箇醉）》,元人百種,66,北詞,雙角隻曲,醉娘子
5597.1,51,25,True,True,《駙馬還朝（相公愛）》,散曲,66,北詞,雙角隻曲,駙馬還朝
5598.1,54,29,True,True,《駙馬還朝（相公愛）》,元人百種,66,北詞,雙角隻曲,駙馬還朝
5598.2,54,27,True,True,《駙馬還朝（相公愛）》,雍熙樂府,66,北詞,雙角隻曲,駙馬還朝
5599.1,60,35,True,True,《胡十八》,散曲,66,北詞,雙角隻曲,胡十八
5599.2,77,28,True,True,《胡十八》,雍熙樂府,66,北詞,雙角隻曲,胡十八
5600.1,67,35,True,True,《胡十八》,散曲,66,北詞,雙角隻曲,胡十八
5601.1,102,35,True,True,《胡十八》,元人百種,66,北詞,雙角隻曲,胡十八
5601.2,70,36,True,True,《胡十八》,元人百種,66,北詞,雙角隻曲,胡十八
5602.1,42,22,True,True,《一錠銀》,散曲,66,北詞,雙角隻曲,一錠銀
5603.1,40,22,True,True,《一錠銀》,元人百種,66,北詞,雙角隻曲,一錠銀
5603.2,47,24,True,True,《一錠銀》,散曲,66,北詞,雙角隻曲,一錠銀
5604.1,45,26,True,True,《阿納忽（阿那忽）》,散曲,66,北詞,雙角隻曲,阿納忽
5605.1,35,21,True,True,《阿納忽（阿那忽）》,散曲,66,北詞,雙角隻曲,阿納忽
5605.2,39,20,True,True,《阿納忽（阿那忽）》,元人百種,66,北詞,雙角隻曲,阿納忽
5606.1,43,24,True,True,《阿忽令》,散曲,66,北詞,雙角隻曲,阿忽令
5606.2,45,26,True,True,《小拜門（不拜門）》,元人百種,66,北詞,雙角隻曲,小拜門
5607.1,43,22,True,True,《小拜門（不拜門）》,散曲,66,北詞,雙角隻曲,小拜門
5608.1,69,43,True,True,《慢金盞（金盞子）》,雍熙樂府,66,北詞,雙角隻曲,慢金盞
5608.2,92,45,True,True,《慢金盞（金盞子）》,散曲,66,北詞,雙角隻曲,慢金盞
5609.1,90,44,True,True,《慢金盞（金盞子）》,元人百種,66,北詞,雙角隻曲,慢金盞
5610.1,59,30,True,True,《大拜門》,雍熙樂府,66,北詞,雙角隻曲,大拜門
5611.1,61,32,True,True,《大拜門》,元人百種,66,北詞,雙角隻曲,大拜門
5611.2,53,28,True,True,《也不羅》,雍熙樂府,66,北詞,雙角隻曲,也不羅
5612.1,52,28,True,True,《也不羅》,元人百種,66,北詞,雙角隻曲,也不羅
5613.1,83,45,True,True,《小喜人心》,元人百種,66,北詞,雙角隻曲,小喜人心
5613.2,77,44,True,True,《小喜人心》,雍熙樂府,66,北詞,雙角隻曲,小喜人心
5614.1,51,28,True,True,《風流體》,雍熙樂府,66,北詞,雙角隻曲,風流體
5615.1,75,39,True,True,《風流體》,元人百種,66,北詞,雙角隻曲,風流體
5616.1,45,26,True,True,《大喜人心》,散曲,66,北詞,雙角隻曲,大喜人心
5616.2,71,39,True,True,《忽都白（古都白）》,元人百種,66,北詞,雙角隻曲,忽都白
5617.1,69,41,True,True,《忽都白（古都白）》,雍熙樂府,66,北詞,雙角隻曲,忽都白
5618.1,72,32,True,True,《忽都白（古都白）》,元人百種,66,北詞,雙角隻曲,忽都白
5619.1,46,22,True,True,《唐古歹（倘古歹、唐兀歹）》,雍熙樂府,66,北詞,雙角隻曲,唐古歹
5619.2,50,27,True,True,《唐古歹（倘古歹、唐兀歹）》,元人百種,66,北詞,雙角隻曲,唐古歹
5620.1,51,24,True,True,《唐古歹（倘古歹、唐兀歹）》,元人百種,66,北詞,雙角隻曲,唐古歹
5621.1,65,41,True,True,《海天晴》,太平圖,66,北詞,雙角隻曲,海天晴
5621.2,60,36,True,True,《一機錦》,太平圖,66,北詞,雙角隻曲,一機錦
5622.1,76,49,True,True,《好精神》,太平圖,66,北詞,雙角隻曲,好精神
5622.2,98,61,True,True,《農樂歌》,太平圖,66,北詞,雙角隻曲,農樂歌
5623.1,123,63,True,True,《動相思》,太平圖,66,北詞,雙角隻曲,動相思
5624.1,257,158,True,True,《白苧歌》,太平圖,66,北詞,雙角隻曲,白苧歌
5627.1,56,22,True,True,《荊山玉（側甎兒）》,散曲,66,北詞,雙角隻曲,荊山玉
5627.2,67,22,True,True,《荊山玉（側甎兒）》,元人百種,66,北詞,雙角隻曲,荊山玉
5628.1,75,33,True,True,《竹枝歌》,散曲,66,北詞,雙角隻曲,竹枝歌
5628.2,90,33,True,True,《竹枝歌》,元人百種,66,北詞,雙角隻曲,竹枝歌
5629.1,113,48,True,True,《月兒彎》,太平圖,66,北詞,雙角隻曲,月兒彎
5630.1,48,28,True,True,《行香子》,散曲,66,北詞,雙角隻曲,行香子
5631.1,48,6,True,False,《蝶戀花（鳳棲梧、魚水同歡）》,散曲,66,北詞,雙角隻曲,蝶戀花
5631.2,103,46,True,True,《萬花方三臺》,天寶遺事,66,北詞,雙角隻曲,萬花方三臺
5632.1,52,24,True,True,《間金四塊玉》,散曲,66,北詞,雙角隻曲,間金四塊玉
5633.1,45,23,True,True,《間金四塊玉》,散曲,66,北詞,雙角隻曲,間金四塊玉
5633.2,51,27,True,True,《減字木蘭花（減蘭、木蘭香）》,散曲,66,北詞,雙角隻曲,減字木蘭花
5634.1,58,28,True,True,《金娥神曲（神曲纏）》,散曲,66,北詞,雙角隻曲,金娥神曲
5634.2,63,30,True,True,《金娥神曲（神曲纏）》,散曲,66,北詞,雙角隻曲,金娥神曲
5635.1,74,32,True,True,《金娥神曲（神曲纏）》,散曲,66,北詞,雙角隻曲,金娥神曲
5635.2,60,28,True,True,《金娥神曲（神曲纏）》,散曲,66,北詞,雙角隻曲,金娥神曲
5636.1,52,29,True,True,《金娥神曲（神曲纏）》,散曲,66,北詞,雙角隻曲,金娥神曲
5637.1,65,30,True,True,《金娥神曲（神曲纏）》,散曲,66,北詞,雙角隻曲,金娥神曲
5637.2,65,34,True,True,《金娥神曲（神曲纏）》,散曲,66,北詞,雙角隻曲,金娥神曲
5638.1,60,27,True,True,《金娥神曲（神曲纏）》,散曲,66,北詞,雙角隻曲,金娥神曲
5639.1,44,25,True,True,《搗練子（胡搗練）》,元人百種,66,北詞,雙角隻曲,搗練子
5640.1,96,8,True,False,《一緺兒麻》,太平圖,66,北詞,雙角隻曲,一緺兒麻
5641.1,71,30,True,True,《楚雲深》,散曲,66,北詞,雙角隻曲,楚雲深
5641.2,30,15,True,True,《生查子》,散曲,66,北詞,雙角隻曲,生查子
5642.1,50,29,True,True,《快活年》,散曲,66,北詞,雙角隻曲,快活年
5642.2,53,7,True,False,《快活年》,雍熙樂府,66,北詞,雙角隻曲,快活年
5643.1,49,7,True,False,《快活年》,雍熙樂府,66,北詞,雙角隻曲,快活年
5644.1,52,7,True,False,《快活年》,雍熙樂府,66,北詞,雙角隻曲,快活年
5644.2,49,7,True,False,《快活年》,雍熙樂府,66,北詞,雙角隻曲,快活年
5645.1,114,58,True,True,《新時令》,散曲,66,北詞,雙角隻曲,新時令
5646.1,84,44,True,True,《大德樂》,散曲,66,北詞,雙角隻曲,大德樂
5647.1,107,58,True,True,《十棒鼓》,散曲,66,北詞,雙角隻曲,十棒鼓
5648.1,98,42,True,True,《驟雨打新荷》,散曲,66,北詞,雙角隻曲,驟雨打新荷
5649.1,88,42,True,True,《驟雨打新荷》,散曲,66,北詞,雙角隻曲,驟雨打新荷
5649.2,44,23,True,True,《山丹花》,散曲,66,北詞,雙角隻曲,山丹花
5650.1,41,22,True,True,《皂旗兒（酒旗兒）》,散曲,66,北詞,雙角隻曲,皂旗兒
5651.1,53,27,True,True,《枳郎兒》,散曲,66,北詞,雙角隻曲,枳郎兒
5651.2,53,28,True,True,《漢江秋（荊襄怨）》,李逵負荊,66,北詞,雙角隻曲,漢江秋
5652.1,47,24,True,True,《華嚴讃》,散曲,66,北詞,雙角隻曲,華嚴讃
5653.1,70,41,True,True,《華嚴讃》,月令承應,66,北詞,雙角隻曲,華嚴讃
5654.1,59,35,True,True,《播海令》,散曲,66,北詞,雙角隻曲,播海令
5654.2,44,20,True,True,《青天歌》,元人百種,66,北詞,雙角隻曲,青天歌
5655.1,63,28,True,True,《惜奴嬌》,董西廂,66,北詞,雙角隻曲,惜奴嬌
5655.2,65,29,True,True,《惜奴嬌》,董西廂,66,北詞,雙角隻曲,惜奴嬌
5656.1,58,7,True,False,《惜奴嬌》,董西廂,66,北詞,雙角隻曲,惜奴嬌
5657.1,55,8,True,False,《惜奴嬌》,董西廂,66,北詞,雙角隻曲,惜奴嬌
5657.2,90,41,True,True,《芰荷香》,董西廂,66,北詞,雙角隻曲,芰荷香
5658.1,90,42,True,True,《芰荷香》,董西廂,66,北詞,雙角隻曲,芰荷香
5659.1,72,26,True,True,《御街行（孤鴈兒）》,董西廂,66,北詞,雙角隻曲,御街行
5659.2,76,30,True,True,《御街行（孤鴈兒）》,董西廂,66,北詞,雙角隻曲,御街行
5660.1,78,11,True,False,《鴛鴦煞》,雍熙樂府,66,北詞,雙角隻曲,鴛鴦煞
5661.1,101,11,True,False,《鴛鴦煞》,元人百種,66,北詞,雙角隻曲,鴛鴦煞
5662.1,89,52,True,True,《鴛鴦煞》,散曲,66,北詞,雙角隻曲,鴛鴦煞
5663.1,89,10,True,False,《鴛鴦煞》,元人百種,66,北詞,雙角隻曲,鴛鴦煞
5663.2,101,11,True,False,《鴛鴦煞》,雍熙樂府,66,北詞,雙角隻曲,鴛鴦煞
5664.1,101,10,True,False,《鴛鴦煞》,雍熙樂府,66,北詞,雙角隻曲,鴛鴦煞
5665.1,107,54,True,True,《鴛鴦煞》,雍熙樂府,66,北詞,雙角隻曲,鴛鴦煞
5666.1,89,9,True,False,《鴛鴦煞》,雍熙樂府,66,北詞,雙角隻曲,鴛鴦煞
5667.1,112,12,True,False,《鴛鴦煞》,散曲,66,北詞,雙角隻曲,鴛鴦煞
5668.1,86,10,True,False,《鴛鴦煞》,雍熙樂府,66,北詞,雙角隻曲,鴛鴦煞
5669.1,81,9,True,False,《離亭宴煞》,雍熙樂府,66,北詞,雙角隻曲,離亭宴煞
5670.1,79,12,True,False,《離亭宴煞》,雍熙樂府,66,北詞,雙角隻曲,離亭宴煞
5671.1,85,12,True,False,《離亭宴煞》,雍熙樂府,66,北詞,雙角隻曲,離亭宴煞
5671.2,77,8,True,False,《離亭宴煞》,雍熙樂府,66,北詞,雙角隻曲,離亭宴煞
5672.1,111,11,True,False,《離亭宴煞》,雍熙樂府,66,北詞,雙角隻曲,離亭宴煞
5673.1,121,64,True,True,《離亭宴煞》,散曲,66,北詞,雙角隻曲,離亭宴煞
5674.1,118,12,True,False,《歇拍煞》,薦福碑,66,北詞,雙角隻曲,歇拍煞
5675.1,167,57,True,True,《離亭宴帶歇拍煞》,雍熙樂府,66,北詞,雙角隻曲,離亭宴帶歇拍煞
5676.1,170,56,True,True,《離亭宴帶歇拍煞》,元人百種,66,北詞,雙角隻曲,離亭宴帶歇拍煞
5678.1,164,18,True,False,《離亭宴帶歇拍煞》,散曲,66,北詞,雙角隻曲,離亭宴帶歇拍煞
5679.1,85,7,True,False,《鴛鴦帶離亭宴煞》,雍熙樂府,66,北詞,雙角隻曲,鴛鴦帶離亭宴煞
5680.1,50,8,True,False,《本調煞》,散曲,66,北詞,雙角隻曲,本調煞
5681.1,63,7,True,False,《煞尾》,雍熙樂府,66,北詞,雙角隻曲,煞尾
5682.1,55,5,True,False,《煞尾》,雍熙樂府,66,北詞,雙角隻曲,煞尾
5682.2,58,6,True,False,《煞尾》,雍熙樂府,66,北詞,雙角隻曲,煞尾
5683.1,49,5,True,False,《煞尾》,元人百種,66,北詞,雙角隻曲,煞尾
5683.2,34,4,True,False,《煞尾》,散曲,66,北詞,雙角隻曲,煞尾
5684.1,40,4,True,False,《煞尾》,董西廂,66,北詞,雙角隻曲,煞尾
5684.2,45,5,True,False,《煞尾》,月令承應,66,北詞,雙角隻曲,煞尾
5685.1,49,5,True,False,《煞尾》,散曲,66,北詞,雙角隻曲,煞尾
5685.2,43,5,True,False,《煞尾》,雍熙樂府,66,北詞,雙角隻曲,煞尾
5687.1,90,11,True,False,《駐馬聽》,寶劍記,66,北詞,雙角隻曲,駐馬聽
5688.1,66,42,True,True,《撼動山》,牧羊記,66,北詞,雙角隻曲,撼動山
5689.1,174,87,True,True,《水仙子帶太平令》,八義記,66,北詞,雙角隻曲,水仙子帶太平令
5692.1,48,30,True,True,《沽美酒帶太平令》,牧羊記,66,北詞,雙角隻曲,沽美酒帶太平令
5694.1,210,74,True,True,《鴈兒落帶得勝令》,牧羊記,66,北詞,雙角隻曲,鴈兒落帶得勝令
5695.1,45,7,True,False,《浪淘沙》,邯鄲夢,66,北詞,雙角隻曲,浪淘沙
5696.1,43,7,True,False,《浪淘沙》,邯鄲夢,66,北詞,雙角隻曲,浪淘沙
5696.2,47,34,True,True,《浪淘沙》,李煜詞,66,北詞,雙角隻曲,浪淘沙
5697.1,45,35,True,True,《浪淘沙》,李煜詞,66,北詞,雙角隻曲,浪淘沙
5697.2,254,126,True,True,《雙令江兒水》,紅拂記,66,北詞,雙角隻曲,雙令江兒水
5699.1,189,60,True,True,《雙令江兒水》,紅拂記,66,北詞,雙角隻曲,雙令江兒水
5700.1,89,33,True,True,《掃晴娘》,雍熙樂府,66,北詞,雙角隻曲,掃晴娘
5701.1,77,37,True,True,《掃晴娘》,雍熙樂府,66,北詞,雙角隻曲,掃晴娘
5701.2,89,39,True,True,《掃晴娘》,雍熙樂府,66,北詞,雙角隻曲,掃晴娘
5702.1,82,35,True,True,《掃晴娘》,雍熙樂府,66,北詞,雙角隻曲,掃晴娘
5703.1,187,93,True,True,《三轉鴈兒落》,繡襦記,66,北詞,雙角隻曲,三轉鴈兒落
5704.1,183,91,True,True,《鴈落梅花》,繡襦記,66,北詞,雙角隻曲,鴈落梅花
5706.1,89,48,True,True,《蓮花落》,繡襦記,66,北詞,雙角隻曲,蓮花落
5708.1,96,60,True,True,《醉太平》,繡襦記,66,北詞,雙角隻曲,醉太平
5709.1,61,32,True,True,《蓮花落》,繡襦記,66,北詞,雙角隻曲,蓮花落
5711.1,110,79,True,True,《醉太平》,繡襦記,66,北詞,雙角隻曲,醉太平
5713.1,122,70,True,True,《蓮花落》,繡襦記,66,北詞,雙角隻曲,蓮花落
5715.1,78,55,True,True,《醉太平》,繡襦記,66,北詞,雙角隻曲,醉太平
5716.1,133,82,True,True,《蓮花落》,繡襦記,66,北詞,雙角隻曲,蓮花落
5718.1,82,60,True,True,《醉太平》,繡襦記,66,北詞,雙角隻曲,醉太平
5719.1,128,62,True,True,《蓮花落》,繡襦記,66,北詞,雙角隻曲,蓮花落
5735.1,61,7,True,False,《新水令》,法宮雅奏,67,北詞,雙角套曲,新水令
5735.2,85,10,True,False,《駐馬聽》,法宮雅奏,67,北詞,雙角套曲,駐馬聽
5736.1,87,33,True,True,《沉醉東風》,法宮雅奏,67,北詞,雙角套曲,沉醉東風
5737.1,55,29,True,True,《鴈兒落》,法宮雅奏,67,北詞,雙角套曲,鴈兒落
5737.2,80,49,True,True,《得勝令》,法宮雅奏,67,北詞,雙角套曲,得勝令
5738.1,70,42,True,True,《收江南》,法宮雅奏,67,北詞,雙角套曲,收江南
5739.1,73,41,True,True,《掛玉鉤》,法宮雅奏,67,北詞,雙角套曲,掛玉鉤
5739.2,64,41,True,True,《沽美酒》,法宮雅奏,67,北詞,雙角套曲,沽美酒
5740.1,66,45,True,True,《太平令》,法宮雅奏,67,北詞,雙角套曲,太平令
5740.2,52,33,True,True,《川撥棹》,法宮雅奏,67,北詞,雙角套曲,川撥棹
5741.1,48,7,True,False,《慶餘》,法宮雅奏,67,北詞,雙角套曲,慶餘
5743.1,108,9,True,False,《新水令》,元人百種,67,北詞,雙角套曲,新水令
5743.2,95,30,True,True,《滴滴金》,元人百種,67,北詞,雙角套曲,滴滴金
5744.1,185,61,True,True,《百字折桂令》,元人百種,67,北詞,雙角套曲,百字折桂令
5745.1,58,23,True,True,《喬牌兒》,元人百種,67,北詞,雙角套曲,喬牌兒
5746.1,102,38,True,True,《豆葉黃》,元人百種,67,北詞,雙角套曲,豆葉黃
5747.1,66,37,True,True,《川撥棹》,元人百種,67,北詞,雙角套曲,川撥棹
5747.2,142,46,True,True,《殿前歡》,元人百種,67,北詞,雙角套曲,殿前歡
5748.1,52,29,True,True,《鴈兒落》,元人百種,67,北詞,雙角套曲,鴈兒落
5749.1,101,52,True,True,《得勝令》,元人百種,67,北詞,雙角套曲,得勝令
5750.1,94,11,True,False,《鴛鴦煞》,元人百種,67,北詞,雙角套曲,鴛鴦煞
5753.1,86,6,True,False,《新水令》,元人百種,67,北詞,雙角套曲,新水令
5753.2,129,39,True,True,《沉醉東風》,元人百種,67,北詞,雙角套曲,沉醉東風
5754.1,73,22,True,True,《喬牌兒》,元人百種,67,北詞,雙角套曲,喬牌兒
5755.1,112,37,True,True,《水仙子》,元人百種,67,北詞,雙角套曲,水仙子
5755.2,89,37,True,True,《攪箏琶》,元人百種,67,北詞,雙角套曲,攪箏琶
5756.1,61,25,True,True,《鴈兒落》,元人百種,67,北詞,雙角套曲,鴈兒落
5757.1,96,49,True,True,《得勝令》,元人百種,67,北詞,雙角套曲,得勝令
5758.1,70,29,True,True,《滴滴金》,元人百種,67,北詞,雙角套曲,滴滴金
5758.2,145,55,True,True,《折桂令》,元人百種,67,北詞,雙角套曲,折桂令
5759.1,66,27,True,True,《落梅風》,元人百種,67,北詞,雙角套曲,落梅風
5760.1,66,33,True,True,《沽美酒》,元人百種,67,北詞,雙角套曲,沽美酒
5761.1,102,49,True,True,《太平令》,元人百種,67,北詞,雙角套曲,太平令
5763.1,89,7,True,False,《新水令》,元人百種,67,北詞,雙角套曲,新水令
5763.2,97,9,True,False,《駐馬聽》,元人百種,67,北詞,雙角套曲,駐馬聽
5764.1,68,25,True,True,《喬牌兒》,元人百種,67,北詞,雙角套曲,喬牌兒
5765.1,59,28,True,True,《鴈兒落》,元人百種,67,北詞,雙角套曲,鴈兒落
5765.2,115,58,True,True,《得勝令》,元人百種,67,北詞,雙角套曲,得勝令
5766.1,68,27,True,True,《荊山玉》,元人百種,67,北詞,雙角套曲,荊山玉
5767.1,101,37,True,True,《竹枝歌》,元人百種,67,北詞,雙角套曲,竹枝歌
5768.1,120,53,True,True,《水仙子》,元人百種,67,北詞,雙角套曲,水仙子
5771.1,111,7,True,False,《新水令》,元人百種,67,北詞,雙角套曲,新水令
5771.2,63,23,True,True,《小陽關》,元人百種,67,北詞,雙角套曲,小陽關
5772.1,84,29,True,True,《清江引》,元人百種,67,北詞,雙角套曲,清江引
5773.1,105,39,True,True,《碧玉蕭》,元人百種,67,北詞,雙角套曲,碧玉蕭
5774.1,62,32,True,True,《沽美酒》,元人百種,67,北詞,雙角套曲,沽美酒
5774.2,98,46,True,True,《太平令》,元人百種,67,北詞,雙角套曲,太平令
5775.1,62,27,True,True,《鴈兒落》,元人百種,67,北詞,雙角套曲,鴈兒落
5776.1,110,56,True,True,《得勝令》,元人百種,67,北詞,雙角套曲,得勝令
5776.2,91,41,True,True,《殿前喜》,元人百種,67,北詞,雙角套曲,殿前喜
5779.1,98,35,True,True,《新水令》,雍熙樂府,67,北詞,雙角套曲,新水令
5779.2,108,44,True,True,《慶東原》,雍熙樂府,67,北詞,雙角套曲,慶東原
5780.1,90,37,True,True,《早鄉詞》,雍熙樂府,67,北詞,雙角套曲,早鄉詞
5781.1,98,55,True,True,《掛玉鉤》,雍熙樂府,67,北詞,雙角套曲,掛玉鉤
5781.2,53,30,True,True,《石竹子》,雍熙樂府,67,北詞,雙角套曲,石竹子
5782.1,37,22,True,True,《山石榴》,雍熙樂府,67,北詞,雙角套曲,山石榴
5782.2,37,23,True,True,《山石榴》,雍熙樂府,67,北詞,雙角套曲,山石榴
5783.1,64,27,True,True,《醉娘子》,雍熙樂府,67,北詞,雙角套曲,醉娘子
5783.2,53,27,True,True,《駙馬還朝》,雍熙樂府,67,北詞,雙角套曲,駙馬還朝
5784.1,69,31,True,True,《胡十八》,雍熙樂府,67,北詞,雙角套曲,胡十八
5785.1,42,24,True,True,《一錠銀》,雍熙樂府,67,北詞,雙角套曲,一錠銀
5785.2,44,24,True,True,《阿納忽》,雍熙樂府,67,北詞,雙角套曲,阿納忽
5786.1,46,29,True,True,《小拜門》,雍熙樂府,67,北詞,雙角套曲,小拜門
5786.2,74,46,True,True,《慢金盞》,雍熙樂府,67,北詞,雙角套曲,慢金盞
5787.1,62,35,True,True,《大拜門》,雍熙樂府,67,北詞,雙角套曲,大拜門
5788.1,50,31,True,True,《也不羅》,雍熙樂府,67,北詞,雙角套曲,也不羅
5788.2,89,55,True,True,《小喜人心》,雍熙樂府,67,北詞,雙角套曲,小喜人心
5789.1,54,33,True,True,《風流體》,雍熙樂府,67,北詞,雙角套曲,風流體
5790.1,76,46,True,True,《忽都白》,雍熙樂府,67,北詞,雙角套曲,忽都白
5790.2,43,28,True,True,《唐古歹》,雍熙樂府,67,北詞,雙角套曲,唐古歹
5791.1,64,43,True,True,《鴛鴦煞》,雍熙樂府,67,北詞,雙角套曲,鴛鴦煞
5793.1,71,7,True,False,《新水令》,雍熙樂府,67,北詞,雙角套曲,新水令
5793.2,89,9,True,False,《駐馬聽》,雍熙樂府,67,北詞,雙角套曲,駐馬聽
5794.1,65,25,True,True,《鴈兒落》,雍熙樂府,67,北詞,雙角套曲,鴈兒落
5794.2,118,48,True,True,《得勝令》,雍熙樂府,67,北詞,雙角套曲,得勝令
5795.1,164,56,True,True,《折桂令》,雍熙樂府,67,北詞,雙角套曲,折桂令
5796.1,99,31,True,True,《上小樓》,雍熙樂府,67,北詞,雙角套曲,上小樓
5797.1,106,44,True,True,《寄生草》,雍熙樂府,67,北詞,雙角套曲,寄生草
5798.1,54,26,True,True,《快活三》,雍熙樂府,67,北詞,雙角套曲,快活三
5799.1,137,56,True,True,《朝天子》,雍熙樂府,67,北詞,雙角套曲,朝天子
5800.1,100,47,True,True,《耍孩兒》,雍熙樂府,67,北詞,雙角套曲,耍孩兒
5800.2,88,37,True,True,《七煞》,雍熙樂府,67,北詞,雙角套曲,七煞
5801.1,88,39,True,True,《六煞》,雍熙樂府,67,北詞,雙角套曲,六煞
5802.1,89,37,True,True,《五煞》,雍熙樂府,67,北詞,雙角套曲,五煞
5803.1,98,41,True,True,《四煞》,雍熙樂府,67,北詞,雙角套曲,四煞
5803.2,89,36,True,True,《三煞》,雍熙樂府,67,北詞,雙角套曲,三煞
5804.1,99,44,True,True,《二煞》,雍熙樂府,67,北詞,雙角套曲,二煞
5805.1,99,41,True,True,《一煞》,雍熙樂府,67,北詞,雙角套曲,一煞
5806.1,51,5,True,False,《煞尾》,雍熙樂府,67,北詞,雙角套曲,煞尾
5807.1,130,56,True,True,《五供養》,元人百種,67,北詞,雙角套曲,五供養
5807.2,83,33,True,True,《落梅風》,元人百種,67,北詞,雙角套曲,落梅風
5808.1,74,26,True,True,《阿納忽》,元人百種,67,北詞,雙角套曲,阿納忽
5809.1,107,41,True,True,《慢金盞》,元人百種,67,北詞,雙角套曲,慢金盞
5810.1,63,24,True,True,《石竹子》,元人百種,67,北詞,雙角套曲,石竹子
5810.2,61,30,True,True,《大拜門》,元人百種,67,北詞,雙角套曲,大拜門
5811.1,47,21,True,True,《山石榴》,元人百種,67,北詞,雙角套曲,山石榴
5812.1,51,21,True,True,《醉娘子》,元人百種,67,北詞,雙角套曲,醉娘子
5812.2,64,29,True,True,《駙馬還朝》,元人百種,67,北詞,雙角套曲,駙馬還朝
5813.1,64,33,True,True,《小拜門》,元人百種,67,北詞,雙角套曲,小拜門
5813.2,48,22,True,True,《也不羅》,元人百種,67,北詞,雙角套曲,也不羅
5814.1,87,40,True,True,《小喜人心》,元人百種,67,北詞,雙角套曲,小喜人心
5815.1,68,21,True,True,《醉娘子》,元人百種,67,北詞,雙角套曲,醉娘子
5815.2,97,51,True,True,《月兒彎》,元人百種,67,北詞,雙角套曲,月兒彎
5816.1,83,30,True,True,《風流體》,元人百種,67,北詞,雙角套曲,風流體
5817.1,105,50,True,True,《忽都白》,元人百種,67,北詞,雙角套曲,忽都白
5818.1,46,24,True,True,《唐古歹》,元人百種,67,北詞,雙角套曲,唐古歹
5819.1,115,61,True,True,《離亭宴煞》,元人百種,67,北詞,雙角套曲,離亭宴煞
5821.1,125,15,True,False,《新時令》,月令承應,67,北詞,雙角套曲,新時令
5822.1,117,41,True,True,《萬花方三台》,月令承應,67,北詞,雙角套曲,萬花方三台
5822.2,135,53,True,True,《十棒鼓》,月令承應,67,北詞,雙角套曲,十棒鼓
5823.1,190,54,True,True,《百字折桂令》,月令承應,67,北詞,雙角套曲,百字折桂令
5824.1,56,19,True,True,《梧桐樹》,月令承應,67,北詞,雙角套曲,梧桐樹
5825.1,57,24,True,True,《蝶戀花》,月令承應,67,北詞,雙角套曲,蝶戀花
5826.1,51,4,True,False,《煞尾》,月令承應,67,北詞,雙角套曲,煞尾
5827.1,134,58,True,True,《朝元樂》,雍熙樂府,67,北詞,雙角套曲,朝元樂
5827.2,64,27,True,True,《錦上花》,雍熙樂府,67,北詞,雙角套曲,錦上花
5828.1,68,31,True,True,《錦上花》,雍熙樂府,67,北詞,雙角套曲,錦上花
5829.1,80,32,True,True,《清江引》,雍熙樂府,67,北詞,雙角套曲,清江引
5829.2,81,34,True,True,《碧玉蕭》,雍熙樂府,67,北詞,雙角套曲,碧玉蕭
5830.1,153,66,True,True,《沙子攤破清江引》,雍熙樂府,67,北詞,雙角套曲,沙子攤破清江引
5831.1,67,27,True,True,《海天晴》,雍熙樂府,67,北詞,雙角套曲,海天晴
5832.1,67,35,True,True,《一機錦》,雍熙樂府,67,北詞,雙角套曲,一機錦
5832.2,85,36,True,True,《好精神》,雍熙樂府,67,北詞,雙角套曲,好精神
5833.1,138,57,True,True,《農樂歌》,雍熙樂府,67,北詞,雙角套曲,農樂歌
5834.1,62,33,True,True,《鴈兒落》,雍熙樂府,67,北詞,雙角套曲,鴈兒落
5834.2,111,59,True,True,《得勝令》,雍熙樂府,67,北詞,雙角套曲,得勝令
5835.1,150,67,True,True,《動相思》,雍熙樂府,67,北詞,雙角套曲,動相思
5836.1,69,37,True,True,《沽美酒》,雍熙樂府,67,北詞,雙角套曲,沽美酒
5837.1,97,51,True,True,《太平令》,雍熙樂府,67,北詞,雙角套曲,太平令
5838.1,356,157,True,True,《白苧歌》,雍熙樂府,67,北詞,雙角套曲,白苧歌
5840.1,110,51,True,True,《掛搭沽》,雍熙樂府,67,北詞,雙角套曲,掛搭沽
5841.1,78,9,True,False,《鴛鴦煞》,雍熙樂府,67,北詞,雙角套曲,鴛鴦煞
5843.1,51,6,True,False,《夜行船》,北宮詞紀,67,北詞,雙角套曲,夜行船
5843.2,62,28,True,True,《銀漢浮槎》,北宮詞紀,67,北詞,雙角套曲,銀漢浮槎
5844.1,55,25,True,True,《慶宣和》,北宮詞紀,67,北詞,雙角套曲,慶宣和
5844.2,53,26,True,True,《落梅風》,北宮詞紀,67,北詞,雙角套曲,落梅風
5845.1,77,34,True,True,《風入松》,北宮詞紀,67,北詞,雙角套曲,風入松
5845.2,59,32,True,True,《撥不斷》,北宮詞紀,67,北詞,雙角套曲,撥不斷
5846.1,161,53,True,True,《離亭宴帶歇拍煞》,北宮詞紀,67,北詞,雙角套曲,離亭宴帶歇拍煞
5849.1,86,36,True,True,《風入松》,北宮詞紀,67,北詞,雙角套曲,風入松
5849.2,54,18,True,True,《喬牌兒》,北宮詞紀,67,北詞,雙角套曲,喬牌兒
5850.1,73,30,True,True,《新水令》,北宮詞紀,67,北詞,雙角套曲,新水令
5850.2,96,36,True,True,《攪箏琶》,北宮詞紀,67,北詞,雙角套曲,攪箏琶
5851.1,84,9,True,False,《鴛鴦帶離亭宴煞》,北宮詞紀,67,北詞,雙角套曲,鴛鴦帶離亭宴煞
5853.1,51,7,True,False,《行香子》,北宮詞紀,67,北詞,雙角套曲,行香子
5853.2,55,24,True,True,《慶宣和》,北宮詞紀,67,北詞,雙角套曲,慶宣和
5854.1,62,27,True,True,《錦上花》,北宮詞紀,67,北詞,雙角套曲,錦上花
5854.2,57,26,True,True,《錦上花》,北宮詞紀,67,北詞,雙角套曲,錦上花
5855.1,72,30,True,True,《清江引》,北宮詞紀,67,北詞,雙角套曲,清江引
5855.2,82,33,True,True,《碧玉蕭》,北宮詞紀,67,北詞,雙角套曲,碧玉蕭
5856.1,170,78,True,True,《離亭宴帶歇拍煞》,北宮詞紀,67,北詞,雙角套曲,離亭宴帶歇拍煞
5859.1,104,8,True,False,《新水令》,千金記,67,北詞,雙角套曲,新水令
5859.2,109,10,True,False,《駐馬聽》,千金記,67,北詞,雙角套曲,駐馬聽
5860.1,135,39,True,True,《沉醉東風》,千金記,67,北詞,雙角套曲,沉醉東風
5861.1,78,27,True,True,《鴈兒落》,千金記,67,北詞,雙角套曲,鴈兒落
5862.1,116,44,True,True,《得勝令》,千金記,67,北詞,雙角套曲,得勝令
5863.1,108,63,True,True,《掛玉鉤》,千金記,67,北詞,雙角套曲,掛玉鉤
5863.2,55,40,True,True,《川撥棹》,千金記,67,北詞,雙角套曲,川撥棹
5864.1,62,39,True,True,《七弟兄》,千金記,67,北詞,雙角套曲,七弟兄
5865.1,171,103,True,True,《梅花酒》,千金記,67,北詞,雙角套曲,梅花酒
5866.1,70,46,True,True,《收江南》,千金記,67,北詞,雙角套曲,收江南
5867.1,103,11,True,False,《鴛鴦煞》,千金記,67,北詞,雙角套曲,鴛鴦煞
5869.1,72,47,True,True,《豆葉黃》,西天取經,67,北詞,雙角套曲,豆葉黃
5869.2,102,8,True,False,《一緺兒麻》,西天取經,67,北詞,雙角套曲,一緺兒麻
5870.1,59,5,True,False,《喬牌兒》,西天取經,67,北詞,雙角套曲,喬牌兒
5871.1,73,6,True,False,《新水令》,西天取經,67,北詞,雙角套曲,新水令
5871.2,70,28,True,True,《鴈兒落》,西天取經,67,北詞,雙角套曲,鴈兒落
5872.1,96,45,True,True,《川撥棹》,西天取經,67,北詞,雙角套曲,川撥棹
5873.1,77,39,True,True,《七弟兄》,西天取經,67,北詞,雙角套曲,七弟兄
5873.2,135,81,True,True,《梅花酒》,西天取經,67,北詞,雙角套曲,梅花酒
5874.1,78,50,True,True,《收江南》,西天取經,67,北詞,雙角套曲,收江南
5875.1,45,5,True,False,《煞尾》,西天取經,67,北詞,雙角套曲,煞尾
5877.1,129,7,True,False,《新水令》,唐三藏,67,北詞,雙角套曲,新水令
5878.1,95,43,True,True,《銀漢浮槎》,唐三藏,67,北詞,雙角套曲,銀漢浮槎
5878.2,122,58,True,True,《沽美酒》,唐三藏,67,北詞,雙角套曲,沽美酒
5879.1,136,61,True,True,《太平令》,唐三藏,67,北詞,雙角套曲,太平令
5880.1,92,53,True,True,《川撥棹》,唐三藏,67,北詞,雙角套曲,川撥棹
5881.1,85,54,True,True,《豆葉黃》,唐三藏,67,北詞,雙角套曲,豆葉黃
5882.1,45,32,True,True,《喬牌兒》,唐三藏,67,北詞,雙角套曲,喬牌兒
5882.2,58,4,True,False,《煞尾》,唐三藏,67,北詞,雙角套曲,煞尾
5887.1,77,7,True,False,《北新水令》,雍熙樂府,68,合套,雙角合套,北新水令
5887.2,236,114,True,True,《南江頭金桂》,雍熙樂府,68,合套,雙角合套,南江頭金桂
5889.1,113,65,True,True,《北鴈兒落帶得勝令》,雍熙樂府,68,合套,雙角合套,北鴈兒落帶得勝令
5890.1,222,109,True,True,《南金字令》,雍熙樂府,68,合套,雙角合套,南金字令
5891.1,135,51,True,True,《北折桂令》,雍熙樂府,68,合套,雙角合套,北折桂令
5892.1,105,42,True,True,《南孝南枝》,雍熙樂府,68,合套,雙角合套,南孝南枝
5892.2,127,79,True,True,《北沽美酒帶太平令》,雍熙樂府,68,合套,雙角合套,北沽美酒帶太平令
5894.1,44,23,True,True,《南尾聲》,雍熙樂府,68,合套,雙角合套,南尾聲
5895.1,86,48,True,True,《北新水令》,北宮詞紀,68,合套,雙角合套,北新水令
5895.2,157,52,True,True,《南雙令江兒水》,北宮詞紀,68,合套,雙角合套,南雙令江兒水
5896.1,119,64,True,True,《北鴈兒落帶得勝令》,北宮詞紀,68,合套,雙角合套,北鴈兒落帶得勝令
5897.1,99,52,True,True,《南曉行序》,北宮詞紀,68,合套,雙角合套,南曉行序
5898.1,73,41,True,True,《北川撥棹》,北宮詞紀,68,合套,雙角合套,北川撥棹
5899.1,99,37,True,True,《南孝南枝》,北宮詞紀,68,合套,雙角合套,南孝南枝
5899.2,72,29,True,True,《北清江引》,北宮詞紀,68,合套,雙角合套,北清江引
5907.1,67,7,True,False,《天仙子（萬斯年）》,月令承應,69,南詞,黃鐘宮引,天仙子
5908.1,114,12,True,False,《天仙子（萬斯年）》,張先詞,69,南詞,黃鐘宮引,天仙子
5909.1,38,6,True,False,《點绛唇》,法宮雅奏,69,南詞,黃鐘宮引,點绛唇
5909.2,73,11,True,False,《點绛唇》,琵琶記,69,南詞,黃鐘宮引,點绛唇
5910.1,57,7,True,False,《翫仙燈》,九九大慶,69,南詞,黃鐘宮引,翫仙燈
5911.1,41,5,True,False,《翫仙燈》,紫釵記,69,南詞,黃鐘宮引,翫仙燈
5911.2,21,3,True,False,《翫仙燈》,紫釵記,69,南詞,黃鐘宮引,翫仙燈
5911.3,65,8,True,False,《翫仙燈》,鴛鴦燈,69,南詞,黃鐘宮引,翫仙燈
5912.1,26,4,True,False,《玉女步瑞雲》,月令承應,69,南詞,黃鐘宮引,玉女步瑞雲
5913.1,60,6,True,False,《絳都春》,白兔記,69,南詞,黃鐘宮引,絳都春
5913.2,98,9,True,False,《絳都春》,四喜記,69,南詞,黃鐘宮引,絳都春
5914.1,91,10,True,False,《疎影（綠意）》,勸善金科,69,南詞,黃鐘宮引,疎影
5915.1,98,10,True,False,《疎影（綠意）》,南柯夢,69,南詞,黃鐘宮引,疎影
5916.1,40,5,True,False,《西地錦》,琵琶記,69,南詞,黃鐘宮引,西地錦
5916.2,40,5,True,False,《西地錦》,琵琶記,69,南詞,黃鐘宮引,西地錦
5917.1,39,5,True,False,《西地錦》,殺狗記,69,南詞,黃鐘宮引,西地錦
5917.2,89,12,True,False,《女冠子》,琵琶記,69,南詞,黃鐘宮引,女冠子
5918.1,85,10,True,False,《女冠子》,八義記,69,南詞,黃鐘宮引,女冠子
5919.1,83,10,True,False,《玉漏遲》,錦香亭,69,南詞,黃鐘宮引,玉漏遲
5920.1,102,10,True,False,《兩相宜》,翫江樓,69,南詞,黃鐘宮引,兩相宜
5921.1,72,8,True,False,《瑞雲濃（瑞煙濃）》,雙瑞記,69,南詞,黃鐘宮引,瑞雲濃
5921.2,62,8,True,False,《瑞雲濃（瑞煙濃）》,古西廂,69,南詞,黃鐘宮引,瑞雲濃
5923.1,65,7,True,False,《傳言玉女》,勸善金科,69,南詞,黃鐘宮引,傳言玉女
5923.2,61,9,True,False,《傳言玉女》,拜月亭,69,南詞,黃鐘宮引,傳言玉女
5924.1,88,9,True,False,《降黃龍慢》,散曲,69,南詞,黃鐘宮引,降黃龍慢
5925.1,75,7,True,False,《長命女》,馮延已詞,69,南詞,黃鐘宮引,長命女
5925.2,32,4,True,False,《長命女》,紫釵記,69,南詞,黃鐘宮引,長命女
5926.1,93,11,True,False,《女子上陽臺》,祝允明詞,69,南詞,黃鐘宮引,女子上陽臺
5926.2,90,8,True,False,《滴滴金》,晏殊詞,69,南詞,黃鐘宮引,滴滴金
5927.1,46,5,True,False,《滴滴金》,玉環記,69,南詞,黃鐘宮引,滴滴金
5945.1,202,95,True,True,《降都春序》,月令承應,70,南詞,黃鐘宮正曲,降都春序
5946.1,230,108,True,True,《降都春序》,月令承應,70,南詞,黃鐘宮正曲,降都春序
5946.2,180,90,True,True,《降都春序》,殺狗記,70,南詞,黃鐘宮正曲,降都春序
5947.1,175,82,True,True,《降都春序》,明珠記,70,南詞,黃鐘宮正曲,降都春序
5948.1,123,48,True,True,《降都春序》,明珠記,70,南詞,黃鐘宮正曲,降都春序
5949.1,225,94,True,True,《降都春序》,邯鄲夢,70,南詞,黃鐘宮正曲,降都春序
5949.2,187,86,True,True,《降都春序》,綵樓記,70,南詞,黃鐘宮正曲,降都春序
5950.1,203,104,True,True,《降都春序》,綵樓記,70,南詞,黃鐘宮正曲,降都春序
5951.1,168,82,True,True,《降都春序》,白兔記,70,南詞,黃鐘宮正曲,降都春序
5952.1,186,94,True,True,《降都春序》,白兔記,70,南詞,黃鐘宮正曲,降都春序
5953.1,158,79,True,True,《畫眉序（京兆序）》,月令承應,70,南詞,黃鐘宮正曲,畫眉序
5954.1,95,42,True,True,《畫眉序（京兆序）》,月令承應,70,南詞,黃鐘宮正曲,畫眉序
5954.2,156,78,True,True,《畫眉序（京兆序）》,八義記,70,南詞,黃鐘宮正曲,畫眉序
5955.1,81,40,True,True,《畫眉序（京兆序）》,雍熙樂府,70,南詞,黃鐘宮正曲,畫眉序
5956.1,156,74,True,True,《踈影（解佩環）》,還魂記,70,南詞,黃鐘宮正曲,踈影
5957.1,168,88,True,True,《踈影（解佩環）》,還魂記,70,南詞,黃鐘宮正曲,踈影
5958.1,173,80,True,True,《啄木兒》,九九大慶,70,南詞,黃鐘宮正曲,啄木兒
5959.1,123,51,True,True,《啄木兒》,九九大慶,70,南詞,黃鐘宮正曲,啄木兒
5959.2,102,40,True,True,《啄木兒》,殺狗記,70,南詞,黃鐘宮正曲,啄木兒
5960.1,84,45,True,True,《啄木兒》,殺狗記,70,南詞,黃鐘宮正曲,啄木兒
5961.1,80,45,True,True,《啄木兒》,金印記,70,南詞,黃鐘宮正曲,啄木兒
5962.1,114,52,True,True,《啄木兒》,散曲,70,南詞,黃鐘宮正曲,啄木兒
5962.2,117,52,True,True,《啄木兒》,古西廂,70,南詞,黃鐘宮正曲,啄木兒
5964.1,84,37,True,True,《三段子》,月令承應,70,南詞,黃鐘宮正曲,三段子
5964.2,69,36,True,True,《三段子》,殺狗記,70,南詞,黃鐘宮正曲,三段子
5965.1,68,37,True,True,《三段子》,殺狗記,70,南詞,黃鐘宮正曲,三段子
5966.1,89,42,True,True,《三段子》,古西廂,70,南詞,黃鐘宮正曲,三段子
5967.1,83,41,True,True,《三段子》,金印記,70,南詞,黃鐘宮正曲,三段子
5968.1,94,53,True,True,《歸朝歌（菖蒲綠）》,月令承應,70,南詞,黃鐘宮正曲,歸朝歌
5969.1,95,52,True,True,《歸朝歌（菖蒲綠）》,琵琶記,70,南詞,黃鐘宮正曲,歸朝歌
5969.2,100,46,True,True,《歸朝歌（菖蒲綠）》,拜月亭,70,南詞,黃鐘宮正曲,歸朝歌
5971.1,66,32,True,True,《出隊子》,九九大慶,70,南詞,黃鐘宮正曲,出隊子
5971.2,123,64,True,True,《出隊子》,散曲,70,南詞,黃鐘宮正曲,出隊子
5972.1,116,60,True,True,《出隊子》,古西廂,70,南詞,黃鐘宮正曲,出隊子
5973.1,86,47,True,True,《鮑老催》,九九大慶,70,南詞,黃鐘宮正曲,鮑老催
5974.1,87,51,True,True,《鮑老催》,琵琶記,70,南詞,黃鐘宮正曲,鮑老催
5974.2,83,51,True,True,《鮑老催》,拜月亭,70,南詞,黃鐘宮正曲,鮑老催
5975.1,99,63,True,True,《鮑老催》,拜月亭,70,南詞,黃鐘宮正曲,鮑老催
5976.1,80,57,True,True,《鮑老催》,牧羊記,70,南詞,黃鐘宮正曲,鮑老催
5977.1,121,48,True,True,《鮑老催》,牡丹亭,70,南詞,黃鐘宮正曲,鮑老催
5978.1,92,49,True,True,《耍鮑老》,法宮雅奏,70,南詞,黃鐘宮正曲,耍鮑老
5978.2,95,51,True,True,《耍鮑老》,拜月亭,70,南詞,黃鐘宮正曲,耍鮑老
5979.1,85,54,True,True,《耍鮑老》,拜月亭,70,南詞,黃鐘宮正曲,耍鮑老
5980.1,57,37,True,True,《耍鮑老》,牧羊記,70,南詞,黃鐘宮正曲,耍鮑老
5981.1,44,32,True,True,《耍鮑老》,雍熙樂府,70,南詞,黃鐘宮正曲,耍鮑老
5981.2,45,31,True,True,《耍鮑老》,雍熙樂府,70,南詞,黃鐘宮正曲,耍鮑老
5982.1,70,43,True,True,《滴溜子》,月令承應,70,南詞,黃鐘宮正曲,滴溜子
5983.1,75,43,True,True,《滴溜子》,八義記,70,南詞,黃鐘宮正曲,滴溜子
5983.2,73,43,True,True,《滴溜子》,古西廂,70,南詞,黃鐘宮正曲,滴溜子
5984.1,62,41,True,True,《滴溜子》,金印記,70,南詞,黃鐘宮正曲,滴溜子
5985.1,88,44,True,True,《滴溜子》,琵琶記,70,南詞,黃鐘宮正曲,滴溜子
5986.1,68,43,True,True,《滴溜子》,詞林摘艷,70,南詞,黃鐘宮正曲,滴溜子
5986.2,84,43,True,True,《滴溜子》,西廂記,70,南詞,黃鐘宮正曲,滴溜子
5987.1,63,35,True,True,《滴溜子》,牡丹亭,70,南詞,黃鐘宮正曲,滴溜子
5988.1,95,46,True,True,《鬧樊樓》,散曲,70,南詞,黃鐘宮正曲,鬧樊樓
5989.1,109,46,True,True,《鬧樊樓》,一捧雪,70,南詞,黃鐘宮正曲,鬧樊樓
5990.1,83,44,True,True,《鬧樊樓》,古西廂,70,南詞,黃鐘宮正曲,鬧樊樓
5991.1,105,48,True,True,《滴滴金》,九九大慶,70,南詞,黃鐘宮正曲,滴滴金
5991.2,89,48,True,True,《滴滴金》,詞林逸響,70,南詞,黃鐘宮正曲,滴滴金
5992.1,93,48,True,True,《滴滴金》,古西廂,70,南詞,黃鐘宮正曲,滴滴金
5993.1,73,48,True,True,《滴滴金》,雍熙樂府,70,南詞,黃鐘宮正曲,滴滴金
5994.1,73,33,True,True,《下小樓》,古西廂,70,南詞,黃鐘宮正曲,下小樓
5994.2,78,34,True,True,《下小樓》,詞林逸響,70,南詞,黃鐘宮正曲,下小樓
5995.1,67,39,True,True,《雙聲子》,月令承應,70,南詞,黃鐘宮正曲,雙聲子
5996.1,65,39,True,True,《雙聲子》,琵琶記,70,南詞,黃鐘宮正曲,雙聲子
5996.2,79,47,True,True,《雙聲疊韻》,孟月梅,70,南詞,黃鐘宮正曲,雙聲疊韻
5997.1,87,46,True,True,《雙聲疊韻》,詞林逸響,70,南詞,黃鐘宮正曲,雙聲疊韻
5998.1,89,58,True,True,《雙聲疊韻》,散曲,70,南詞,黃鐘宮正曲,雙聲疊韻
5999.1,72,36,True,True,《鬭雙雞》,散曲,70,南詞,黃鐘宮正曲,鬭雙雞
6000.1,50,28,True,True,《鬭雙雞》,雍熙樂府,70,南詞,黃鐘宮正曲,鬭雙雞
6000.2,63,32,True,True,《鬭雙雞》,雍熙樂府,70,南詞,黃鐘宮正曲,鬭雙雞
6001.1,52,27,True,True,《鬭雙雞》,雍熙樂府,70,南詞,黃鐘宮正曲,鬭雙雞
6002.1,70,38,True,True,《鬭雙雞》,雍熙樂府,70,南詞,黃鐘宮正曲,鬭雙雞
6002.2,43,26,True,True,《鬭雙雞》,雍熙樂府,70,南詞,黃鐘宮正曲,鬭雙雞
6003.1,51,26,True,True,《鬭雙雞》,雍熙樂府,70,南詞,黃鐘宮正曲,鬭雙雞
6004.1,145,76,True,True,《神仗兒》,法宮雅奏,70,南詞,黃鐘宮正曲,神仗兒
6005.1,74,42,True,True,《神仗兒》,琵琶記,70,南詞,黃鐘宮正曲,神仗兒
6005.2,64,40,True,True,《神仗兒》,雍熙樂府,70,南詞,黃鐘宮正曲,神仗兒
6006.1,60,38,True,True,《神仗兒》,雍熙樂府,70,南詞,黃鐘宮正曲,神仗兒
6007.1,63,36,True,True,《神仗兒》,雍熙樂府,70,南詞,黃鐘宮正曲,神仗兒
6007.2,63,34,True,True,《神仗兒》,綵樓記,70,南詞,黃鐘宮正曲,神仗兒
6008.1,105,62,True,True,《賞宮花》,九九大慶,70,南詞,黃鐘宮正曲,賞宮花
6009.1,58,32,True,True,《賞宮花》,琵琶記,70,南詞,黃鐘宮正曲,賞宮花
6010.1,60,32,True,True,《賞宮花》,荊釵記,70,南詞,黃鐘宮正曲,賞宮花
6010.2,182,87,True,True,《水仙子》,拜月亭,70,南詞,黃鐘宮正曲,水仙子
6011.1,109,44,True,True,《水仙子》,拜月亭,70,南詞,黃鐘宮正曲,水仙子
6012.1,185,84,True,True,《水仙子》,墻頭馬上,70,南詞,黃鐘宮正曲,水仙子
6013.1,132,46,True,True,《水仙子》,墻頭馬上,70,南詞,黃鐘宮正曲,水仙子
6014.1,114,54,True,True,《刮地風》,拜月亭,70,南詞,黃鐘宮正曲,刮地風
6015.1,139,56,True,True,《刮地風》,江天雪,70,南詞,黃鐘宮正曲,刮地風
6016.1,166,90,True,True,《降黃龍》,拜月亭,70,南詞,黃鐘宮正曲,降黃龍
6017.1,185,103,True,True,《降黃龍》,拜月亭,70,南詞,黃鐘宮正曲,降黃龍
6018.1,161,90,True,True,《降黃龍》,荊釵記,70,南詞,黃鐘宮正曲,降黃龍
6018.2,110,52,True,True,《降黃龍》,荊釵記,70,南詞,黃鐘宮正曲,降黃龍
6019.1,155,86,True,True,《降黃龍》,明珠記,70,南詞,黃鐘宮正曲,降黃龍
6020.1,107,52,True,True,《降黃龍》,明珠記,70,南詞,黃鐘宮正曲,降黃龍
6020.2,105,48,True,True,《降黃龍》,明珠記,70,南詞,黃鐘宮正曲,降黃龍
6021.1,151,86,True,True,《降黃龍》,西廂記,70,南詞,黃鐘宮正曲,降黃龍
6022.1,179,99,True,True,《降黃龍》,西廂記,70,南詞,黃鐘宮正曲,降黃龍
6023.1,136,52,True,True,《降黃龍》,琵琶記,70,南詞,黃鐘宮正曲,降黃龍
6024.1,73,30,True,True,《黃龍袞（滾遍）》,月令承應,70,南詞,黃鐘宮正曲,黃龍袞
6025.1,59,32,True,True,《黃龍袞（滾遍）》,荊釵記,70,南詞,黃鐘宮正曲,黃龍袞
6025.2,39,16,True,True,《黃龍袞（滾遍）》,牡丹亭,70,南詞,黃鐘宮正曲,黃龍袞
6026.1,76,31,True,True,《黃龍袞（滾遍）》,牡丹亭,70,南詞,黃鐘宮正曲,黃龍袞
6026.2,74,32,True,True,《黃龍袞（滾遍）》,西廂記（待考）,70,南詞,黃鐘宮正曲,黃龍袞
6027.1,78,32,True,True,《黃龍袞（滾遍）》,西廂記（待考）,70,南詞,黃鐘宮正曲,黃龍袞
6028.1,71,31,True,True,《黃龍袞（滾遍）》,西廂記（待考）,70,南詞,黃鐘宮正曲,黃龍袞
6029.1,55,29,True,True,《黃龍袞（滾遍）》,白兔記,70,南詞,黃鐘宮正曲,黃龍袞
6043.1,72,30,True,True,《喜看燈》,九九大慶,71,南詞,黃鐘宮正曲,喜看燈
6044.1,76,30,True,True,《喜看燈》,散曲,71,南詞,黃鐘宮正曲,喜看燈
6044.2,148,67,True,True,《天仙子》,月令承應,71,南詞,黃鐘宮正曲,天仙子
6045.1,169,94,True,True,《玉漏遲序》,拜月亭,71,南詞,黃鐘宮正曲,玉漏遲序
6046.1,115,48,True,True,《玉漏遲序》,拜月亭,71,南詞,黃鐘宮正曲,玉漏遲序
6047.1,159,90,True,True,《玉漏遲序》,露綬記,71,南詞,黃鐘宮正曲,玉漏遲序
6047.2,102,46,True,True,《玉漏遲序》,露綬記,71,南詞,黃鐘宮正曲,玉漏遲序
6048.1,161,89,True,True,《玉漏遲序》,明珠記,71,南詞,黃鐘宮正曲,玉漏遲序
6049.1,92,49,True,True,《玉漏遲序》,明珠記,71,南詞,黃鐘宮正曲,玉漏遲序
6050.1,186,82,True,True,《獅子序》,琵琶記,71,南詞,黃鐘宮正曲,獅子序
6051.1,165,80,True,True,《獅子序》,紅拂記,71,南詞,黃鐘宮正曲,獅子序
6051.2,111,49,True,True,《獅子序》,白兔記,71,南詞,黃鐘宮正曲,獅子序
6052.1,154,82,True,True,《獅子序》,明珠記,71,南詞,黃鐘宮正曲,獅子序
6053.1,154,76,True,True,《獅子序》,綵樓記,71,南詞,黃鐘宮正曲,獅子序
6054.1,153,82,True,True,《獅子序》,綵樓記,71,南詞,黃鐘宮正曲,獅子序
6055.1,92,42,True,True,《獅子序》,綵樓記,71,南詞,黃鐘宮正曲,獅子序
6055.2,88,42,True,True,《獅子序》,綵樓記,71,南詞,黃鐘宮正曲,獅子序
6056.1,116,47,True,True,《獅子序》,尋親記,71,南詞,黃鐘宮正曲,獅子序
6057.1,106,47,True,True,《獅子序》,尋親記,71,南詞,黃鐘宮正曲,獅子序
6058.1,163,76,True,True,《獅子序》,張協傳奇,71,南詞,黃鐘宮正曲,獅子序
6058.2,107,42,True,True,《獅子序》,張協傳奇,71,南詞,黃鐘宮正曲,獅子序
6059.1,80,40,True,True,《獅子序》,張協傳奇,71,南詞,黃鐘宮正曲,獅子序
6060.1,105,40,True,True,《太平歌》,法宮雅奏,71,南詞,黃鐘宮正曲,太平歌
6061.1,159,77,True,True,《太平歌》,琵琶記,71,南詞,黃鐘宮正曲,太平歌
6061.2,112,40,True,True,《太平歌》,紅梨記,71,南詞,黃鐘宮正曲,太平歌
6062.1,210,109,True,True,《荼蘼揷金鳳》,月令承應,71,南詞,黃鐘宮正曲,荼蘼揷金鳳
6063.1,220,109,True,True,《荼蘼揷金鳳》,分鏡記,71,南詞,黃鐘宮正曲,荼蘼揷金鳳
6064.1,221,100,True,True,《侍香金童》,眉山秀,71,南詞,黃鐘宮正曲,侍香金童
6065.1,220,102,True,True,《侍香金童》,散曲,71,南詞,黃鐘宮正曲,侍香金童
6066.1,202,66,True,True,《傳言玉女》,眉山秀,71,南詞,黃鐘宮正曲,傳言玉女
6067.1,181,64,True,True,《傳言玉女》,散曲,71,南詞,黃鐘宮正曲,傳言玉女
6068.1,131,46,True,True,《月裏嫦娥》,眉山秀,71,南詞,黃鐘宮正曲,月裏嫦娥
6069.1,116,46,True,True,《月裏嫦娥》,散曲,71,南詞,黃鐘宮正曲,月裏嫦娥
6070.1,111,43,True,True,《月裏嫦娥》,雍熙樂府,71,南詞,黃鐘宮正曲,月裏嫦娥
6071.1,162,89,True,True,《燈月交輝》,九九大慶,71,南詞,黃鐘宮正曲,燈月交輝
6072.1,105,47,True,True,《燈月交輝》,盛世新聲,71,南詞,黃鐘宮正曲,燈月交輝
6072.2,111,47,True,True,《恨更長》,盛世新聲,71,南詞,黃鐘宮正曲,恨更長
6073.1,112,48,True,True,《恨更長》,散曲,71,南詞,黃鐘宮正曲,恨更長
6074.1,206,106,True,True,《黃鐘樂》,魏承班詞,71,南詞,黃鐘宮正曲,黃鐘樂
6075.1,290,144,True,True,《早梅芳（早梅芳近）》,李之儀詞,71,南詞,黃鐘宮正曲,早梅芳
6076.1,217,110,True,True,《麥秀兩岐》,和凝詞,71,南詞,黃鐘宮正曲,麥秀兩岐
6077.1,329,174,True,True,《一枝春》,楊纘詞,71,南詞,黃鐘宮正曲,一枝春
6078.1,349,176,True,True,《玲瓏玉》,姚雲文詞,71,南詞,黃鐘宮正曲,玲瓏玉
6080.1,105,42,True,True,《西地錦》,無名氏詞,71,南詞,黃鐘宮正曲,西地錦
6080.2,354,190,True,True,《暗香疎影》,張肯詞,71,南詞,黃鐘宮正曲,暗香疎影
6082.1,305,170,True,True,《黃河清慢》,晁端禮詞,71,南詞,黃鐘宮正曲,黃河清慢
6083.1,145,76,True,True,《喜遷鶯》,薛昭蘊詞,71,南詞,黃鐘宮正曲,喜遷鶯
6084.1,369,198,True,True,《飛雪滿羣山（扁舟尋舊約、飛雪滿堆山）》,蔡伸詞,71,南詞,黃鐘宮正曲,飛雪滿羣山
6085.1,172,86,True,True,《賞宮花序》,月令承應,71,南詞,黃鐘宮正曲,賞宮花序
6086.1,117,40,True,True,《賞宮花序》,月令承應,71,南詞,黃鐘宮正曲,賞宮花序
6087.1,164,86,True,True,《賞宮花序》,散曲,71,南詞,黃鐘宮正曲,賞宮花序
6087.2,157,80,True,True,《賞宮花序》,散曲,71,南詞,黃鐘宮正曲,賞宮花序
6088.1,64,26,True,True,《玉翼蟬》,月令承應,71,南詞,黃鐘宮正曲,玉翼蟬
6089.1,58,26,True,True,《玉翼蟬》,散曲,71,南詞,黃鐘宮正曲,玉翼蟬
6089.2,47,26,True,True,《玉翼蟬》,燕子樓,71,南詞,黃鐘宮正曲,玉翼蟬
6090.1,122,62,True,True,《鑼鼓令》,孤兒記,71,南詞,黃鐘宮正曲,鑼鼓令
6091.1,82,34,True,True,《鑼鼓令》,孤兒記,71,南詞,黃鐘宮正曲,鑼鼓令
6092.1,161,89,True,True,《解紅序》,散曲,71,南詞,黃鐘宮正曲,解紅序
6093.1,194,104,True,True,《解紅序》,散曲,71,南詞,黃鐘宮正曲,解紅序
6094.1,135,51,True,True,《解紅序》,散曲,71,南詞,黃鐘宮正曲,解紅序
6095.1,140,54,True,True,《解紅序》,散曲,71,南詞,黃鐘宮正曲,解紅序
6096.1,52,20,True,True,《撲蝴蝶（撲蝴蝶慢）》,月令承應,71,南詞,黃鐘宮正曲,撲蝴蝶
6096.2,55,22,True,True,《撲蝴蝶（撲蝴蝶慢）》,散曲,71,南詞,黃鐘宮正曲,撲蝴蝶
6097.1,97,41,True,True,《翫仙燈》,散曲,71,南詞,黃鐘宮正曲,翫仙燈
6097.2,59,35,True,True,《水叨令》,月令承應,71,南詞,黃鐘宮正曲,水叨令
6098.1,52,35,True,True,《水叨令》,千金記,71,南詞,黃鐘宮正曲,水叨令
6098.2,36,20,True,True,《小引》,白兔記,71,南詞,黃鐘宮正曲,小引
6099.1,41,18,True,True,《小引》,一種情,71,南詞,黃鐘宮正曲,小引
6100.1,194,108,True,True,《團圓旋》,拜月亭,71,南詞,黃鐘宮正曲,團圓旋
6101.1,96,21,True,True,《梁州賺》,拜月亭,71,南詞,黃鐘宮正曲,梁州賺
6102.1,103,24,True,True,《梁州賺》,拜月亭,71,南詞,黃鐘宮正曲,梁州賺
6103.1,88,19,True,True,《連枝賺》,白兔記,71,南詞,黃鐘宮正曲,連枝賺
6104.1,36,22,True,True,《三句兒煞》,月令承應,71,南詞,黃鐘宮正曲,三句兒煞
6104.2,41,22,True,True,《三句兒煞》,拜月亭,71,南詞,黃鐘宮正曲,三句兒煞
6104.3,41,21,True,True,《慶餘》,月令承應,71,南詞,黃鐘宮正曲,慶餘
6105.1,45,21,True,True,《慶餘》,九九大慶,71,南詞,黃鐘宮正曲,慶餘
6115.1,205,105,True,True,《黃龍醉太平》,月令承應,72,南詞,黃鐘宮集曲,黃龍醉太平
6116.1,132,60,True,True,《黃龍醉太平》,月令承應,72,南詞,黃鐘宮集曲,黃龍醉太平
6117.1,184,94,True,True,《黃龍捧燈月》,節孝記,72,南詞,黃鐘宮集曲,黃龍捧燈月
6117.2,95,54,True,True,《黃龍捧燈月》,全節記,72,南詞,黃鐘宮集曲,黃龍捧燈月
6118.1,170,94,True,True,《龍銜春燈朝天（黃龍捧燈月）》,紫簫記,72,南詞,黃鐘宮集曲,龍銜春燈朝天
6119.1,112,46,True,True,《黃頭獅子》,芭蕉井,72,南詞,黃鐘宮集曲,黃頭獅子
6120.1,163,86,True,True,《畫眉上海棠》,月令承應,72,南詞,黃鐘宮集曲,畫眉上海棠
6121.1,170,90,True,True,《畫眉姐姐》,千金記,72,南詞,黃鐘宮集曲,畫眉姐姐
6122.1,146,74,True,True,《畫眉臨鏡》,寶劍記,72,南詞,黃鐘宮集曲,畫眉臨鏡
6123.1,172,94,True,True,《畫眉晝錦》,散曲,72,南詞,黃鐘宮集曲,畫眉晝錦
6124.1,92,46,True,True,《畫眉帶一封》,牡丹亭,72,南詞,黃鐘宮集曲,畫眉帶一封
6124.2,74,36,True,True,《畫眉穿花》,散曲,72,南詞,黃鐘宮集曲,畫眉穿花
6125.1,427,201,True,True,《羽衣二疊》,長生殿,72,南詞,黃鐘宮集曲,羽衣二疊
6128.1,79,41,True,True,《滴溜出隊》,月令承應,72,南詞,黃鐘宮集曲,滴溜出隊
6128.2,75,45,True,True,《滴溜神仗（滴溜兒）》,十孝記,72,南詞,黃鐘宮集曲,滴溜神仗
6129.1,83,46,True,True,《滴溜神仗（滴溜兒）》,鑿井記,72,南詞,黃鐘宮集曲,滴溜神仗
6130.1,78,47,True,True,《滴鶯兒》,散曲,72,南詞,黃鐘宮集曲,滴鶯兒
6131.1,102,55,True,True,《滴溜皂鶯歌（滴羅鶯歌）》,御袍恩,72,南詞,黃鐘宮集曲,滴溜皂鶯歌
6132.1,172,95,True,True,《花眉月》,法宮雅奏,72,南詞,黃鐘宮集曲,花眉月
6133.1,97,50,True,True,《花眉月》,百錬金,72,南詞,黃鐘宮集曲,花眉月
6133.2,181,103,True,True,《花月圍京兆》,散曲,72,南詞,黃鐘宮集曲,花月圍京兆
6134.1,72,35,True,True,《出隊神仗》,鹔鹴裘,72,南詞,黃鐘宮集曲,出隊神仗
6135.1,64,33,True,True,《出隊貓兒》,散曲,72,南詞,黃鐘宮集曲,出隊貓兒
6136.1,70,42,True,True,《出隊滴溜》,十孝記,72,南詞,黃鐘宮集曲,出隊滴溜
6136.2,57,36,True,True,《神仗滴溜》,如是觀,72,南詞,黃鐘宮集曲,神仗滴溜
6137.1,60,35,True,True,《神仗雙聲》,奈何天,72,南詞,黃鐘宮集曲,神仗雙聲
6138.1,492,258,True,True,《霓裳六序》,長生殿,72,南詞,黃鐘宮集曲,霓裳六序
6140.1,107,49,True,True,《啄木三歌（啄木三鸝）》,散曲,72,南詞,黃鐘宮集曲,啄木三歌
6141.1,133,49,True,True,《啄木三歌（啄木三鸝）》,牡丹亭,72,南詞,黃鐘宮集曲,啄木三歌
6142.1,182,82,True,True,《啄木二仙歌》,紫釵記,72,南詞,黃鐘宮集曲,啄木二仙歌
6143.1,119,44,True,True,《啄木二仙歌》,紫釵記,72,南詞,黃鐘宮集曲,啄木二仙歌
6143.2,103,50,True,True,《啄木鸝》,琵琶記,72,南詞,黃鐘宮集曲,啄木鸝
6144.1,115,51,True,True,《啄木鸝》,磨塵鑑,72,南詞,黃鐘宮集曲,啄木鸝
6145.1,107,52,True,True,《啄木叫畫眉》,散曲,72,南詞,黃鐘宮集曲,啄木叫畫眉
6146.1,177,88,True,True,《啄木叫畫眉》,散曲,72,南詞,黃鐘宮集曲,啄木叫畫眉
6147.1,132,70,True,True,《啄木賓》,春燈謎,72,南詞,黃鐘宮集曲,啄木賓
6148.1,90,42,True,True,《啄木賓》,春燈謎,72,南詞,黃鐘宮集曲,啄木賓
6149.1,120,55,True,True,《啄木江水》,夢花酣,72,南詞,黃鐘宮集曲,啄木江水
6149.2,110,51,True,True,《啄木梁州》,明珠記,72,南詞,黃鐘宮集曲,啄木梁州
6150.1,113,61,True,True,《三段催》,永團圓,72,南詞,黃鐘宮集曲,三段催
6151.1,77,43,True,True,《三段滴溜（三啄雞）》,散曲,72,南詞,黃鐘宮集曲,三段滴溜
6152.1,115,65,True,True,《三老節節高》,綵毫記,72,南詞,黃鐘宮集曲,三老節節高
6153.1,102,56,True,True,《歸朝出隊》,蕉帕記,72,南詞,黃鐘宮集曲,歸朝出隊
6154.1,67,43,True,True,《歸樓神仗（歸朝神仗）》,鹔鹴裘,72,南詞,黃鐘宮集曲,歸樓神仗
6155.1,92,59,True,True,《鮑老節》,芭蕉井,72,南詞,黃鐘宮集曲,鮑老節
6156.1,97,54,True,True,《滴金樓》,永團圓,72,南詞,黃鐘宮集曲,滴金樓
6157.1,86,48,True,True,《雙聲滴》,永團圓,72,南詞,黃鐘宮集曲,雙聲滴
6157.2,92,54,True,True,《雙聲催（雙聲催老）》,灌園記,72,南詞,黃鐘宮集曲,雙聲催
6158.1,84,43,True,True,《雙聲臺》,散曲,72,南詞,黃鐘宮集曲,雙聲臺
6159.1,191,98,True,True,《漏遲柳眉序（玉絳畫眉序）》,節孝記,72,南詞,黃鐘宮集曲,漏遲柳眉序
6160.1,161,91,True,True,《燈月照畫眉》,散曲,72,南詞,黃鐘宮集曲,燈月照畫眉
6161.1,89,47,True,True,《仙燈照畫眉（仙燈引京兆）》,散曲,72,南詞,黃鐘宮集曲,仙燈照畫眉
6162.1,55,24,True,True,《太平花》,散曲,72,南詞,黃鐘宮集曲,太平花
6193.1,50,6,True,False,《醉花陰》,法宮雅奏,73,北詞,黃鐘調隻曲,醉花陰
6193.2,58,6,True,False,《醉花陰》,散曲,73,北詞,黃鐘調隻曲,醉花陰
6194.1,77,8,True,False,《醉花陰》,元人百種,73,北詞,黃鐘調隻曲,醉花陰
6195.1,98,9,True,False,《醉花陰》,散曲,73,北詞,黃鐘調隻曲,醉花陰
6196.1,72,8,True,False,《醉花陰》,散曲,73,北詞,黃鐘調隻曲,醉花陰
6196.2,69,8,True,False,《醉花陰》,散曲,73,北詞,黃鐘調隻曲,醉花陰
6198.1,121,55,True,True,《喜遷鶯（烘春桃李）》,散曲,73,北詞,黃鐘調隻曲,喜遷鶯
6198.2,113,57,True,True,《喜遷鶯（烘春桃李）》,雍熙樂府,73,北詞,黃鐘調隻曲,喜遷鶯
6199.1,104,48,True,True,《喜遷鶯（烘春桃李）》,散曲,73,北詞,黃鐘調隻曲,喜遷鶯
6200.1,109,59,True,True,《喜遷鶯（烘春桃李）》,九九大慶,73,北詞,黃鐘調隻曲,喜遷鶯
6200.2,177,66,True,True,《喜遷鶯（烘春桃李）》,散曲,73,北詞,黃鐘調隻曲,喜遷鶯
6202.1,98,47,True,True,《喜遷鶯纒令》,董西廂,73,北詞,黃鐘調隻曲,喜遷鶯纒令
6203.1,82,36,True,True,《喜遷鶯纒令》,董西廂,73,北詞,黃鐘調隻曲,喜遷鶯纒令
6204.1,64,36,True,True,《出隊子》,雍熙樂府,73,北詞,黃鐘調隻曲,出隊子
6204.2,60,37,True,True,《出隊子》,散曲,73,北詞,黃鐘調隻曲,出隊子
6205.1,63,41,True,True,《出隊子》,散曲,73,北詞,黃鐘調隻曲,出隊子
6205.2,134,51,True,True,《出隊子》,散曲,73,北詞,黃鐘調隻曲,出隊子
6206.1,106,38,True,True,《出隊子》,元人百種,73,北詞,黃鐘調隻曲,出隊子
6207.1,51,30,True,True,《出隊子》,天寶遺事,73,北詞,黃鐘調隻曲,出隊子
6208.1,115,70,True,True,《刮地風》,雍熙樂府,73,北詞,黃鐘調隻曲,刮地風
6209.1,94,54,True,True,《刮地風》,雍熙樂府,73,北詞,黃鐘調隻曲,刮地風
6210.1,96,63,True,True,《刮地風》,散曲,73,北詞,黃鐘調隻曲,刮地風
6211.1,132,64,True,True,《刮地風》,元人百種,73,北詞,黃鐘調隻曲,刮地風
6212.1,116,62,True,True,《刮地風》,元人百種,73,北詞,黃鐘調隻曲,刮地風
6213.1,154,84,True,True,《刮地風》,九九大慶,73,北詞,黃鐘調隻曲,刮地風
6214.1,136,86,True,True,《刮地風》,雍熙樂府,73,北詞,黃鐘調隻曲,刮地風
6215.1,233,114,True,True,《刮地風》,散曲,73,北詞,黃鐘調隻曲,刮地風
6217.1,81,46,True,True,《刮地風》,董西廂,73,北詞,黃鐘調隻曲,刮地風
6219.1,117,60,True,True,《金索刮地風》,雍熙樂府,73,北詞,黃鐘調隻曲,金索刮地風
6220.1,99,54,True,True,《四門子》,雍熙樂府,73,北詞,黃鐘調隻曲,四門子
6221.1,98,56,True,True,《四門子》,雍熙樂府,73,北詞,黃鐘調隻曲,四門子
6222.1,81,49,True,True,《四門子》,董西廂,73,北詞,黃鐘調隻曲,四門子
6222.2,104,58,True,True,《四門子》,雍熙樂府,73,北詞,黃鐘調隻曲,四門子
6223.1,74,46,True,True,《四門子》,九九大慶,73,北詞,黃鐘調隻曲,四門子
6224.1,155,79,True,True,《四門子》,散曲,73,北詞,黃鐘調隻曲,四門子
6225.1,76,44,True,True,《四門子》,董西廂,73,北詞,黃鐘調隻曲,四門子
6226.1,64,38,True,True,《四門子》,董西廂,73,北詞,黃鐘調隻曲,四門子
6228.1,112,62,True,True,《古水仙子》,九九大慶,73,北詞,黃鐘調隻曲,古水仙子
6229.1,150,72,True,True,《古水仙子》,元人百種,73,北詞,黃鐘調隻曲,古水仙子
6230.1,101,57,True,True,《古水仙子》,雍熙樂府,73,北詞,黃鐘調隻曲,古水仙子
6231.1,150,94,True,True,《古水仙子》,鴛鴦棒,73,北詞,黃鐘調隻曲,古水仙子
6232.1,145,93,True,True,《古水仙子》,元人百種,73,北詞,黃鐘調隻曲,古水仙子
6233.1,162,111,True,True,《古水仙子》,散曲,73,北詞,黃鐘調隻曲,古水仙子
6234.1,146,98,True,True,《古水仙子》,雍熙樂府,73,北詞,黃鐘調隻曲,古水仙子
6236.1,130,85,True,True,《古水仙子》,九九大慶,73,北詞,黃鐘調隻曲,古水仙子
6237.1,103,67,True,True,《古水仙子》,雍熙樂府,73,北詞,黃鐘調隻曲,古水仙子
6238.1,58,27,True,True,《古寨兒令》,雍熙樂府,73,北詞,黃鐘調隻曲,古寨兒令
6239.1,61,30,True,True,《古寨兒令》,元人百種,73,北詞,黃鐘調隻曲,古寨兒令
6239.2,64,33,True,True,《古寨兒令》,元人百種,73,北詞,黃鐘調隻曲,古寨兒令
6240.1,59,28,True,True,《古寨兒令》,元人百種,73,北詞,黃鐘調隻曲,古寨兒令
6240.2,51,27,True,True,《古寨兒令》,董西廂,73,北詞,黃鐘調隻曲,古寨兒令
6241.1,51,25,True,True,《古寨兒令》,雍熙樂府,73,北詞,黃鐘調隻曲,古寨兒令
6242.1,59,30,True,True,《古寨兒令》,董西廂,73,北詞,黃鐘調隻曲,古寨兒令
6242.2,53,27,True,True,《古寨兒令》,雍熙樂府,73,北詞,黃鐘調隻曲,古寨兒令
6243.1,66,29,True,True,《古寨兒令》,雍熙樂府,73,北詞,黃鐘調隻曲,古寨兒令
6243.2,67,32,True,True,《古寨兒令》,雍熙樂府,73,北詞,黃鐘調隻曲,古寨兒令
6244.1,52,25,True,True,《古寨兒令》,雍熙樂府,73,北詞,黃鐘調隻曲,古寨兒令
6245.1,74,42,True,True,《塞鴈兒》,鴛鴦塚,73,北詞,黃鐘調隻曲,塞鴈兒
6246.1,92,36,True,True,《古神仗兒》,雍熙樂府,73,北詞,黃鐘調隻曲,古神仗兒
6247.1,91,46,True,True,《古神仗兒》,元人百種,73,北詞,黃鐘調隻曲,古神仗兒
6248.1,106,49,True,True,《古神仗兒》,元人百種,73,北詞,黃鐘調隻曲,古神仗兒
6249.1,75,37,True,True,《古神仗兒》,雍熙樂府,73,北詞,黃鐘調隻曲,古神仗兒
6249.2,60,32,True,True,《古神仗兒》,董西廂,73,北詞,黃鐘調隻曲,古神仗兒
6250.1,68,33,True,True,《古神仗兒》,雍熙樂府,73,北詞,黃鐘調隻曲,古神仗兒
6251.1,76,39,True,True,《古神仗兒》,雍熙樂府,73,北詞,黃鐘調隻曲,古神仗兒
6252.1,53,29,True,True,《節節高》,散曲,73,北詞,黃鐘調隻曲,節節高
6253.1,67,33,True,True,《節節高》,元人百種,73,北詞,黃鐘調隻曲,節節高
6253.2,72,44,True,True,《節節高》,元人百種,73,北詞,黃鐘調隻曲,節節高
6254.1,63,37,True,True,《節節高》,雍熙樂府,73,北詞,黃鐘調隻曲,節節高
6255.1,81,49,True,True,《節節高》,雍熙樂府,73,北詞,黃鐘調隻曲,節節高
6255.2,81,35,True,True,《塊玉節節高》,散曲,73,北詞,黃鐘調隻曲,塊玉節節高
6256.1,88,42,True,True,《者刺古》,散曲,73,北詞,黃鐘調隻曲,者刺古
6257.1,71,37,True,True,《者刺古》,元人百種,73,北詞,黃鐘調隻曲,者刺古
6258.1,66,30,True,True,《侍香金童》,散曲,73,北詞,黃鐘調隻曲,侍香金童
6258.2,53,28,True,True,《侍香金童》,散曲,73,北詞,黃鐘調隻曲,侍香金童
6259.1,74,30,True,True,《侍香金童》,董西廂,73,北詞,黃鐘調隻曲,侍香金童
6260.1,75,32,True,True,《侍香金童》,董西廂,73,北詞,黃鐘調隻曲,侍香金童
6260.2,82,36,True,True,《降黃龍袞》,散曲,73,北詞,黃鐘調隻曲,降黃龍袞
6261.1,71,30,True,True,《降黃龍袞》,散曲,73,北詞,黃鐘調隻曲,降黃龍袞
6261.2,71,30,True,True,《降黃龍袞》,董西廂,73,北詞,黃鐘調隻曲,降黃龍袞
6262.1,71,28,True,True,《降黃龍袞》,董西廂,73,北詞,黃鐘調隻曲,降黃龍袞
6263.1,67,25,True,True,《整乾坤》,董西廂,73,北詞,黃鐘調隻曲,整乾坤
6264.1,53,28,True,True,《整乾坤》,董西廂,73,北詞,黃鐘調隻曲,整乾坤
6264.2,80,45,True,True,《雙聲疊韻》,董西廂,73,北詞,黃鐘調隻曲,雙聲疊韻
6265.1,71,38,True,True,《雙聲疊韻》,董西廂,73,北詞,黃鐘調隻曲,雙聲疊韻
6266.1,61,25,True,True,《九條龍》,散曲,73,北詞,黃鐘調隻曲,九條龍
6267.1,114,48,True,True,《雙鳳翹》,天寶遺事,73,北詞,黃鐘調隻曲,雙鳳翹
6268.1,114,51,True,True,《雙鳳翹》,天寶遺事,73,北詞,黃鐘調隻曲,雙鳳翹
6269.1,79,36,True,True,《興隆引》,明朝樂章,73,北詞,黃鐘調隻曲,興隆引
6270.1,81,39,True,True,《興隆引》,法宮雅奏,73,北詞,黃鐘調隻曲,興隆引
6270.2,62,34,True,True,《快活年》,天寶遺事,73,北詞,黃鐘調隻曲,快活年
6271.1,66,37,True,True,《快活年》,天寶遺事,73,北詞,黃鐘調隻曲,快活年
6272.1,79,32,True,True,《快活爾纒令》,董西廂,73,北詞,黃鐘調隻曲,快活爾纒令
6273.1,66,32,True,True,《柳葉兒》,天寶遺事,73,北詞,黃鐘調隻曲,柳葉兒
6273.2,53,28,True,True,《柳葉兒》,天寶遺事,73,北詞,黃鐘調隻曲,柳葉兒
6274.1,48,20,True,True,《柳葉兒》,董西廂,73,北詞,黃鐘調隻曲,柳葉兒
6275.1,132,54,True,True,《啄木兒》,董西廂,73,北詞,黃鐘調隻曲,啄木兒
6275.2,108,53,True,True,《啄木兒》,董西廂,73,北詞,黃鐘調隻曲,啄木兒
6276.1,93,44,True,True,《啄木兒》,董西廂,73,北詞,黃鐘調隻曲,啄木兒
6277.1,72,36,True,True,《啄木兒》,董西廂,73,北詞,黃鐘調隻曲,啄木兒
6278.1,75,43,True,True,《啄木兒》,董西廂,73,北詞,黃鐘調隻曲,啄木兒
6278.2,71,38,True,True,《啄木兒》,董西廂,73,北詞,黃鐘調隻曲,啄木兒
6279.1,67,39,True,True,《啄木兒》,董西廂,73,北詞,黃鐘調隻曲,啄木兒
6280.1,57,31,True,True,《啄木兒》,董西廂,73,北詞,黃鐘調隻曲,啄木兒
6280.2,68,32,True,True,《啄木兒》,董西廂,73,北詞,黃鐘調隻曲,啄木兒
6281.1,90,46,True,True,《六么令》,散曲,73,北詞,黃鐘調隻曲,六么令
6282.1,117,54,True,True,《六么令》,法宮雅奏,73,北詞,黃鐘調隻曲,六么令
6283.1,199,74,True,True,《燈月交輝》,王煥傳奇,73,北詞,黃鐘調隻曲,燈月交輝
6284.1,178,66,True,True,《解紅》,董西廂,73,北詞,黃鐘調隻曲,解紅
6285.1,154,61,True,True,《解紅》,董西廂,73,北詞,黃鐘調隻曲,解紅
6286.1,108,48,True,True,《凭欄人》,董西廂,73,北詞,黃鐘調隻曲,凭欄人
6287.1,108,45,True,True,《凭欄人》,董西廂,73,北詞,黃鐘調隻曲,凭欄人
6288.1,92,38,True,True,《美中美》,董西廂,73,北詞,黃鐘調隻曲,美中美
6288.2,99,39,True,True,《美中美》,董西廂,73,北詞,黃鐘調隻曲,美中美
6289.1,73,40,True,True,《大勝樂》,董西廂,73,北詞,黃鐘調隻曲,大勝樂
6290.1,66,38,True,True,《大勝樂》,董西廂,73,北詞,黃鐘調隻曲,大勝樂
6291.1,149,88,True,True,《哨遍（稍遍）》,月令承應,73,北詞,黃鐘調隻曲,哨遍
6292.1,142,80,True,True,《哨遍（稍遍）》,散曲,73,北詞,黃鐘調隻曲,哨遍
6293.1,121,68,True,True,《哨遍（稍遍）》,散曲,73,北詞,黃鐘調隻曲,哨遍
6294.1,153,97,True,True,《哨遍（稍遍）》,雍熙樂府,73,北詞,黃鐘調隻曲,哨遍
6295.1,148,86,True,True,《哨遍（稍遍）》,雍熙樂府,73,北詞,黃鐘調隻曲,哨遍
6297.1,109,54,True,True,《臉兒紅（麻婆子）》,散曲,73,北詞,黃鐘調隻曲,臉兒紅
6297.2,80,45,True,True,《臉兒紅（麻婆子）》,散曲,73,北詞,黃鐘調隻曲,臉兒紅
6298.1,74,38,True,True,《臉兒紅（麻婆子）》,董西廂,73,北詞,黃鐘調隻曲,臉兒紅
6299.1,70,44,True,True,《臉兒紅（麻婆子）》,董西廂,73,北詞,黃鐘調隻曲,臉兒紅
6300.1,62,26,True,True,《墻頭花》,散曲,73,北詞,黃鐘調隻曲,墻頭花
6300.2,65,30,True,True,《墻頭花》,散曲,73,北詞,黃鐘調隻曲,墻頭花
6301.1,74,34,True,True,《急曲子（促拍令）》,散曲,73,北詞,黃鐘調隻曲,急曲子
6302.1,68,35,True,True,《急曲子（促拍令）》,董西廂,73,北詞,黃鐘調隻曲,急曲子
6303.1,115,56,True,True,《瑤臺月（瑤池月）》,月令承應,73,北詞,黃鐘調隻曲,瑤臺月
6303.2,123,56,True,True,《瑤臺月（瑤池月）》,月令承應,73,北詞,黃鐘調隻曲,瑤臺月
6304.1,124,56,True,True,《瑤臺月（瑤池月）》,天寶遺事,73,北詞,黃鐘調隻曲,瑤臺月
6305.1,125,52,True,True,《瑤臺月（瑤池月）》,天寶遺事,73,北詞,黃鐘調隻曲,瑤臺月
6306.1,94,43,True,True,《沁園春》,董西廂,73,北詞,黃鐘調隻曲,沁園春
6307.1,92,48,True,True,《沁園春》,董西廂,73,北詞,黃鐘調隻曲,沁園春
6308.1,83,32,True,True,《長壽仙袞》,董西廂,73,北詞,黃鐘調隻曲,長壽仙袞
6309.1,64,30,True,True,《長壽仙袞》,董西廂,73,北詞,黃鐘調隻曲,長壽仙袞
6309.2,53,26,True,True,《夜遊宮》,董西廂,73,北詞,黃鐘調隻曲,夜遊宮
6310.1,51,26,True,True,《夜遊宮》,董西廂,73,北詞,黃鐘調隻曲,夜遊宮
6310.2,53,28,True,True,《蘇幙遮（鬢雲?令）》,董西廂,73,北詞,黃鐘調隻曲,蘇幙遮
6311.1,50,25,True,True,《蘇幙遮（鬢雲?令）》,董西廂,73,北詞,黃鐘調隻曲,蘇幙遮
6311.2,41,22,True,True,《柘枝令》,董西廂,73,北詞,黃鐘調隻曲,柘枝令
6312.1,41,18,True,True,《柘枝令》,董西廂,73,北詞,黃鐘調隻曲,柘枝令
6313.1,60,34,True,True,《金字經（閱金經）》,月令承應,73,北詞,黃鐘調隻曲,金字經
6313.2,110,49,True,True,《耍孩兒（魔合羅）》,散曲,73,北詞,黃鐘調隻曲,耍孩兒
6314.1,99,50,True,True,《耍孩兒（魔合羅）》,散曲,73,北詞,黃鐘調隻曲,耍孩兒
6315.1,78,45,True,True,《四煞》,散曲,73,北詞,黃鐘調隻曲,四煞
6316.1,86,44,True,True,《三煞》,散曲,73,北詞,黃鐘調隻曲,三煞
6316.2,80,40,True,True,《二煞》,散曲,73,北詞,黃鐘調隻曲,二煞
6317.1,79,42,True,True,《一煞》,散曲,73,北詞,黃鐘調隻曲,一煞
6318.1,137,58,True,True,《耍孩兒》,散曲,73,北詞,黃鐘調隻曲,耍孩兒
6319.1,94,43,True,True,《五煞》,散曲,73,北詞,黃鐘調隻曲,五煞
6319.2,93,44,True,True,《四煞》,散曲,73,北詞,黃鐘調隻曲,四煞
6320.1,78,38,True,True,《三煞》,散曲,73,北詞,黃鐘調隻曲,三煞
6321.1,79,40,True,True,《二煞》,散曲,73,北詞,黃鐘調隻曲,二煞
6321.2,83,41,True,True,《一煞》,散曲,73,北詞,黃鐘調隻曲,一煞
6322.1,101,54,True,True,《耍孩兒》,散曲,73,北詞,黃鐘調隻曲,耍孩兒
6323.1,79,43,True,True,《三煞》,散曲,73,北詞,黃鐘調隻曲,三煞
6324.1,75,44,True,True,《二煞》,散曲,73,北詞,黃鐘調隻曲,二煞
6324.2,76,43,True,True,《一煞》,散曲,73,北詞,黃鐘調隻曲,一煞
6325.1,102,52,True,True,《耍孩兒》,散曲,73,北詞,黃鐘調隻曲,耍孩兒
6326.1,91,46,True,True,《六煞》,散曲,73,北詞,黃鐘調隻曲,六煞
6327.1,77,40,True,True,《五煞》,散曲,73,北詞,黃鐘調隻曲,五煞
6327.2,77,39,True,True,《四煞》,散曲,73,北詞,黃鐘調隻曲,四煞
6328.1,82,42,True,True,《三煞》,散曲,73,北詞,黃鐘調隻曲,三煞
6329.1,77,42,True,True,《二煞》,散曲,73,北詞,黃鐘調隻曲,二煞
6330.1,81,38,True,True,《一煞》,散曲,73,北詞,黃鐘調隻曲,一煞
6330.2,135,77,True,True,《耍孩兒》,鳴鳳記,73,北詞,黃鐘調隻曲,耍孩兒
6332.1,75,36,True,True,《三煞》,月令承應,73,北詞,黃鐘調隻曲,三煞
6333.1,61,32,True,True,《三煞》,月令承應,73,北詞,黃鐘調隻曲,三煞
6333.2,68,26,True,True,《三煞》,天寶遺事,73,北詞,黃鐘調隻曲,三煞
6334.1,73,31,True,True,《三煞》,天寶遺事,73,北詞,黃鐘調隻曲,三煞
6335.1,93,20,True,True,《賺》,董西廂,73,北詞,黃鐘調隻曲,賺
6336.1,98,20,True,False,《賺》,董西廂,73,北詞,黃鐘調隻曲,賺
6337.1,38,4,True,False,《本宮尾》,元人百種,73,北詞,黃鐘調隻曲,本宮尾
6337.2,43,3,True,False,《本宮尾》,散曲,73,北詞,黃鐘調隻曲,本宮尾
6338.1,47,4,True,False,《本宮尾》,散曲,73,北詞,黃鐘調隻曲,本宮尾
6338.2,81,7,True,False,《本宮尾》,散曲,73,北詞,黃鐘調隻曲,本宮尾
6339.1,66,9,True,False,《神仗兒煞》,散曲,73,北詞,黃鐘調隻曲,神仗兒煞
6340.1,68,6,True,False,《啄木兒煞》,元人百種,73,北詞,黃鐘調隻曲,啄木兒煞
6341.1,58,6,True,False,《啄木兒煞》,元人百種,73,北詞,黃鐘調隻曲,啄木兒煞
6341.2,38,5,True,False,《煞尾》,散曲,73,北詞,黃鐘調隻曲,煞尾
6342.1,43,21,True,True,《煞尾》,天寶遺事,73,北詞,黃鐘調隻曲,煞尾
6342.2,49,7,True,False,《煞尾》,散曲,73,北詞,黃鐘調隻曲,煞尾
6343.1,37,5,True,False,《煞尾》,散曲,73,北詞,黃鐘調隻曲,煞尾
6343.2,47,5,True,False,《煞尾》,月令承應,73,北詞,黃鐘調隻曲,煞尾
6344.1,42,4,True,False,《煞尾》,董西廂,73,北詞,黃鐘調隻曲,煞尾
6344.2,39,3,True,False,《煞尾》,董西廂,73,北詞,黃鐘調隻曲,煞尾
6345.1,31,5,True,False,《煞尾》,董西廂,73,北詞,黃鐘調隻曲,煞尾
6345.2,38,4,True,False,《煞尾》,董西廂,73,北詞,黃鐘調隻曲,煞尾
6355.1,52,6,True,False,《醉花陰》,法宮雅奏,74,北詞,黃鐘調套曲,醉花陰
6355.2,113,47,True,True,《喜遷鶯》,法宮雅奏,74,北詞,黃鐘調套曲,喜遷鶯
6356.1,69,34,True,True,《出隊子》,法宮雅奏,74,北詞,黃鐘調套曲,出隊子
6357.1,117,64,True,True,《刮地風》,法宮雅奏,74,北詞,黃鐘調套曲,刮地風
6358.1,99,59,True,True,《四門子》,法宮雅奏,74,北詞,黃鐘調套曲,四門子
6358.2,103,61,True,True,《古水仙子》,法宮雅奏,74,北詞,黃鐘調套曲,古水仙子
6361.1,102,51,True,True,《喜遷鶯》,月令承應,74,北詞,黃鐘調套曲,喜遷鶯
6361.2,79,32,True,True,《出隊子》,月令承應,74,北詞,黃鐘調套曲,出隊子
6362.1,78,35,True,True,《出隊子》,月令承應,74,北詞,黃鐘調套曲,出隊子
6362.2,83,37,True,True,《出隊子》,月令承應,74,北詞,黃鐘調套曲,出隊子
6363.1,85,36,True,True,《出隊子》,月令承應,74,北詞,黃鐘調套曲,出隊子
6364.1,44,21,True,True,《慶餘》,月令承應,74,北詞,黃鐘調套曲,慶餘
6365.1,148,74,True,True,《刮地風》,月令承應,74,北詞,黃鐘調套曲,刮地風
6366.1,102,55,True,True,《四門子》,月令承應,74,北詞,黃鐘調套曲,四門子
6367.1,62,36,True,True,《古寨兒令》,月令承應,74,北詞,黃鐘調套曲,古寨兒令
6367.2,135,88,True,True,《古水仙子》,月令承應,74,北詞,黃鐘調套曲,古水仙子
6368.1,43,3,True,False,《慶餘》,月令承應,74,北詞,黃鐘調套曲,慶餘
6371.1,78,8,True,False,《醉花陰》,元人百種,74,北詞,黃鐘調套曲,醉花陰
6371.2,124,52,True,True,《喜遷鶯》,元人百種,74,北詞,黃鐘調套曲,喜遷鶯
6372.1,99,38,True,True,《出隊子》,元人百種,74,北詞,黃鐘調套曲,出隊子
6373.1,112,59,True,True,《刮地風》,元人百種,74,北詞,黃鐘調套曲,刮地風
6373.2,106,61,True,True,《四門子》,元人百種,74,北詞,黃鐘調套曲,四門子
6374.1,153,76,True,True,《古水仙子》,元人百種,74,北詞,黃鐘調套曲,古水仙子
6375.1,61,32,True,True,《古寨兒令》,元人百種,74,北詞,黃鐘調套曲,古寨兒令
6376.1,70,40,True,True,《古神仗兒》,元人百種,74,北詞,黃鐘調套曲,古神仗兒
6377.1,33,4,True,False,《尾聲》,元人百種,74,北詞,黃鐘調套曲,尾聲
6379.1,49,6,True,False,《醉花陰》,天寶遺事,74,北詞,黃鐘調套曲,醉花陰
6379.2,78,30,True,True,《醉花陰》,天寶遺事,74,北詞,黃鐘調套曲,醉花陰
6379.3,90,37,True,True,《古神仗兒》,天寶遺事,74,北詞,黃鐘調套曲,古神仗兒
6380.1,91,38,True,True,《古神仗兒》,天寶遺事,74,北詞,黃鐘調套曲,古神仗兒
6383.1,60,6,True,False,《醉花陰》,天寶遺事,74,北詞,黃鐘調套曲,醉花陰
6383.2,75,40,True,True,《興隆引》,天寶遺事,74,北詞,黃鐘調套曲,興隆引
6384.1,80,38,True,True,《興隆引》,天寶遺事,74,北詞,黃鐘調套曲,興隆引
6385.1,91,46,True,True,《興隆引》,天寶遺事,74,北詞,黃鐘調套曲,興隆引
6385.2,41,3,True,False,《尾聲》,天寶遺事,74,北詞,黃鐘調套曲,尾聲
6387.1,47,5,True,False,《醉花陰》,雍熙樂府,74,北詞,黃鐘調套曲,醉花陰
6387.2,117,57,True,True,《喜遷鶯》,雍熙樂府,74,北詞,黃鐘調套曲,喜遷鶯
6388.1,77,36,True,True,《出隊子》,雍熙樂府,74,北詞,黃鐘調套曲,出隊子
6389.1,73,38,True,True,《出隊子》,雍熙樂府,74,北詞,黃鐘調套曲,出隊子
6389.2,82,40,True,True,《出隊子》,雍熙樂府,74,北詞,黃鐘調套曲,出隊子
6390.1,80,38,True,True,《出隊子》,雍熙樂府,74,北詞,黃鐘調套曲,出隊子
6390.2,115,64,True,True,《刮地風》,雍熙樂府,74,北詞,黃鐘調套曲,刮地風
6391.1,100,58,True,True,《四門子》,雍熙樂府,74,北詞,黃鐘調套曲,四門子
6392.1,107,64,True,True,《古水仙子》,雍熙樂府,74,北詞,黃鐘調套曲,古水仙子
6393.1,48,32,True,True,《古寨兒令》,雍熙樂府,74,北詞,黃鐘調套曲,古寨兒令
6394.1,70,33,True,True,《掛金索》,雍熙樂府,74,北詞,黃鐘調套曲,掛金索
6394.2,34,4,True,False,《隨尾》,雍熙樂府,74,北詞,黃鐘調套曲,隨尾
6397.1,79,8,True,False,《醉花陰》,雍熙樂府,74,北詞,黃鐘調套曲,醉花陰
6397.2,184,72,True,True,《喜遷鶯》,雍熙樂府,74,北詞,黃鐘調套曲,喜遷鶯
6398.1,105,48,True,True,《出隊子》,雍熙樂府,74,北詞,黃鐘調套曲,出隊子
6399.1,88,37,True,True,《出隊子》,雍熙樂府,74,北詞,黃鐘調套曲,出隊子
6399.2,137,73,True,True,《刮地風》,雍熙樂府,74,北詞,黃鐘調套曲,刮地風
6400.1,127,63,True,True,《四門子》,雍熙樂府,74,北詞,黃鐘調套曲,四門子
6401.1,158,98,True,True,《古水仙子》,雍熙樂府,74,北詞,黃鐘調套曲,古水仙子
6402.1,36,4,True,False,《尾聲》,雍熙樂府,74,北詞,黃鐘調套曲,尾聲
6405.1,69,9,True,False,《醉花陰》,雍熙樂府,74,北詞,黃鐘調套曲,醉花陰
6405.2,96,50,True,True,《喜遷鶯》,雍熙樂府,74,北詞,黃鐘調套曲,喜遷鶯
6406.1,75,37,True,True,《出隊子》,雍熙樂府,74,北詞,黃鐘調套曲,出隊子
6407.1,129,66,True,True,《刮地風》,雍熙樂府,74,北詞,黃鐘調套曲,刮地風
6408.1,82,45,True,True,《四門子》,雍熙樂府,74,北詞,黃鐘調套曲,四門子
6409.1,111,61,True,True,《古水仙子》,雍熙樂府,74,北詞,黃鐘調套曲,古水仙子
6409.2,62,44,True,True,《者剌古》,雍熙樂府,74,北詞,黃鐘調套曲,者剌古
6410.1,42,24,True,True,《九條龍》,雍熙樂府,74,北詞,黃鐘調套曲,九條龍
6410.2,57,31,True,True,《節節高》,雍熙樂府,74,北詞,黃鐘調套曲,節節高
6411.1,44,21,True,True,《隨尾》,雍熙樂府,74,北詞,黃鐘調套曲,隨尾
6413.1,62,6,True,False,《醉花陰》,水滸記,74,北詞,黃鐘調套曲,醉花陰
6413.2,116,47,True,True,《出隊子》,水滸記,74,北詞,黃鐘調套曲,出隊子
6414.1,170,98,True,True,《刮地風》,水滸記,74,北詞,黃鐘調套曲,刮地風
6415.1,123,83,True,True,《四門子》,水滸記,74,北詞,黃鐘調套曲,四門子
6416.1,156,103,True,True,《古水仙子》,水滸記,74,北詞,黃鐘調套曲,古水仙子
6417.1,34,4,True,False,《尾聲》,水滸記,74,北詞,黃鐘調套曲,尾聲
6419.1,124,49,True,True,《凭欄人》,月令承應,74,北詞,黃鐘調套曲,凭欄人
6419.2,137,51,True,True,《凭欄人》,月令承應,74,北詞,黃鐘調套曲,凭欄人
6420.1,91,21,True,True,《賺》,月令承應,74,北詞,黃鐘調套曲,賺
6421.1,115,21,True,False,《賺》,月令承應,74,北詞,黃鐘調套曲,賺
6422.1,91,46,True,True,《美中美》,月令承應,74,北詞,黃鐘調套曲,美中美
6423.1,103,44,True,True,《美中美》,月令承應,74,北詞,黃鐘調套曲,美中美
6424.1,101,45,True,True,《大勝樂》,月令承應,74,北詞,黃鐘調套曲,大勝樂
6425.1,75,34,True,True,《大勝樂》,月令承應,74,北詞,黃鐘調套曲,大勝樂
6425.2,51,21,True,True,《慶餘》,月令承應,74,北詞,黃鐘調套曲,慶餘
6429.1,79,8,True,False,《北醉花陰》,雍熙樂府,75,合套,黃鐘調合套,北醉花陰
6430.1,95,40,True,True,《南畫眉序》,雍熙樂府,75,合套,黃鐘調合套,南畫眉序
6430.2,130,58,True,True,《北喜遷鶯》,雍熙樂府,75,合套,黃鐘調合套,北喜遷鶯
6431.1,93,44,True,True,《南畫眉序》,雍熙樂府,75,合套,黃鐘調合套,南畫眉序
6432.1,97,45,True,True,《北出隊子》,雍熙樂府,75,合套,黃鐘調合套,北出隊子
6432.2,62,38,True,True,《南神仗兒》,雍熙樂府,75,合套,黃鐘調合套,南神仗兒
6433.1,174,101,True,True,《北刮地風》,雍熙樂府,75,合套,黃鐘調合套,北刮地風
6434.1,51,34,True,True,《南耍鮑老》,雍熙樂府,75,合套,黃鐘調合套,南耍鮑老
6435.1,80,49,True,True,《北四門子》,雍熙樂府,75,合套,黃鐘調合套,北四門子
6436.1,45,27,True,True,《南鬪雙雞》,雍熙樂府,75,合套,黃鐘調合套,南鬪雙雞
6436.2,138,97,True,True,《北古水仙子》,雍熙樂府,75,合套,黃鐘調合套,北古水仙子
6437.1,35,21,True,True,《南尾聲》,雍熙樂府,75,合套,黃鐘調合套,南尾聲
6439.1,89,8,True,False,《北醉花陰》,長生殿,75,合套,黃鐘調合套,北醉花陰
6439.2,91,40,True,True,《南畫眉序》,長生殿,75,合套,黃鐘調合套,南畫眉序
6440.1,203,71,True,True,《北喜遷鶯》,長生殿,75,合套,黃鐘調合套,北喜遷鶯
6441.1,88,44,True,True,《南畫眉序》,長生殿,75,合套,黃鐘調合套,南畫眉序
6442.1,113,40,True,True,《北出隊子》,長生殿,75,合套,黃鐘調合套,北出隊子
6442.2,72,43,True,True,《南滴溜子》,長生殿,75,合套,黃鐘調合套,南滴溜子
6443.1,204,84,True,True,《北刮地風》,長生殿,75,合套,黃鐘調合套,北刮地風
6444.1,91,49,True,True,《南滴滴金》,長生殿,75,合套,黃鐘調合套,南滴滴金
6445.1,150,70,True,True,《北四門子》,長生殿,75,合套,黃鐘調合套,北四門子
6446.1,77,51,True,True,《南鮑老催》,長生殿,75,合套,黃鐘調合套,南鮑老催
6447.1,151,99,True,True,《北古水仙子》,長生殿,75,合套,黃鐘調合套,北古水仙子
6448.1,64,40,True,True,《南雙聲子》,長生殿,75,合套,黃鐘調合套,南雙聲子
6449.1,41,4,True,False,《北隨煞》,長生殿,75,合套,黃鐘調合套,北隨煞
6455.1,46,5,True,False,《桂臺仙引》,月令承應,76,南詞,羽調引,桂臺仙引
6456.1,41,5,True,False,《桂臺仙引》,月令承應,76,南詞,羽調引,桂臺仙引
6456.2,43,5,True,False,《清平樂（憶蘿月、醉東風）》,月令承應,76,南詞,羽調引,清平樂
6457.1,41,5,True,False,《清平樂（憶蘿月、醉東風）》,月令承應,76,南詞,羽調引,清平樂
6457.2,69,7,True,False,《于飛樂》,月令承應,76,南詞,羽調引,于飛樂
6458.1,72,8,True,False,《于飛樂》,梅嶺記,76,南詞,羽調引,于飛樂
6458.2,38,6,True,False,《丹鳳吟》,四喜記,76,南詞,羽調引,丹鳳吟
6459.1,38,6,True,False,《丹鳳吟》,玉玦記,76,南詞,羽調引,丹鳳吟
6459.2,45,5,True,False,《三臺（開元樂）》,法宮雅奏,76,南詞,羽調引,三臺
6460.1,40,5,True,False,《三臺（開元樂）》,王建詞,76,南詞,羽調引,三臺
6460.2,74,10,True,False,《感恩多》,牛嶠詞,76,南詞,羽調引,感恩多
6461.1,58,9,True,False,《風光好》,歐良詞,76,南詞,羽調引,風光好
6461.2,63,9,True,False,《悞桃源》,無名氏詞,76,南詞,羽調引,悞桃源
6462.1,66,9,True,False,《戀情深》,毛文錫詞,76,南詞,羽調引,戀情深
6463.1,81,17,True,False,《三字令》,歐陽炯詞,76,南詞,羽調引,三字令
6463.2,76,9,True,False,《憶餘杭》,潘閬詞,76,南詞,羽調引,憶餘杭
6464.1,79,11,True,False,《慶金枝》,無名氏詞,76,南詞,羽調引,慶金枝
6465.1,86,10,True,False,《洞天春》,歐陽修詞,76,南詞,羽調引,洞天春
6465.2,83,12,True,False,《慶春時》,晏幾道詞,76,南詞,羽調引,慶春時
6466.1,94,10,True,False,《喜團圓（與團圓）》,晏幾道詞,76,南詞,羽調引,喜團圓
6467.1,91,13,True,False,《惜春令》,高漢臣詞,76,南詞,羽調引,惜春令
6468.1,36,5,True,False,《喜相逢》,紫釵記,76,南詞,羽調引,喜相逢
6479.1,275,135,True,True,《四季花》,月令承應,77,南詞,羽調正曲,四季花
6480.1,171,67,True,True,《四季花》,鸚鵡洲,77,南詞,羽調正曲,四季花
6481.1,178,59,True,True,《四時花》,月令承應,77,南詞,羽調正曲,四時花
6482.1,144,61,True,True,《四時花》,尋親記,77,南詞,羽調正曲,四時花
6483.1,112,57,True,True,《四時花》,月令承應,77,南詞,羽調正曲,四時花
6484.1,55,29,True,True,《四時花》,賣水記,77,南詞,羽調正曲,四時花
6485.1,204,102,True,True,《勝如花》,月令承應,77,南詞,羽調正曲,勝如花
6486.1,141,57,True,True,《勝如花》,月令承應,77,南詞,羽調正曲,勝如花
6487.1,225,113,True,True,《勝如花》,九九大慶,77,南詞,羽調正曲,勝如花
6488.1,152,65,True,True,《勝如花》,江天雪,77,南詞,羽調正曲,勝如花
6489.1,240,114,True,True,《金鳳釵（錦添花）》,月令承應,77,南詞,羽調正曲,金鳳釵
6490.1,194,68,True,True,《金鳳釵（錦添花）》,月令承應,77,南詞,羽調正曲,金鳳釵
6492.1,163,65,True,True,《金鳳釵（錦添花）》,練囊記,77,南詞,羽調正曲,金鳳釵
6493.1,98,53,True,True,《慶時豐（慶時登）》,月令承應,77,南詞,羽調正曲,慶時豐
6493.2,43,28,True,True,《慶時豐（慶時登）》,分鏡記,77,南詞,羽調正曲,慶時豐
6494.1,88,46,True,True,《慶時豐（慶時登）》,九九大慶,77,南詞,羽調正曲,慶時豐
6494.2,43,24,True,True,《慶時豐（慶時登）》,散曲,77,南詞,羽調正曲,慶時豐
6495.1,188,101,True,True,《馬鞍兒》,月令承應,77,南詞,羽調正曲,馬鞍兒
6496.1,93,51,True,True,《馬鞍兒》,分鏡記,77,南詞,羽調正曲,馬鞍兒
6497.1,155,82,True,True,《馬鞍兒》,散曲,77,南詞,羽調正曲,馬鞍兒
6498.1,138,66,True,True,《馬鞍子》,詞林摘艷,77,南詞,羽調正曲,馬鞍子
6499.1,99,36,True,True,《馬鞍子》,詞林摘艷,77,南詞,羽調正曲,馬鞍子
6500.1,125,73,True,True,《道和》,月令承應,77,南詞,羽調正曲,道和
6501.1,250,136,True,True,《三疊排歌》,節孝記,77,南詞,羽調正曲,三疊排歌
6502.1,151,69,True,True,《三疊排歌》,拜月亭,77,南詞,羽調正曲,三疊排歌
6504.1,179,100,True,True,《排歌》,月令承應,77,南詞,羽調正曲,排歌
6504.2,93,50,True,True,《排歌》,月令承應,77,南詞,羽調正曲,排歌
6506.1,37,24,True,True,《急急令》,月令承應,77,南詞,羽調正曲,急急令
6506.2,36,24,True,True,《急急令》,靈寶刀,77,南詞,羽調正曲,急急令
6507.1,57,47,True,True,《袞袞令》,散曲,77,南詞,羽調正曲,袞袞令
6507.2,57,47,True,True,《袞袞令》,散曲,77,南詞,羽調正曲,袞袞令
6508.1,154,74,True,True,《五抝子》,散曲,77,南詞,羽調正曲,五抝子
6509.1,171,75,True,True,《五抝子》,散曲,77,南詞,羽調正曲,五抝子
6509.2,103,36,True,True,《五抝子》,散曲,77,南詞,羽調正曲,五抝子
6510.1,94,37,True,True,《五抝子》,散曲,77,南詞,羽調正曲,五抝子
6511.1,291,116,True,True,《抝芝蔴》,太平圖,77,南詞,羽調正曲,抝芝蔴
6514.1,278,147,True,True,《解語花》,法宮雅奏,77,南詞,羽調正曲,解語花
6515.1,126,50,True,True,《浪淘沙令（過龍門、錬丹砂）》,法宮雅奏,77,南詞,羽調正曲,浪淘沙令
6516.1,107,44,True,True,《夜遊宮》,法宮雅奏,77,南詞,羽調正曲,夜遊宮
6517.1,264,128,True,True,《導引》,法宮雅奏,77,南詞,羽調正曲,導引
6518.1,139,54,True,True,《謝池春（風中柳、玉蓮花）》,法宮雅奏,77,南詞,羽調正曲,謝池春
6519.1,141,52,True,True,《瑞鷓鴣（舞春風、鷓鴣詞、太平樂）》,法宮雅奏,77,南詞,羽調正曲,瑞鷓鴣
6520.1,259,89,True,True,《春風裊娜》,法宮雅奏,77,南詞,羽調正曲,春風裊娜
6522.1,350,184,True,True,《賞南枝》,曾鞏詞,77,南詞,羽調正曲,賞南枝
6523.1,358,194,True,True,《長壽樂》,柳永詞,77,南詞,羽調正曲,長壽樂
6524.1,117,46,True,True,《月宮春（月中行）》,毛文錫詞,77,南詞,羽調正曲,月宮春
6525.1,152,91,True,True,《惜春郎》,柳永詞,77,南詞,羽調正曲,惜春郎
6526.1,95,42,True,True,《雙韻子》,張先詞,77,南詞,羽調正曲,雙韻子
6526.2,153,82,True,True,《醉鄉春》,秦觀詞,77,南詞,羽調正曲,醉鄉春
6527.1,163,77,True,True,《應天長（應天長令、應天長慢）》,韋莊詞,77,南詞,羽調正曲,應天長
6528.1,205,99,True,True,《淡黃柳》,張炎詞,77,南詞,羽調正曲,淡黃柳
6529.1,117,52,True,True,《梧桐賺》,月令承應,77,南詞,羽調正曲,梧桐賺
6529.2,110,23,True,True,《本調賺》,月令承應,77,南詞,羽調正曲,本調賺
6530.1,51,21,True,True,《凝行雲煞》,月令承應,77,南詞,羽調正曲,凝行雲煞
6531.1,45,22,True,True,《慶餘》,月令承應,77,南詞,羽調正曲,慶餘
6531.2,39,23,True,True,《慶餘》,九九大慶,77,南詞,羽調正曲,慶餘
6532.1,35,23,True,True,《餘音》,精忠記,77,南詞,羽調正曲,餘音
6539.1,139,76,True,True,《花覆紅娘子（花犯紅娘子）》,月令承應,78,南詞,羽調集曲,花覆紅娘子
6540.1,85,38,True,True,《花覆紅娘子（花犯紅娘子）》,月令承應,78,南詞,羽調集曲,花覆紅娘子
6541.1,315,157,True,True,《四季花盆燈（四季盆花燈）》,散曲,78,南詞,羽調集曲,四季花盆燈
6542.1,245,119,True,True,《花叢道和》,牧羊記,78,南詞,羽調集曲,花叢道和
6543.1,109,61,True,True,《道和排歌》,拜月亭,78,南詞,羽調集曲,道和排歌
6544.1,314,116,True,True,《金釵十二行》,月令承應,78,南詞,羽調集曲,金釵十二行
6546.1,427,221,True,True,《金釵十二行》,散曲,78,南詞,羽調集曲,金釵十二行
6548.1,649,288,True,True,《金鳳釵集》,長生殿,78,南詞,羽調集曲,金鳳釵集
6552.1,175,102,True,True,《慶豐安樂歌（慶豐歌）》,月令承應,78,南詞,羽調集曲,慶豐安樂歌
6553.1,101,52,True,True,《慶豐安樂歌（慶豐歌）》,節孝記,78,南詞,羽調集曲,慶豐安樂歌
6554.1,125,70,True,True,《豐樂鄉》,月令承應,78,南詞,羽調集曲,豐樂鄉
6555.1,168,98,True,True,《馬鞍帶皂羅》,月令承應,78,南詞,羽調集曲,馬鞍帶皂羅
6555.2,104,50,True,True,《馬鞍帶皂羅》,月令承應,78,南詞,羽調集曲,馬鞍帶皂羅
6556.1,151,74,True,True,《馬兒三囑歌》,節孝記,78,南詞,羽調集曲,馬兒三囑歌
6558.1,105,46,True,True,《二集排歌》,月令承應,78,南詞,羽調集曲,二集排歌
6559.1,103,46,True,True,《二集排歌》,月令承應,78,南詞,羽調集曲,二集排歌
6571.1,66,7,True,False,《木蘭花》,月令承應,79,北詞,平調隻曲,木蘭花
6571.2,62,26,True,True,《木蘭花》,月令承應,79,北詞,平調隻曲,木蘭花
6572.1,70,29,True,True,《木蘭花》,月令承應,79,北詞,平調隻曲,木蘭花
6573.1,78,30,True,True,《木蘭花》,月令承應,79,北詞,平調隻曲,木蘭花
6573.2,77,28,True,True,《木蘭花》,董西廂,79,北詞,平調隻曲,木蘭花
6574.1,71,26,True,True,《木蘭花》,董西廂,79,北詞,平調隻曲,木蘭花
6574.2,75,30,True,True,《木蘭花》,董西廂,79,北詞,平調隻曲,木蘭花
6575.1,86,36,True,True,《于飛樂》,月令承應,79,北詞,平調隻曲,于飛樂
6576.1,78,33,True,True,《于飛樂》,月令承應,79,北詞,平調隻曲,于飛樂
6577.1,96,35,True,True,《于飛樂》,董西廂,79,北詞,平調隻曲,于飛樂
6577.2,84,33,True,True,《于飛樂》,董西廂,79,北詞,平調隻曲,于飛樂
6578.1,86,35,True,True,《于飛樂》,董西廂,79,北詞,平調隻曲,于飛樂
6579.1,77,33,True,True,《于飛樂》,董西廂,79,北詞,平調隻曲,于飛樂
6579.2,56,28,True,True,《糖多令》,明朝樂章,79,北詞,平調隻曲,糖多令
6580.1,59,22,True,True,《糖多令》,董西廂,79,北詞,平調隻曲,糖多令
6581.1,58,24,True,True,《糖多令》,董西廂,79,北詞,平調隻曲,糖多令
6581.2,73,32,True,True,《青玉案》,董西廂,79,北詞,平調隻曲,青玉案
6582.1,71,33,True,True,《青玉案》,董西廂,79,北詞,平調隻曲,青玉案
6583.1,70,8,True,False,《雪花飛》,法宮雅奏,79,北詞,平調隻曲,雪花飛
6584.1,99,42,True,True,《憶漢月（望漢月）》,法宮雅奏,79,北詞,平調隻曲,憶漢月
6584.2,106,42,True,True,《憶漢月（望漢月）》,法宮雅奏,79,北詞,平調隻曲,憶漢月
6585.1,80,34,True,True,《長命女》,法宮雅奏,79,北詞,平調隻曲,長命女
6586.1,126,61,True,True,《文如錦》,散曲,79,北詞,平調隻曲,文如錦
6587.1,125,57,True,True,《文如錦》,散曲,79,北詞,平調隻曲,文如錦
6587.2,141,60,True,True,《文如錦》,董西廂,79,北詞,平調隻曲,文如錦
6588.1,155,68,True,True,《文如錦》,董西廂,79,北詞,平調隻曲,文如錦
6589.1,142,62,True,True,《文如錦》,董西廂,79,北詞,平調隻曲,文如錦
6590.1,134,59,True,True,《文如錦》,董西廂,79,北詞,平調隻曲,文如錦
6592.1,55,27,True,True,《願成雙》,散曲,79,北詞,平調隻曲,願成雙
6592.2,59,28,True,True,《願成雙》,散曲,79,北詞,平調隻曲,願成雙
6593.1,60,25,True,True,《願成雙》,雍熙樂府,79,北詞,平調隻曲,願成雙
6593.2,54,24,True,True,《願成雙》,雍熙樂府,79,北詞,平調隻曲,願成雙
6594.1,54,25,True,True,《願成雙》,散曲,79,北詞,平調隻曲,願成雙
6594.2,55,28,True,True,《願成雙》,散曲,79,北詞,平調隻曲,願成雙
6595.1,59,30,True,True,《願成雙》,散曲,79,北詞,平調隻曲,願成雙
6596.1,58,25,True,True,《願成雙》,散曲,79,北詞,平調隻曲,願成雙
6596.2,116,51,True,True,《玉梅令》,法宮雅奏,79,北詞,平調隻曲,玉梅令
6597.1,188,70,True,True,《白雪》,法宮雅奏,79,北詞,平調隻曲,白雪
6599.1,87,46,True,True,《晝夜樂》,散曲,79,北詞,平調隻曲,晝夜樂
6599.2,86,44,True,True,《晝夜樂》,散曲,79,北詞,平調隻曲,晝夜樂
6600.1,38,22,True,True,《人月圓》,散曲,79,北詞,平調隻曲,人月圓
6601.1,41,24,True,True,《人月圓》,散曲,79,北詞,平調隻曲,人月圓
6601.2,108,48,True,True,《傾杯序》,天寶遺事,79,北詞,平調隻曲,傾杯序
6602.1,114,53,True,True,《傾杯序》,天寶遺事,79,北詞,平調隻曲,傾杯序
6603.1,117,49,True,True,《傾杯序》,天寶遺事,79,北詞,平調隻曲,傾杯序
6604.1,111,57,True,True,《傾杯序》,天寶遺事,79,北詞,平調隻曲,傾杯序
6605.1,88,13,True,False,《傾杯樂（古傾杯）》,法宮雅奏,79,北詞,平調隻曲,傾杯樂
6606.1,104,41,True,True,《傾杯樂（古傾杯）》,法宮雅奏,79,北詞,平調隻曲,傾杯樂
6607.1,55,28,True,True,《賀聖朝》,散曲,79,北詞,平調隻曲,賀聖朝
6608.1,69,30,True,True,《添聲楊柳枝（賀聖朝影、太平時）》,法宮雅奏,79,北詞,平調隻曲,添聲楊柳枝
6608.2,95,39,True,True,《探新芳》,太平圖,79,北詞,平調隻曲,探新芳
6609.1,83,36,True,True,《探新芳》,太平圖,79,北詞,平調隻曲,探新芳
6610.1,184,72,True,True,《綵樓春》,太平圖,79,北詞,平調隻曲,綵樓春
6611.1,162,64,True,True,《綵樓春》,太平圖,79,北詞,平調隻曲,綵樓春
6613.1,113,44,True,True,《五抝子》,月令承應,79,北詞,平調隻曲,五抝子
6613.2,96,37,True,True,《五抝子》,月令承應,79,北詞,平調隻曲,五抝子
6614.1,94,33,True,True,《五抝子》,月令承應,79,北詞,平調隻曲,五抝子
6615.1,89,30,True,True,《五抝子》,月令承應,79,北詞,平調隻曲,五抝子
6616.1,247,104,True,True,《瑞龍吟》,太平圖,79,北詞,平調隻曲,瑞龍吟
6617.1,176,63,True,True,《慶千秋》,太平圖,79,北詞,平調隻曲,慶千秋
6619.1,46,21,True,True,《慶餘》,月令承應,79,北詞,平調隻曲,慶餘
6619.2,42,21,True,True,《慶餘》,法宮雅奏,79,北詞,平調隻曲,慶餘
6620.1,41,5,True,False,《慶餘》,董西廂,79,北詞,平調隻曲,慶餘
6620.2,40,4,True,False,《隨煞》,散曲,79,北詞,平調隻曲,隨煞
6631.1,101,35,True,True,《于飛樂》,月令承應,80,北詞,平調套曲,于飛樂
6632.1,84,32,True,True,《于飛樂》,月令承應,80,北詞,平調套曲,于飛樂
6632.2,78,27,True,True,《木蘭花》,月令承應,80,北詞,平調套曲,木蘭花
6633.1,71,27,True,True,《木蘭花》,月令承應,80,北詞,平調套曲,木蘭花
6633.2,75,25,True,True,《糖多令》,月令承應,80,北詞,平調套曲,糖多令
6634.1,68,25,True,True,《糖多令》,月令承應,80,北詞,平調套曲,糖多令
6635.1,42,19,True,True,《煞尾》,月令承應,80,北詞,平調套曲,煞尾
6637.1,178,61,True,True,《文如錦》,月令承應,80,北詞,平調套曲,文如錦
6638.1,160,62,True,True,《文如錦》,月令承應,80,北詞,平調套曲,文如錦
6639.1,41,4,True,False,《煞尾》,月令承應,80,北詞,平調套曲,煞尾
6641.1,66,24,True,True,《糖多令》,月令承應,80,北詞,平調套曲,糖多令
6641.2,75,28,True,True,《木蘭花》,月令承應,80,北詞,平調套曲,木蘭花
6642.1,63,26,True,True,《木蘭花》,月令承應,80,北詞,平調套曲,木蘭花
6642.2,68,26,True,True,《木蘭花》,月令承應,80,北詞,平調套曲,木蘭花
6645.1,81,33,True,True,《牧羊關》,月令承應,80,北詞,平調套曲,牧羊關
6645.2,81,34,True,True,《牧羊關》,月令承應,80,北詞,平調套曲,牧羊關
6646.1,90,32,True,True,《于飛樂》,月令承應,80,北詞,平調套曲,于飛樂
6647.1,79,31,True,True,《于飛樂》,月令承應,80,北詞,平調套曲,于飛樂
6649.1,56,21,True,True,《人月圓》,月令承應,80,北詞,平調套曲,人月圓
6649.2,52,20,True,True,《人月圓》,月令承應,80,北詞,平調套曲,人月圓
6650.1,95,37,True,True,《者剌古》,月令承應,80,北詞,平調套曲,者剌古
6650.2,95,41,True,True,《雪花飛》,月令承應,80,北詞,平調套曲,雪花飛
6651.1,171,79,True,True,《白雪》,月令承應,80,北詞,平調套曲,白雪
6652.1,52,24,True,True,《慶餘》,月令承應,80,北詞,平調套曲,慶餘
6655.1,74,31,True,True,《青玉案》,月令承應,80,北詞,平調套曲,青玉案
6655.2,189,76,True,True,《慶千秋》,月令承應,80,北詞,平調套曲,慶千秋
6656.1,76,32,True,True,《賀聖朝》,月令承應,80,北詞,平調套曲,賀聖朝
6657.1,90,38,True,True,《晝夜樂》,月令承應,80,北詞,平調套曲,晝夜樂
6658.1,95,42,True,True,《白雪》,月令承應,80,北詞,平調套曲,白雪
6659.1,34,3,True,False,《慶餘》,月令承應,80,北詞,平調套曲,慶餘
6661.1,68,24,True,True,《糖多令》,月令承應,80,北詞,平調套曲,糖多令
6661.2,66,24,True,True,《糖多令》,月令承應,80,北詞,平調套曲,糖多令
6662.1,104,41,True,True,《牧羊關》,月令承應,80,北詞,平調套曲,牧羊關
6662.2,107,43,True,True,《牧羊關》,月令承應,80,北詞,平調套曲,牧羊關
6663.1,44,21,True,True,《尾聲》,月令承應,80,北詞,平調套曲,尾聲
6665.1,58,21,True,True,《願成雙》,月令承應,80,北詞,平調套曲,願成雙
6665.2,57,24,True,True,《願成雙》,月令承應,80,北詞,平調套曲,願成雙
6666.1,64,29,True,True,《出隊子》,月令承應,80,北詞,平調套曲,出隊子
6666.2,64,30,True,True,《出隊子》,月令承應,80,北詞,平調套曲,出隊子
6667.1,48,4,True,False,《慶餘》,月令承應,80,北詞,平調套曲,慶餘
6669.1,76,26,True,True,《糖多令》,月令承應,80,北詞,平調套曲,糖多令
6669.2,72,26,True,True,《糖多令》,月令承應,80,北詞,平調套曲,糖多令
6670.1,100,34,True,True,《牧羊關》,月令承應,80,北詞,平調套曲,牧羊關
6670.2,105,39,True,True,《牧羊關》,月令承應,80,北詞,平調套曲,牧羊關
6671.1,53,21,True,True,《慶餘》,月令承應,80,北詞,平調套曲,慶餘
6673.1,84,28,True,True,《木蘭花》,月令承應,80,北詞,平調套曲,木蘭花
6673.2,75,28,True,True,《木蘭花》,月令承應,80,北詞,平調套曲,木蘭花
6674.1,86,31,True,True,《于飛樂》,月令承應,80,北詞,平調套曲,于飛樂
6675.1,85,32,True,True,《于飛樂》,月令承應,80,北詞,平調套曲,于飛樂
6675.2,76,32,True,True,《青玉案》,月令承應,80,北詞,平調套曲,青玉案
6677.1,114,35,True,True,《五抝子》,月令承應,80,北詞,平調套曲,五抝子
6677.2,90,34,True,True,《五抝子》,月令承應,80,北詞,平調套曲,五抝子
6678.1,104,32,True,True,《五抝子》,月令承應,80,北詞,平調套曲,五抝子
6679.1,82,28,True,True,《五抝子》,月令承應,80,北詞,平調套曲,五抝子
6680.1,47,21,True,True,《尾聲》,月令承應,80,北詞,平調套曲,尾聲
6681.1,143,64,True,True,《文如錦》,月令承應,80,北詞,平調套曲,文如錦
6682.1,128,55,True,True,《文如錦》,月令承應,80,北詞,平調套曲,文如錦
6682.2,55,25,True,True,《願成雙》,月令承應,80,北詞,平調套曲,願成雙
6683.1,54,27,True,True,《願成雙》,月令承應,80,北詞,平調套曲,願成雙
6684.1,33,4,True,False,《隨尾》,月令承應,80,北詞,平調套曲,隨尾
6685.1,83,27,True,True,《木蘭花》,月令承應,80,北詞,平調套曲,木蘭花
6685.2,80,26,True,True,《木蘭花》,月令承應,80,北詞,平調套曲,木蘭花
6686.1,98,35,True,True,《于飛樂》,月令承應,80,北詞,平調套曲,于飛樂
6686.2,99,35,True,True,《于飛樂》,月令承應,80,北詞,平調套曲,于飛樂
6687.1,83,31,True,True,《青玉案》,月令承應,80,北詞,平調套曲,青玉案
6688.1,86,27,True,True,《糖多令》,月令承應,80,北詞,平調套曲,糖多令
6688.2,72,25,True,True,《糖多令》,月令承應,80,北詞,平調套曲,糖多令
6689.1,63,25,True,True,《糖多令》,月令承應,80,北詞,平調套曲,糖多令
6690.1,95,37,True,True,《牧羊關》,月令承應,80,北詞,平調套曲,牧羊關
6690.2,102,37,True,True,《牧羊關》,月令承應,80,北詞,平調套曲,牧羊關
6693.1,84,35,True,True,《牧羊關》,月令承應,80,北詞,平調套曲,牧羊關
6693.2,91,36,True,True,《牧羊關》,月令承應,80,北詞,平調套曲,牧羊關
6694.1,89,35,True,True,《牧羊關》,月令承應,80,北詞,平調套曲,牧羊關
6697.1,126,56,True,True,《文如錦》,法宮雅奏,80,北詞,平調套曲,文如錦
6697.2,74,30,True,True,《古神仗兒》,法宮雅奏,80,北詞,平調套曲,古神仗兒
6698.1,62,30,True,True,《願成雙》,法宮雅奏,80,北詞,平調套曲,願成雙
6699.1,64,29,True,True,《願成雙》,法宮雅奏,80,北詞,平調套曲,願成雙
6699.2,47,24,True,True,《慶餘》,法宮雅奏,80,北詞,平調套曲,慶餘
6701.1,193,75,True,True,《綵樓春》,天寶遺事,80,北詞,平調套曲,綵樓春
6702.1,181,71,True,True,《綵樓春》,天寶遺事,80,北詞,平調套曲,綵樓春
6703.1,31,4,True,False,《尾聲》,天寶遺事,80,北詞,平調套曲,尾聲
6707.1,262,104,True,True,《北瑞龍吟》,月令承應,81,合套,平調合套,北瑞龍吟
6709.1,232,111,True,True,《南金鳳釵》,月令承應,81,合套,平調合套,南金鳳釵
6710.1,50,23,True,True,《北願成雙》,月令承應,81,合套,平調合套,北願成雙
6710.2,100,48,True,True,《南馬鞍兒》,月令承應,81,合套,平調合套,南馬鞍兒
6711.1,80,34,True,True,《北于飛樂》,月令承應,81,合套,平調合套,北于飛樂
6711.2,105,25,True,True,《南梧桐賺》,月令承應,81,合套,平調合套,南梧桐賺
6712.1,46,20,True,True,《北人月圓》,月令承應,81,合套,平調合套,北人月圓
6713.1,77,38,True,True,《南道和》,月令承應,81,合套,平調合套,南道和
6713.2,66,28,True,True,《北節節高》,月令承應,81,合套,平調合套,北節節高
6714.1,109,51,True,True,《南排歌》,月令承應,81,合套,平調合套,南排歌
6715.1,41,22,True,True,《北煞尾》,月令承應,81,合套,平調合套,北煞尾
6717.1,104,42,True,True,《北憶漢月》,月令承應,81,合套,平調合套,北憶漢月
6717.2,175,65,True,True,《南四季花》,月令承應,81,合套,平調合套,南四季花
6718.1,84,34,True,True,《北長命女》,月令承應,81,合套,平調合套,北長命女
6719.1,83,38,True,True,《南花覆紅娘子》,月令承應,81,合套,平調合套,南花覆紅娘子
6720.1,72,28,True,True,《北木蘭花》,月令承應,81,合套,平調合套,北木蘭花
6720.2,97,48,True,True,《南馬鞍帶皂羅》,月令承應,81,合套,平調合套,南馬鞍帶皂羅
6721.1,124,53,True,True,《北玉梅令》,月令承應,81,合套,平調合套,北玉梅令
6722.1,51,25,True,True,《南慶時豐》,月令承應,81,合套,平調合套,南慶時豐
6722.2,64,26,True,True,《北糖多令》,月令承應,81,合套,平調合套,北糖多令
6723.1,44,21,True,True,《南凝行雲煞》,月令承應,81,合套,平調合套,南凝行雲煞
6739.1,63,7,True,False,《北新水令》,廣寒法曲,A,合套,仙呂入雙角合套,北新水令
6740.1,225,93,True,True,《南疊字錦》,廣寒法曲,A,合套,仙呂入雙角合套,南疊字錦
6741.1,148,51,True,True,《北折桂令》,廣寒法曲,A,合套,仙呂入雙角合套,北折桂令
6742.1,138,56,True,True,《南醉扶歸》,廣寒法曲,A,合套,仙呂入雙角合套,南醉扶歸
6743.1,64,28,True,True,《北步步嬌》,廣寒法曲,A,合套,仙呂入雙角合套,北步步嬌
6743.2,165,81,True,True,《南桂枝香》,廣寒法曲,A,合套,仙呂入雙角合套,南桂枝香
6744.1,65,31,True,True,《北殿前喜》,廣寒法曲,A,合套,仙呂入雙角合套,北殿前喜
6745.1,143,72,True,True,《南桂花偏南枝》,廣寒法曲,A,合套,仙呂入雙角合套,南桂花偏南枝
6746.1,86,47,True,True,《北小喜人心》,廣寒法曲,A,合套,仙呂入雙角合套,北小喜人心
6746.2,100,53,True,True,《南解三酲》,廣寒法曲,A,合套,仙呂入雙角合套,南解三酲
6747.1,43,18,True,True,《北大喜人心》,廣寒法曲,A,合套,仙呂入雙角合套,北大喜人心
6748.1,84,50,True,True,《南五供養》,廣寒法曲,A,合套,仙呂入雙角合套,南五供養
6749.1,40,20,True,True,《北小將軍》,廣寒法曲,A,合套,仙呂入雙角合套,北小將軍
6749.2,75,49,True,True,《南三月海棠》,廣寒法曲,A,合套,仙呂入雙角合套,南三月海棠
6750.1,33,16,True,True,《北搗練子》,廣寒法曲,A,合套,仙呂入雙角合套,北搗練子
6750.2,79,34,True,True,《南川撥棹》,廣寒法曲,A,合套,仙呂入雙角合套,南川撥棹
6751.1,104,56,True,True,《北離亭宴煞》,廣寒法曲,A,合套,仙呂入雙角合套,北離亭宴煞
6753.1,72,7,True,False,《北早鄉詞》,廣寒法曲,A,合套,仙呂入雙角合套,北早鄉詞
6753.2,175,93,True,True,《南惜奴嬌序》,廣寒法曲,A,合套,仙呂入雙角合套,南惜奴嬌序
6754.1,69,32,True,True,《北風入松》,廣寒法曲,A,合套,仙呂入雙角合套,北風入松
6755.1,71,31,True,True,《南忒忒令》,廣寒法曲,A,合套,仙呂入雙角合套,南忒忒令
6755.2,88,38,True,True,《北攪箏琶》,廣寒法曲,A,合套,仙呂入雙角合套,北攪箏琶
6756.1,115,44,True,True,《南江兒水》,廣寒法曲,A,合套,仙呂入雙角合套,南江兒水
6757.1,109,54,True,True,《北攪箏琶》,廣寒法曲,A,合套,仙呂入雙角合套,北攪箏琶
6757.2,89,38,True,True,《南江兒水》,廣寒法曲,A,合套,仙呂入雙角合套,南江兒水
6758.1,62,36,True,True,《北豆葉黃》,廣寒法曲,A,合套,仙呂入雙角合套,北豆葉黃
6759.1,80,58,True,True,《南玉嬌枝》,廣寒法曲,A,合套,仙呂入雙角合套,南玉嬌枝
6760.1,77,36,True,True,《北月兒彎》,廣寒法曲,A,合套,仙呂入雙角合套,北月兒彎
6760.2,101,54,True,True,《南錦衣香》,廣寒法曲,A,合套,仙呂入雙角合套,南錦衣香
6761.1,69,32,True,True,《北慶豐年》,廣寒法曲,A,合套,仙呂入雙角合套,北慶豐年
6762.1,66,41,True,True,《南漿水令》,廣寒法曲,A,合套,仙呂入雙角合套,南漿水令
6763.1,61,8,True,False,《北尾聲》,廣寒法曲,A,合套,仙呂入雙角合套,北尾聲
6765.1,85,7,True,False,《南眞珠馬》,詞林逸響,A,合套,仙呂入雙角合套,南眞珠馬
6765.2,78,7,True,False,《北新水令》,詞林逸響,A,合套,仙呂入雙角合套,北新水令
6766.1,153,50,True,True,《南步步嬌》,詞林逸響,A,合套,仙呂入雙角合套,南步步嬌
6766.2,76,31,True,True,《北鴈兒落》,詞林逸響,A,合套,仙呂入雙角合套,北鴈兒落
6767.1,195,87,True,True,《南沉醉東風》,詞林逸響,A,合套,仙呂入雙角合套,南沉醉東風
6768.1,109,55,True,True,《北得勝令》,詞林逸響,A,合套,仙呂入雙角合套,北得勝令
6769.1,161,75,True,True,《南忒忒令》,詞林逸響,A,合套,仙呂入雙角合套,南忒忒令
6769.2,84,44,True,True,《北沽美酒》,詞林逸響,A,合套,仙呂入雙角合套,北沽美酒
6770.1,159,80,True,True,《南好姐姐》,詞林逸響,A,合套,仙呂入雙角合套,南好姐姐
6771.1,74,43,True,True,《北川撥棹》,詞林逸響,A,合套,仙呂入雙角合套,北川撥棹
6772.1,158,78,True,True,《南桃紅菊》,詞林逸響,A,合套,仙呂入雙角合套,南桃紅菊
6772.2,108,64,True,True,《北七弟兄》,詞林逸響,A,合套,仙呂入雙角合套,北七弟兄
6773.1,210,91,True,True,《南雙蝴蝶》,詞林逸響,A,合套,仙呂入雙角合套,南雙蝴蝶
6774.1,49,27,True,True,《北阿納忽》,詞林逸響,A,合套,仙呂入雙角合套,北阿納忽
6774.2,146,71,True,True,《南園林好》,詞林逸響,A,合套,仙呂入雙角合套,南園林好
6775.1,55,28,True,True,《北夜行船》,詞林逸響,A,合套,仙呂入雙角合套,北夜行船
6775.2,123,43,True,True,《南川撥棹》,詞林逸響,A,合套,仙呂入雙角合套,南川撥棹
6776.1,74,45,True,True,《北梅花酒》,詞林逸響,A,合套,仙呂入雙角合套,北梅花酒
6777.1,162,60,True,True,《南錦衣香》,詞林逸響,A,合套,仙呂入雙角合套,南錦衣香
6778.1,76,44,True,True,《北收江南》,詞林逸響,A,合套,仙呂入雙角合套,北收江南
6778.2,176,71,True,True,《南漿水令》,詞林逸響,A,合套,仙呂入雙角合套,南漿水令
6780.1,37,4,True,False,《北有結果煞》,詞林逸響,A,合套,仙呂入雙角合套,北有結果煞
6781.1,64,7,True,False,《北新水令》,雍熙樂府,A,合套,仙呂入雙角合套,北新水令
6781.2,161,51,True,True,《南雙令江兒水》,雍熙樂府,A,合套,仙呂入雙角合套,南雙令江兒水
6782.1,116,59,True,True,《北鴈兒落帶得勝令》,雍熙樂府,A,合套,仙呂入雙角合套,北鴈兒落帶得勝令
6783.1,97,54,True,True,《南曉行序》,雍熙樂府,A,合套,仙呂入雙角合套,南曉行序
6784.1,84,51,True,True,《北掛玉鉤》,雍熙樂府,A,合套,仙呂入雙角合套,北掛玉鉤
6785.1,85,50,True,True,《南黑麻序》,雍熙樂府,A,合套,仙呂入雙角合套,南黑麻序
6786.1,103,66,True,True,《北川撥棹帶七弟兄》,雍熙樂府,A,合套,仙呂入雙角合套,北川撥棹帶七弟兄
6787.1,99,57,True,True,《南錦衣香》,雍熙樂府,A,合套,仙呂入雙角合套,南錦衣香
6788.1,151,93,True,True,《北梅花酒帶收江南》,雍熙樂府,A,合套,仙呂入雙角合套,北梅花酒帶收江南
6789.1,85,54,True,True,《南漿水令》,雍熙樂府,A,合套,仙呂入雙角合套,南漿水令
6790.1,31,4,True,False,《北尾聲》,雍熙樂府,A,合套,仙呂入雙角合套,北尾聲
6791.1,75,7,True,False,《北新水令》,雍熙樂府,A,合套,仙呂入雙角合套,北新水令
6791.2,159,51,True,True,《南雙令江兒水》,雍熙樂府,A,合套,仙呂入雙角合套,南雙令江兒水
6792.1,106,59,True,True,《北鴈兒落帶得勝令》,雍熙樂府,A,合套,仙呂入雙角合套,北鴈兒落帶得勝令
6793.1,91,56,True,True,《南漿水令》,雍熙樂府,A,合套,仙呂入雙角合套,南漿水令
6794.1,74,42,True,True,《北川撥棹》,雍熙樂府,A,合套,仙呂入雙角合套,北川撥棹
6795.1,107,57,True,True,《南錦衣香》,雍熙樂府,A,合套,仙呂入雙角合套,南錦衣香
6796.1,71,41,True,True,《北收江南》,雍熙樂府,A,合套,仙呂入雙角合套,北收江南
6797.1,44,22,True,True,《南尾聲》,雍熙樂府,A,合套,仙呂入雙角合套,南尾聲
6799.1,90,7,True,False,《北新水令》,浣紗記,A,合套,仙呂入雙角合套,北新水令
6799.2,127,49,True,True,《南步步嬌》,浣紗記,A,合套,仙呂入雙角合套,南步步嬌
6800.1,63,28,True,True,《北鴈兒落》,浣紗記,A,合套,仙呂入雙角合套,北鴈兒落
6800.2,205,91,True,True,《南沉醉東風》,浣紗記,A,合套,仙呂入雙角合套,南沉醉東風
6801.1,82,45,True,True,《北得勝令》,浣紗記,A,合套,仙呂入雙角合套,北得勝令
6802.1,172,75,True,True,《南忒忒令》,浣紗記,A,合套,仙呂入雙角合套,南忒忒令
6802.2,66,36,True,True,《北沽美酒》,浣紗記,A,合套,仙呂入雙角合套,北沽美酒
6803.1,118,41,True,True,《南好姐姐》,浣紗記,A,合套,仙呂入雙角合套,南好姐姐
6804.1,76,44,True,True,《北川撥棹》,浣紗記,A,合套,仙呂入雙角合套,北川撥棹
6804.2,96,34,True,True,《南園林好》,浣紗記,A,合套,仙呂入雙角合套,南園林好
6805.1,82,45,True,True,《北太平令》,浣紗記,A,合套,仙呂入雙角合套,北太平令
6806.1,103,41,True,True,《南川撥棹》,浣紗記,A,合套,仙呂入雙角合套,南川撥棹
6806.2,78,44,True,True,《北梅花酒》,浣紗記,A,合套,仙呂入雙角合套,北梅花酒
6807.1,141,58,True,True,《南錦衣香》,浣紗記,A,合套,仙呂入雙角合套,南錦衣香
6808.1,78,43,True,True,《北收江南》,浣紗記,A,合套,仙呂入雙角合套,北收江南
6809.1,120,57,True,True,《南漿水令》,浣紗記,A,合套,仙呂入雙角合套,南漿水令
6810.1,65,29,True,True,《北清江引》,浣紗記,A,合套,仙呂入雙角合套,北清江引
6811.1,71,7,True,False,《北新水令》,繡襦記,A,合套,仙呂入雙角合套,北新水令
6811.2,135,51,True,True,《南步步嬌》,繡襦記,A,合套,仙呂入雙角合套,南步步嬌
6812.1,143,53,True,True,《北折桂令》,繡襦記,A,合套,仙呂入雙角合套,北折桂令
6813.1,53,36,True,True,《南園林好》,繡襦記,A,合套,仙呂入雙角合套,南園林好
6813.2,61,31,True,True,《北鴈兒落》,繡襦記,A,合套,仙呂入雙角合套,北鴈兒落
6814.1,116,46,True,True,《南江兒水》,繡襦記,A,合套,仙呂入雙角合套,南江兒水
6815.1,103,58,True,True,《北得勝令》,繡襦記,A,合套,仙呂入雙角合套,北得勝令
6815.2,93,56,True,True,《南玉嬌枝》,繡襦記,A,合套,仙呂入雙角合套,南玉嬌枝
6816.1,146,85,True,True,《北沽美酒帶太平令》,繡襦記,A,合套,仙呂入雙角合套,北沽美酒帶太平令
6817.1,41,23,True,True,《南尾聲》,繡襦記,A,合套,仙呂入雙角合套,南尾聲
6819.1,73,7,True,False,《北新水令》,牡丹亭,A,合套,仙呂入雙角合套,北新水令
6819.2,135,50,True,True,《南步步嬌》,牡丹亭,A,合套,仙呂入雙角合套,南步步嬌
6820.1,199,57,True,True,《北折桂令》,牡丹亭,A,合套,仙呂入雙角合套,北折桂令
6821.1,118,49,True,True,《南江兒水》,牡丹亭,A,合套,仙呂入雙角合套,南江兒水
6822.1,190,98,True,True,《北鴈兒落帶得勝令》,牡丹亭,A,合套,仙呂入雙角合套,北鴈兒落帶得勝令
6823.1,75,39,True,True,《南綵衣舞》,牡丹亭,A,合套,仙呂入雙角合套,南綵衣舞
6824.1,83,46,True,True,《北收江南》,牡丹亭,A,合套,仙呂入雙角合套,北收江南
6825.1,61,36,True,True,《南園林好》,牡丹亭,A,合套,仙呂入雙角合套,南園林好
6825.2,171,90,True,True,《北沽美酒帶太平令》,牡丹亭,A,合套,仙呂入雙角合套,北沽美酒帶太平令
6827.1,65,23,True,True,《南雙煞》,牡丹亭,A,合套,仙呂入雙角合套,南雙煞
6829.1,80,7,True,False,《北新水令》,荊釵記,A,合套,仙呂入雙角合套,北新水令
6829.2,138,49,True,True,《南步步嬌》,荊釵記,A,合套,仙呂入雙角合套,南步步嬌
6830.1,184,104,True,True,《北折桂令》,荊釵記,A,合套,仙呂入雙角合套,北折桂令
6831.1,181,96,True,True,《南江兒水》,荊釵記,A,合套,仙呂入雙角合套,南江兒水
6832.1,140,77,True,True,《北鴈兒落帶得勝令》,荊釵記,A,合套,仙呂入雙角合套,北鴈兒落帶得勝令
6833.1,46,26,True,True,《南僥僥令》,荊釵記,A,合套,仙呂入雙角合套,南僥僥令
6833.2,99,62,True,True,《北收江南》,荊釵記,A,合套,仙呂入雙角合套,北收江南
6834.1,61,35,True,True,《南園林好》,荊釵記,A,合套,仙呂入雙角合套,南園林好
6835.1,143,91,True,True,《北沽美酒帶太平令》,荊釵記,A,合套,仙呂入雙角合套,北沽美酒帶太平令
6836.1,62,30,True,True,《南尾聲》,荊釵記,A,合套,仙呂入雙角合套,南尾聲
6837.1,89,7,True,False,《北新水令》,西樓記,A,合套,仙呂入雙角合套,北新水令
6837.2,133,50,True,True,《南步步嬌》,西樓記,A,合套,仙呂入雙角合套,南步步嬌
6838.1,162,53,True,True,《北折桂令》,西樓記,A,合套,仙呂入雙角合套,北折桂令
6839.1,121,46,True,True,《南江兒水》,西樓記,A,合套,仙呂入雙角合套,南江兒水
6840.1,168,85,True,True,《北鴈兒落帶得勝令》,西樓記,A,合套,仙呂入雙角合套,北鴈兒落帶得勝令
6841.1,41,26,True,True,《南僥僥令》,西樓記,A,合套,仙呂入雙角合套,南僥僥令
6841.2,88,55,True,True,《北收江南》,西樓記,A,合套,仙呂入雙角合套,北收江南
6842.1,60,36,True,True,《南園林好》,西樓記,A,合套,仙呂入雙角合套,南園林好
6842.2,157,94,True,True,《北沽美酒帶太平令》,西樓記,A,合套,仙呂入雙角合套,北沽美酒帶太平令
6844.1,71,29,True,True,《南清江引》,西樓記,A,合套,仙呂入雙角合套,南清江引
6845.1,75,6,True,False,《北新水令》,勸善金科,A,合套,仙呂入雙角合套,北新水令
6845.2,137,68,True,True,《南傍粧臺》,勸善金科,A,合套,仙呂入雙角合套,南傍粧臺
6846.1,132,51,True,True,《北折桂令》,勸善金科,A,合套,仙呂入雙角合套,北折桂令
6847.1,85,30,True,True,《南凉草蟲》,勸善金科,A,合套,仙呂入雙角合套,南凉草蟲
6847.2,116,68,True,True,《北鴈兒落帶得勝令》,勸善金科,A,合套,仙呂入雙角合套,北鴈兒落帶得勝令
6848.1,107,42,True,True,《南一機錦》,勸善金科,A,合套,仙呂入雙角合套,南一機錦
6849.1,59,27,True,True,《北錦上花》,勸善金科,A,合套,仙呂入雙角合套,北錦上花
6850.1,88,41,True,True,《南一盆花》,勸善金科,A,合套,仙呂入雙角合套,南一盆花
6851.1,58,28,True,True,《北錦上花》,勸善金科,A,合套,仙呂入雙角合套,北錦上花
6851.2,42,21,True,True,《南慶餘》,勸善金科,A,合套,仙呂入雙角合套,南慶餘
6853.1,72,7,True,False,《北新水令》,勸善金科,A,合套,仙呂入雙角合套,北新水令
6853.2,117,50,True,True,《南步步嬌》,勸善金科,A,合套,仙呂入雙角合套,南步步嬌
6854.1,144,53,True,True,《北折桂令》,勸善金科,A,合套,仙呂入雙角合套,北折桂令
6855.1,110,47,True,True,《南江兒水》,勸善金科,A,合套,仙呂入雙角合套,南江兒水
6855.2,144,75,True,True,《北鴈兒落帶得勝令》,勸善金科,A,合套,仙呂入雙角合套,北鴈兒落帶得勝令
6856.1,51,29,True,True,《南僥僥令》,勸善金科,A,合套,仙呂入雙角合套,南僥僥令
6857.1,135,73,True,True,《北鴈兒落帶得勝令》,勸善金科,A,合套,仙呂入雙角合套,北鴈兒落帶得勝令
6858.1,50,26,True,True,《南僥僥令》,勸善金科,A,合套,仙呂入雙角合套,南僥僥令
6858.2,154,83,True,True,《北沽美酒帶太平令》,勸善金科,A,合套,仙呂入雙角合套,北沽美酒帶太平令
6859.1,46,21,True,True,《南慶餘》,勸善金科,A,合套,仙呂入雙角合套,南慶餘
